<?xml version="1.0" encoding="UTF-8"?>

<!-- generated on 2025-08-08 04:09:44 by Eclipse SUMO sumo Version 1.23.1
<sumoConfiguration xmlns:xsi="http://www.w3.org/2001/XMLSchema-instance" xsi:noNamespaceSchemaLocation="http://sumo.dlr.de/xsd/sumoConfiguration.xsd">

    <input>
        <net-file value="Desktop\Master Thesis\Network_fin.net.xml"/>
        <route-files value="Desktop\Master Thesis\demand_model_amsterdam.rou.xml"/>
        <additional-files value="Desktop\Master Thesis\Additionnal.add.xml"/>
    </input>

    <output>
        <summary-output value="outputf/summary_coor_alinea_2neigh_method2_K80_target5_56618.xml"/>
        <summary-output.period value="300"/>
        <tripinfo-output value="outputf/tripinfo_coor_alinea_2neigh_method2_K80_target5_56618.xml"/>
    </output>

    <time>
        <begin value="0"/>
        <end value="82800"/>
        <step-length value="1"/>
    </time>

    <processing>
        <time-to-teleport value="-1"/>
    </processing>

    <report>
        <verbose value="true"/>
        <no-step-log value="true"/>
    </report>

    <emissions>
        <device.emissions.period value="10"/>
    </emissions>

    <traci_server>
        <remote-port value="50095"/>
    </traci_server>

    <random_number>
        <seed value="56618"/>
    </random_number>

</sumoConfiguration>
-->

<summary xmlns:xsi="http://www.w3.org/2001/XMLSchema-instance" xsi:noNamespaceSchemaLocation="http://sumo.dlr.de/xsd/summary_file.xsd">
    <step time="0.00" loaded="0" inserted="0" running="0" waiting="0" ended="0" arrived="0" collisions="0" teleports="0" halting="0" stopped="0" meanWaitingTime="-1.00" meanTravelTime="-1.00" meanSpeed="-1.00" meanSpeedRelative="-1.00" duration="0"/>
    <step time="300.00" loaded="174" inserted="174" running="105" waiting="0" ended="69" arrived="69" collisions="0" teleports="0" halting="1" stopped="0" meanWaitingTime="0.36" meanTravelTime="97.19" meanSpeed="26.25" meanSpeedRelative="0.82" duration="1"/>
    <step time="600.00" loaded="365" inserted="364" running="134" waiting="1" ended="230" arrived="230" collisions="0" teleports="0" halting="0" stopped="0" meanWaitingTime="0.50" meanTravelTime="151.33" meanSpeed="24.35" meanSpeedRelative="0.76" duration="2"/>
    <step time="900.00" loaded="541" inserted="541" running="149" waiting="0" ended="392" arrived="392" collisions="0" teleports="0" halting="1" stopped="0" meanWaitingTime="0.43" meanTravelTime="185.07" meanSpeed="25.61" meanSpeedRelative="0.80" duration="1"/>
    <step time="1200.00" loaded="715" inserted="715" running="146" waiting="0" ended="569" arrived="569" collisions="0" teleports="0" halting="0" stopped="0" meanWaitingTime="0.43" meanTravelTime="206.73" meanSpeed="25.52" meanSpeedRelative="0.80" duration="0"/>
    <step time="1500.00" loaded="889" inserted="889" running="141" waiting="0" ended="748" arrived="748" collisions="0" teleports="0" halting="0" stopped="0" meanWaitingTime="0.44" meanTravelTime="215.64" meanSpeed="25.48" meanSpeedRelative="0.80" duration="1"/>
    <step time="1800.00" loaded="1072" inserted="1071" running="154" waiting="1" ended="917" arrived="917" collisions="0" teleports="0" halting="2" stopped="0" meanWaitingTime="0.42" meanTravelTime="222.46" meanSpeed="25.94" meanSpeedRelative="0.81" duration="1"/>
    <step time="2100.00" loaded="1257" inserted="1257" running="170" waiting="0" ended="1087" arrived="1087" collisions="0" teleports="0" halting="0" stopped="0" meanWaitingTime="0.42" meanTravelTime="224.61" meanSpeed="24.71" meanSpeedRelative="0.77" duration="1"/>
    <step time="2400.00" loaded="1446" inserted="1446" running="175" waiting="0" ended="1271" arrived="1271" collisions="1" teleports="1" halting="2" stopped="0" meanWaitingTime="0.42" meanTravelTime="230.43" meanSpeed="25.33" meanSpeedRelative="0.79" duration="1"/>
    <step time="2700.00" loaded="1617" inserted="1616" running="159" waiting="1" ended="1457" arrived="1457" collisions="1" teleports="1" halting="1" stopped="0" meanWaitingTime="0.44" meanTravelTime="234.98" meanSpeed="25.30" meanSpeedRelative="0.79" duration="1"/>
    <step time="3000.00" loaded="1787" inserted="1787" running="138" waiting="0" ended="1649" arrived="1649" collisions="1" teleports="1" halting="2" stopped="0" meanWaitingTime="0.42" meanTravelTime="239.64" meanSpeed="25.43" meanSpeedRelative="0.79" duration="0"/>
    <step time="3300.00" loaded="1952" inserted="1950" running="160" waiting="2" ended="1790" arrived="1790" collisions="1" teleports="1" halting="1" stopped="0" meanWaitingTime="0.42" meanTravelTime="239.56" meanSpeed="25.05" meanSpeedRelative="0.78" duration="1"/>
    <step time="3600.00" loaded="2145" inserted="2145" running="174" waiting="0" ended="1971" arrived="1971" collisions="1" teleports="1" halting="1" stopped="0" meanWaitingTime="0.42" meanTravelTime="243.74" meanSpeed="25.84" meanSpeedRelative="0.81" duration="85"/>
    <step time="3900.00" loaded="2262" inserted="2262" running="109" waiting="0" ended="2153" arrived="2153" collisions="1" teleports="1" halting="1" stopped="0" meanWaitingTime="0.42" meanTravelTime="249.05" meanSpeed="24.62" meanSpeedRelative="0.77" duration="0"/>
    <step time="4200.00" loaded="2367" inserted="2363" running="99" waiting="4" ended="2264" arrived="2264" collisions="1" teleports="1" halting="2" stopped="0" meanWaitingTime="0.84" meanTravelTime="251.64" meanSpeed="25.08" meanSpeedRelative="0.78" duration="1"/>
    <step time="4500.00" loaded="2479" inserted="2479" running="93" waiting="0" ended="2386" arrived="2386" collisions="1" teleports="1" halting="1" stopped="0" meanWaitingTime="0.94" meanTravelTime="252.20" meanSpeed="24.32" meanSpeedRelative="0.76" duration="1"/>
    <step time="4800.00" loaded="2576" inserted="2575" running="90" waiting="1" ended="2485" arrived="2485" collisions="1" teleports="1" halting="0" stopped="0" meanWaitingTime="0.94" meanTravelTime="252.49" meanSpeed="23.87" meanSpeedRelative="0.75" duration="0"/>
    <step time="5100.00" loaded="2689" inserted="2681" running="90" waiting="8" ended="2591" arrived="2591" collisions="1" teleports="1" halting="0" stopped="0" meanWaitingTime="1.39" meanTravelTime="253.18" meanSpeed="24.11" meanSpeedRelative="0.75" duration="0"/>
    <step time="5400.00" loaded="2789" inserted="2785" running="90" waiting="4" ended="2695" arrived="2695" collisions="1" teleports="1" halting="1" stopped="0" meanWaitingTime="2.03" meanTravelTime="254.07" meanSpeed="25.02" meanSpeedRelative="0.78" duration="1"/>
    <step time="5700.00" loaded="2898" inserted="2898" running="96" waiting="0" ended="2802" arrived="2802" collisions="1" teleports="1" halting="1" stopped="0" meanWaitingTime="2.06" meanTravelTime="253.63" meanSpeed="26.09" meanSpeedRelative="0.82" duration="0"/>
    <step time="6000.00" loaded="2981" inserted="2981" running="73" waiting="0" ended="2908" arrived="2908" collisions="1" teleports="1" halting="0" stopped="0" meanWaitingTime="2.00" meanTravelTime="253.83" meanSpeed="26.20" meanSpeedRelative="0.82" duration="1"/>
    <step time="6300.00" loaded="3098" inserted="3098" running="85" waiting="0" ended="3013" arrived="3013" collisions="1" teleports="1" halting="1" stopped="0" meanWaitingTime="1.94" meanTravelTime="254.32" meanSpeed="25.65" meanSpeedRelative="0.80" duration="1"/>
    <step time="6600.00" loaded="3225" inserted="3225" running="108" waiting="0" ended="3117" arrived="3117" collisions="2" teleports="2" halting="0" stopped="0" meanWaitingTime="1.89" meanTravelTime="253.35" meanSpeed="24.46" meanSpeedRelative="0.76" duration="1"/>
    <step time="6900.00" loaded="3322" inserted="3322" running="98" waiting="0" ended="3224" arrived="3224" collisions="2" teleports="2" halting="0" stopped="0" meanWaitingTime="1.83" meanTravelTime="254.12" meanSpeed="25.86" meanSpeedRelative="0.81" duration="0"/>
    <step time="7200.00" loaded="3433" inserted="3433" running="82" waiting="0" ended="3351" arrived="3351" collisions="2" teleports="2" halting="1" stopped="0" meanWaitingTime="1.78" meanTravelTime="254.52" meanSpeed="24.57" meanSpeedRelative="0.77" duration="86"/>
    <step time="7500.00" loaded="3588" inserted="3582" running="106" waiting="6" ended="3476" arrived="3476" collisions="3" teleports="3" halting="3" stopped="0" meanWaitingTime="1.74" meanTravelTime="253.36" meanSpeed="24.14" meanSpeedRelative="0.75" duration="0"/>
    <step time="7800.00" loaded="3725" inserted="3718" running="119" waiting="7" ended="3599" arrived="3599" collisions="3" teleports="3" halting="0" stopped="0" meanWaitingTime="2.03" meanTravelTime="252.90" meanSpeed="23.73" meanSpeedRelative="0.74" duration="1"/>
    <step time="8100.00" loaded="3890" inserted="3880" running="141" waiting="10" ended="3739" arrived="3739" collisions="3" teleports="3" halting="2" stopped="0" meanWaitingTime="2.61" meanTravelTime="252.64" meanSpeed="24.11" meanSpeedRelative="0.75" duration="1"/>
    <step time="8400.00" loaded="4039" inserted="4015" running="132" waiting="24" ended="3883" arrived="3883" collisions="3" teleports="3" halting="2" stopped="0" meanWaitingTime="3.33" meanTravelTime="253.63" meanSpeed="24.87" meanSpeedRelative="0.78" duration="1"/>
    <step time="8700.00" loaded="4186" inserted="4162" running="127" waiting="24" ended="4035" arrived="4035" collisions="3" teleports="3" halting="0" stopped="0" meanWaitingTime="4.82" meanTravelTime="254.18" meanSpeed="25.51" meanSpeedRelative="0.80" duration="1"/>
    <step time="9000.00" loaded="4339" inserted="4324" running="138" waiting="15" ended="4186" arrived="4186" collisions="3" teleports="3" halting="1" stopped="0" meanWaitingTime="6.44" meanTravelTime="254.16" meanSpeed="24.39" meanSpeedRelative="0.76" duration="0"/>
    <step time="9300.00" loaded="4499" inserted="4472" running="138" waiting="27" ended="4334" arrived="4334" collisions="3" teleports="3" halting="3" stopped="0" meanWaitingTime="7.55" meanTravelTime="254.87" meanSpeed="23.72" meanSpeedRelative="0.74" duration="1"/>
    <step time="9600.00" loaded="4644" inserted="4610" running="122" waiting="34" ended="4488" arrived="4488" collisions="3" teleports="3" halting="6" stopped="0" meanWaitingTime="8.80" meanTravelTime="256.13" meanSpeed="23.85" meanSpeedRelative="0.75" duration="1"/>
    <step time="9900.00" loaded="4807" inserted="4759" running="126" waiting="48" ended="4633" arrived="4633" collisions="3" teleports="3" halting="1" stopped="0" meanWaitingTime="10.45" meanTravelTime="256.25" meanSpeed="24.48" meanSpeedRelative="0.77" duration="1"/>
    <step time="10200.00" loaded="4963" inserted="4914" running="141" waiting="49" ended="4773" arrived="4773" collisions="4" teleports="4" halting="3" stopped="0" meanWaitingTime="12.40" meanTravelTime="256.55" meanSpeed="23.87" meanSpeedRelative="0.75" duration="1"/>
    <step time="10500.00" loaded="5119" inserted="5064" running="133" waiting="55" ended="4931" arrived="4931" collisions="4" teleports="4" halting="2" stopped="0" meanWaitingTime="14.76" meanTravelTime="256.17" meanSpeed="23.96" meanSpeedRelative="0.75" duration="0"/>
    <step time="10800.00" loaded="5275" inserted="5220" running="133" waiting="55" ended="5087" arrived="5087" collisions="4" teleports="4" halting="0" stopped="0" meanWaitingTime="16.88" meanTravelTime="256.56" meanSpeed="25.25" meanSpeedRelative="0.79" duration="87"/>
    <step time="11100.00" loaded="5432" inserted="5370" running="122" waiting="62" ended="5248" arrived="5248" collisions="4" teleports="4" halting="2" stopped="0" meanWaitingTime="19.53" meanTravelTime="256.33" meanSpeed="23.14" meanSpeedRelative="0.72" duration="1"/>
    <step time="11400.00" loaded="5578" inserted="5515" running="121" waiting="63" ended="5394" arrived="5394" collisions="4" teleports="4" halting="2" stopped="0" meanWaitingTime="21.75" meanTravelTime="255.54" meanSpeed="24.28" meanSpeedRelative="0.76" duration="1"/>
    <step time="11700.00" loaded="5735" inserted="5661" running="113" waiting="74" ended="5548" arrived="5548" collisions="4" teleports="4" halting="1" stopped="0" meanWaitingTime="24.05" meanTravelTime="255.64" meanSpeed="25.02" meanSpeedRelative="0.78" duration="0"/>
    <step time="12000.00" loaded="5905" inserted="5814" running="110" waiting="91" ended="5704" arrived="5704" collisions="5" teleports="5" halting="3" stopped="0" meanWaitingTime="26.89" meanTravelTime="254.60" meanSpeed="23.76" meanSpeedRelative="0.74" duration="1"/>
    <step time="12300.00" loaded="6058" inserted="5961" running="119" waiting="97" ended="5842" arrived="5842" collisions="6" teleports="6" halting="2" stopped="0" meanWaitingTime="29.35" meanTravelTime="253.53" meanSpeed="24.77" meanSpeedRelative="0.77" duration="1"/>
    <step time="12600.00" loaded="6216" inserted="6111" running="113" waiting="105" ended="5998" arrived="5998" collisions="6" teleports="6" halting="1" stopped="0" meanWaitingTime="32.54" meanTravelTime="253.22" meanSpeed="24.35" meanSpeedRelative="0.76" duration="1"/>
    <step time="12900.00" loaded="6378" inserted="6272" running="139" waiting="106" ended="6133" arrived="6133" collisions="6" teleports="6" halting="2" stopped="0" meanWaitingTime="35.91" meanTravelTime="253.09" meanSpeed="25.12" meanSpeedRelative="0.78" duration="1"/>
    <step time="13200.00" loaded="6546" inserted="6432" running="133" waiting="114" ended="6299" arrived="6299" collisions="6" teleports="6" halting="3" stopped="0" meanWaitingTime="38.90" meanTravelTime="252.79" meanSpeed="24.90" meanSpeedRelative="0.78" duration="1"/>
    <step time="13500.00" loaded="6695" inserted="6576" running="116" waiting="119" ended="6460" arrived="6460" collisions="6" teleports="6" halting="0" stopped="0" meanWaitingTime="43.05" meanTravelTime="252.69" meanSpeed="25.32" meanSpeedRelative="0.79" duration="0"/>
    <step time="13800.00" loaded="6864" inserted="6745" running="144" waiting="119" ended="6601" arrived="6601" collisions="6" teleports="6" halting="1" stopped="0" meanWaitingTime="46.74" meanTravelTime="252.88" meanSpeed="24.15" meanSpeedRelative="0.75" duration="1"/>
    <step time="14100.00" loaded="7008" inserted="6875" running="117" waiting="133" ended="6758" arrived="6758" collisions="6" teleports="6" halting="3" stopped="0" meanWaitingTime="50.50" meanTravelTime="252.56" meanSpeed="23.23" meanSpeedRelative="0.73" duration="1"/>
    <step time="14400.00" loaded="7158" inserted="7021" running="118" waiting="137" ended="6903" arrived="6903" collisions="6" teleports="6" halting="1" stopped="0" meanWaitingTime="53.80" meanTravelTime="253.01" meanSpeed="24.28" meanSpeedRelative="0.76" duration="86"/>
    <step time="14700.00" loaded="7259" inserted="7123" running="94" waiting="136" ended="7029" arrived="7029" collisions="7" teleports="7" halting="1" stopped="0" meanWaitingTime="57.19" meanTravelTime="252.79" meanSpeed="24.16" meanSpeedRelative="0.75" duration="1"/>
    <step time="15000.00" loaded="7343" inserted="7215" running="77" waiting="128" ended="7138" arrived="7138" collisions="7" teleports="7" halting="3" stopped="0" meanWaitingTime="60.97" meanTravelTime="253.56" meanSpeed="24.03" meanSpeedRelative="0.75" duration="0"/>
    <step time="15300.00" loaded="7445" inserted="7310" running="73" waiting="135" ended="7237" arrived="7237" collisions="7" teleports="7" halting="5" stopped="0" meanWaitingTime="64.54" meanTravelTime="253.88" meanSpeed="22.57" meanSpeedRelative="0.71" duration="0"/>
    <step time="15600.00" loaded="7550" inserted="7417" running="88" waiting="133" ended="7329" arrived="7329" collisions="7" teleports="7" halting="0" stopped="0" meanWaitingTime="68.21" meanTravelTime="253.60" meanSpeed="24.74" meanSpeedRelative="0.77" duration="0"/>
    <step time="15900.00" loaded="7640" inserted="7513" running="66" waiting="127" ended="7447" arrived="7447" collisions="7" teleports="7" halting="1" stopped="0" meanWaitingTime="73.08" meanTravelTime="253.14" meanSpeed="24.95" meanSpeedRelative="0.78" duration="0"/>
    <step time="16200.00" loaded="7752" inserted="7630" running="89" waiting="122" ended="7541" arrived="7541" collisions="7" teleports="7" halting="3" stopped="0" meanWaitingTime="77.78" meanTravelTime="252.65" meanSpeed="24.33" meanSpeedRelative="0.76" duration="0"/>
    <step time="16500.00" loaded="7852" inserted="7733" running="71" waiting="119" ended="7662" arrived="7662" collisions="7" teleports="7" halting="0" stopped="0" meanWaitingTime="81.74" meanTravelTime="252.35" meanSpeed="25.60" meanSpeedRelative="0.80" duration="1"/>
    <step time="16800.00" loaded="7946" inserted="7830" running="71" waiting="116" ended="7759" arrived="7759" collisions="7" teleports="7" halting="1" stopped="0" meanWaitingTime="86.09" meanTravelTime="251.94" meanSpeed="24.53" meanSpeedRelative="0.77" duration="0"/>
    <step time="17100.00" loaded="8037" inserted="7925" running="77" waiting="112" ended="7848" arrived="7848" collisions="8" teleports="8" halting="3" stopped="0" meanWaitingTime="90.27" meanTravelTime="251.63" meanSpeed="24.48" meanSpeedRelative="0.76" duration="0"/>
    <step time="17400.00" loaded="8143" inserted="8031" running="76" waiting="112" ended="7955" arrived="7955" collisions="8" teleports="8" halting="2" stopped="0" meanWaitingTime="93.56" meanTravelTime="251.15" meanSpeed="23.41" meanSpeedRelative="0.73" duration="1"/>
    <step time="17700.00" loaded="8246" inserted="8139" running="86" waiting="107" ended="8053" arrived="8053" collisions="8" teleports="8" halting="0" stopped="0" meanWaitingTime="96.66" meanTravelTime="250.75" meanSpeed="23.98" meanSpeedRelative="0.75" duration="1"/>
    <step time="18000.00" loaded="8349" inserted="8245" running="79" waiting="104" ended="8166" arrived="8166" collisions="8" teleports="8" halting="2" stopped="0" meanWaitingTime="100.05" meanTravelTime="250.66" meanSpeed="24.44" meanSpeedRelative="0.76" duration="80"/>
    <step time="18300.00" loaded="8554" inserted="8430" running="136" waiting="124" ended="8294" arrived="8294" collisions="8" teleports="8" halting="3" stopped="0" meanWaitingTime="102.18" meanTravelTime="249.93" meanSpeed="24.69" meanSpeedRelative="0.77" duration="1"/>
    <step time="18600.00" loaded="8754" inserted="8612" running="153" waiting="142" ended="8459" arrived="8459" collisions="8" teleports="8" halting="1" stopped="0" meanWaitingTime="104.18" meanTravelTime="249.22" meanSpeed="24.27" meanSpeedRelative="0.76" duration="1"/>
    <step time="18900.00" loaded="8935" inserted="8783" running="147" waiting="152" ended="8636" arrived="8636" collisions="9" teleports="9" halting="5" stopped="0" meanWaitingTime="106.42" meanTravelTime="249.03" meanSpeed="22.97" meanSpeedRelative="0.72" duration="1"/>
    <step time="19200.00" loaded="9113" inserted="8956" running="146" waiting="157" ended="8810" arrived="8810" collisions="9" teleports="9" halting="7" stopped="0" meanWaitingTime="108.03" meanTravelTime="249.28" meanSpeed="23.65" meanSpeedRelative="0.74" duration="1"/>
    <step time="19500.00" loaded="9297" inserted="9127" running="151" waiting="170" ended="8976" arrived="8976" collisions="9" teleports="9" halting="2" stopped="0" meanWaitingTime="109.83" meanTravelTime="249.46" meanSpeed="24.14" meanSpeedRelative="0.75" duration="1"/>
    <step time="19800.00" loaded="9498" inserted="9321" running="148" waiting="177" ended="9173" arrived="9173" collisions="9" teleports="9" halting="1" stopped="0" meanWaitingTime="112.03" meanTravelTime="249.52" meanSpeed="24.86" meanSpeedRelative="0.78" duration="1"/>
    <step time="20100.00" loaded="9687" inserted="9497" running="141" waiting="190" ended="9356" arrived="9356" collisions="9" teleports="9" halting="2" stopped="0" meanWaitingTime="114.01" meanTravelTime="249.20" meanSpeed="24.50" meanSpeedRelative="0.77" duration="1"/>
    <step time="20400.00" loaded="9881" inserted="9673" running="142" waiting="208" ended="9531" arrived="9531" collisions="9" teleports="9" halting="0" stopped="0" meanWaitingTime="115.86" meanTravelTime="249.25" meanSpeed="23.94" meanSpeedRelative="0.75" duration="0"/>
    <step time="20700.00" loaded="10075" inserted="9864" running="146" waiting="211" ended="9718" arrived="9718" collisions="9" teleports="9" halting="1" stopped="0" meanWaitingTime="118.56" meanTravelTime="248.67" meanSpeed="24.22" meanSpeedRelative="0.76" duration="1"/>
    <step time="21000.00" loaded="10266" inserted="10039" running="153" waiting="227" ended="9886" arrived="9886" collisions="9" teleports="9" halting="1" stopped="0" meanWaitingTime="121.71" meanTravelTime="248.46" meanSpeed="25.33" meanSpeedRelative="0.79" duration="1"/>
    <step time="21300.00" loaded="10462" inserted="10228" running="150" waiting="234" ended="10078" arrived="10078" collisions="9" teleports="9" halting="7" stopped="0" meanWaitingTime="124.51" meanTravelTime="248.67" meanSpeed="23.33" meanSpeedRelative="0.73" duration="1"/>
    <step time="21600.00" loaded="10654" inserted="10406" running="146" waiting="248" ended="10260" arrived="10260" collisions="9" teleports="9" halting="2" stopped="0" meanWaitingTime="127.10" meanTravelTime="248.51" meanSpeed="23.91" meanSpeedRelative="0.75" duration="79"/>
    <step time="21900.00" loaded="11136" inserted="10807" running="311" waiting="329" ended="10496" arrived="10496" collisions="10" teleports="10" halting="3" stopped="0" meanWaitingTime="131.15" meanTravelTime="247.88" meanSpeed="22.41" meanSpeedRelative="0.70" duration="2"/>
    <step time="22200.00" loaded="11637" inserted="11215" running="374" waiting="422" ended="10841" arrived="10841" collisions="10" teleports="10" halting="5" stopped="0" meanWaitingTime="137.13" meanTravelTime="247.22" meanSpeed="22.77" meanSpeedRelative="0.71" duration="2"/>
    <step time="22500.00" loaded="12109" inserted="11622" running="406" waiting="487" ended="11216" arrived="11216" collisions="10" teleports="10" halting="6" stopped="0" meanWaitingTime="142.34" meanTravelTime="248.16" meanSpeed="21.10" meanSpeedRelative="0.66" duration="2"/>
    <step time="22800.00" loaded="12575" inserted="12012" running="415" waiting="563" ended="11597" arrived="11597" collisions="10" teleports="10" halting="5" stopped="0" meanWaitingTime="147.19" meanTravelTime="250.35" meanSpeed="21.66" meanSpeedRelative="0.68" duration="3"/>
    <step time="23100.00" loaded="13083" inserted="12448" running="457" waiting="635" ended="11991" arrived="11991" collisions="10" teleports="10" halting="9" stopped="0" meanWaitingTime="152.26" meanTravelTime="252.05" meanSpeed="20.81" meanSpeedRelative="0.65" duration="3"/>
    <step time="23400.00" loaded="13537" inserted="12814" running="440" waiting="723" ended="12374" arrived="12374" collisions="12" teleports="12" halting="4" stopped="0" meanWaitingTime="157.45" meanTravelTime="254.51" meanSpeed="21.33" meanSpeedRelative="0.67" duration="3"/>
    <step time="23700.00" loaded="14025" inserted="13209" running="443" waiting="816" ended="12766" arrived="12766" collisions="13" teleports="13" halting="3" stopped="0" meanWaitingTime="164.43" meanTravelTime="257.25" meanSpeed="20.84" meanSpeedRelative="0.65" duration="2"/>
    <step time="24000.00" loaded="14454" inserted="13595" running="402" waiting="859" ended="13193" arrived="13193" collisions="14" teleports="14" halting="8" stopped="0" meanWaitingTime="172.47" meanTravelTime="259.90" meanSpeed="21.64" meanSpeedRelative="0.68" duration="3"/>
    <step time="24300.00" loaded="14935" inserted="14001" running="426" waiting="934" ended="13575" arrived="13575" collisions="16" teleports="16" halting="11" stopped="0" meanWaitingTime="181.05" meanTravelTime="261.41" meanSpeed="20.35" meanSpeedRelative="0.64" duration="3"/>
    <step time="24600.00" loaded="15396" inserted="14411" running="445" waiting="985" ended="13966" arrived="13966" collisions="16" teleports="16" halting="2" stopped="0" meanWaitingTime="189.73" meanTravelTime="262.47" meanSpeed="20.66" meanSpeedRelative="0.65" duration="2"/>
    <step time="24900.00" loaded="15861" inserted="14813" running="437" waiting="1048" ended="14376" arrived="14376" collisions="16" teleports="16" halting="5" stopped="0" meanWaitingTime="199.56" meanTravelTime="264.90" meanSpeed="21.43" meanSpeedRelative="0.67" duration="4"/>
    <step time="25200.00" loaded="16270" inserted="15186" running="423" waiting="1084" ended="14763" arrived="14763" collisions="17" teleports="17" halting="11" stopped="0" meanWaitingTime="209.45" meanTravelTime="266.53" meanSpeed="20.55" meanSpeedRelative="0.64" duration="85"/>
    <step time="25500.00" loaded="16809" inserted="15607" running="448" waiting="1202" ended="15159" arrived="15159" collisions="18" teleports="18" halting="2" stopped="0" meanWaitingTime="219.46" meanTravelTime="268.13" meanSpeed="20.78" meanSpeedRelative="0.65" duration="3"/>
    <step time="25800.00" loaded="17339" inserted="16041" running="472" waiting="1298" ended="15569" arrived="15569" collisions="18" teleports="18" halting="9" stopped="0" meanWaitingTime="230.56" meanTravelTime="269.16" meanSpeed="20.64" meanSpeedRelative="0.65" duration="3"/>
    <step time="26100.00" loaded="17899" inserted="16502" running="492" waiting="1397" ended="16010" arrived="16010" collisions="19" teleports="19" halting="12" stopped="0" meanWaitingTime="243.03" meanTravelTime="270.69" meanSpeed="18.87" meanSpeedRelative="0.59" duration="2"/>
    <step time="26400.00" loaded="18464" inserted="16963" running="521" waiting="1501" ended="16442" arrived="16442" collisions="20" teleports="20" halting="6" stopped="0" meanWaitingTime="254.88" meanTravelTime="272.18" meanSpeed="19.50" meanSpeedRelative="0.61" duration="4"/>
    <step time="26700.00" loaded="19018" inserted="17413" running="524" waiting="1605" ended="16889" arrived="16889" collisions="20" teleports="20" halting="2" stopped="0" meanWaitingTime="269.38" meanTravelTime="273.90" meanSpeed="19.29" meanSpeedRelative="0.60" duration="5"/>
    <step time="27000.00" loaded="19590" inserted="17885" running="527" waiting="1705" ended="17358" arrived="17358" collisions="20" teleports="20" halting="8" stopped="0" meanWaitingTime="284.52" meanTravelTime="275.40" meanSpeed="18.62" meanSpeedRelative="0.58" duration="2"/>
    <step time="27300.00" loaded="20177" inserted="18365" running="553" waiting="1812" ended="17812" arrived="17812" collisions="23" teleports="23" halting="8" stopped="0" meanWaitingTime="299.35" meanTravelTime="277.35" meanSpeed="17.60" meanSpeedRelative="0.55" duration="3"/>
    <step time="27600.00" loaded="20714" inserted="18801" running="529" waiting="1913" ended="18272" arrived="18272" collisions="24" teleports="24" halting="5" stopped="0" meanWaitingTime="313.94" meanTravelTime="279.06" meanSpeed="18.35" meanSpeedRelative="0.57" duration="3"/>
    <step time="27900.00" loaded="21273" inserted="19278" running="533" waiting="1995" ended="18745" arrived="18745" collisions="26" teleports="26" halting="6" stopped="0" meanWaitingTime="329.63" meanTravelTime="280.34" meanSpeed="18.53" meanSpeedRelative="0.58" duration="4"/>
    <step time="28200.00" loaded="21894" inserted="19748" running="539" waiting="2146" ended="19209" arrived="19209" collisions="26" teleports="26" halting="3" stopped="0" meanWaitingTime="344.84" meanTravelTime="282.05" meanSpeed="18.70" meanSpeedRelative="0.58" duration="3"/>
    <step time="28500.00" loaded="22444" inserted="20219" running="566" waiting="2225" ended="19653" arrived="19653" collisions="27" teleports="27" halting="6" stopped="0" meanWaitingTime="360.68" meanTravelTime="283.86" meanSpeed="17.86" meanSpeedRelative="0.56" duration="3"/>
    <step time="28800.00" loaded="23007" inserted="20691" running="592" waiting="2316" ended="20099" arrived="20099" collisions="29" teleports="29" halting="3" stopped="0" meanWaitingTime="376.75" meanTravelTime="285.22" meanSpeed="17.66" meanSpeedRelative="0.55" duration="88"/>
    <step time="29100.00" loaded="23376" inserted="21117" running="519" waiting="2259" ended="20598" arrived="20598" collisions="30" teleports="30" halting="4" stopped="0" meanWaitingTime="393.01" meanTravelTime="287.59" meanSpeed="18.19" meanSpeedRelative="0.57" duration="2"/>
    <step time="29400.00" loaded="23726" inserted="21555" running="535" waiting="2171" ended="21020" arrived="21020" collisions="30" teleports="30" halting="9" stopped="0" meanWaitingTime="410.16" meanTravelTime="289.00" meanSpeed="17.77" meanSpeedRelative="0.56" duration="3"/>
    <step time="29700.00" loaded="24102" inserted="21974" running="535" waiting="2128" ended="21439" arrived="21439" collisions="32" teleports="32" halting="9" stopped="0" meanWaitingTime="426.69" meanTravelTime="290.56" meanSpeed="16.97" meanSpeedRelative="0.53" duration="3"/>
    <step time="30000.00" loaded="24454" inserted="22387" running="509" waiting="2067" ended="21878" arrived="21878" collisions="34" teleports="34" halting="5" stopped="0" meanWaitingTime="443.28" meanTravelTime="292.59" meanSpeed="18.23" meanSpeedRelative="0.57" duration="3"/>
    <step time="30300.00" loaded="24837" inserted="22823" running="504" waiting="2014" ended="22319" arrived="22319" collisions="34" teleports="34" halting="2" stopped="0" meanWaitingTime="458.67" meanTravelTime="293.95" meanSpeed="18.68" meanSpeedRelative="0.58" duration="3"/>
    <step time="30600.00" loaded="25179" inserted="23260" running="521" waiting="1919" ended="22739" arrived="22739" collisions="35" teleports="35" halting="5" stopped="0" meanWaitingTime="473.19" meanTravelTime="294.99" meanSpeed="19.12" meanSpeedRelative="0.60" duration="2"/>
    <step time="30900.00" loaded="25550" inserted="23653" running="459" waiting="1897" ended="23194" arrived="23194" collisions="36" teleports="36" halting="9" stopped="0" meanWaitingTime="484.88" meanTravelTime="296.52" meanSpeed="19.35" meanSpeedRelative="0.60" duration="2"/>
    <step time="31200.00" loaded="25897" inserted="24051" running="432" waiting="1846" ended="23619" arrived="23619" collisions="36" teleports="36" halting="8" stopped="0" meanWaitingTime="496.74" meanTravelTime="297.22" meanSpeed="19.43" meanSpeedRelative="0.61" duration="3"/>
    <step time="31500.00" loaded="26223" inserted="24440" running="400" waiting="1783" ended="24040" arrived="24040" collisions="37" teleports="37" halting="4" stopped="0" meanWaitingTime="507.15" meanTravelTime="297.94" meanSpeed="20.64" meanSpeedRelative="0.64" duration="2"/>
    <step time="31800.00" loaded="26549" inserted="24825" running="408" waiting="1724" ended="24417" arrived="24417" collisions="38" teleports="38" halting="7" stopped="0" meanWaitingTime="516.52" meanTravelTime="298.05" meanSpeed="21.01" meanSpeedRelative="0.66" duration="4"/>
    <step time="32100.00" loaded="26877" inserted="25202" running="420" waiting="1675" ended="24782" arrived="24782" collisions="38" teleports="38" halting="4" stopped="0" meanWaitingTime="526.96" meanTravelTime="298.35" meanSpeed="20.67" meanSpeedRelative="0.65" duration="3"/>
    <step time="32400.00" loaded="27250" inserted="25587" running="406" waiting="1663" ended="25181" arrived="25181" collisions="38" teleports="38" halting="8" stopped="0" meanWaitingTime="536.55" meanTravelTime="298.90" meanSpeed="20.53" meanSpeedRelative="0.64" duration="87"/>
    <step time="32700.00" loaded="27511" inserted="25884" running="285" waiting="1627" ended="25599" arrived="25599" collisions="38" teleports="38" halting="1" stopped="0" meanWaitingTime="548.29" meanTravelTime="299.03" meanSpeed="21.57" meanSpeedRelative="0.67" duration="2"/>
    <step time="33000.00" loaded="27793" inserted="26195" running="258" waiting="1598" ended="25937" arrived="25937" collisions="39" teleports="39" halting="3" stopped="0" meanWaitingTime="560.53" meanTravelTime="298.80" meanSpeed="22.48" meanSpeedRelative="0.70" duration="1"/>
    <step time="33300.00" loaded="28044" inserted="26484" running="254" waiting="1560" ended="26230" arrived="26230" collisions="39" teleports="39" halting="6" stopped="0" meanWaitingTime="572.58" meanTravelTime="298.33" meanSpeed="23.33" meanSpeedRelative="0.73" duration="2"/>
    <step time="33600.00" loaded="28294" inserted="26774" running="239" waiting="1520" ended="26535" arrived="26535" collisions="39" teleports="39" halting="3" stopped="0" meanWaitingTime="585.20" meanTravelTime="297.81" meanSpeed="23.77" meanSpeedRelative="0.74" duration="2"/>
    <step time="33900.00" loaded="28556" inserted="27058" running="243" waiting="1498" ended="26815" arrived="26815" collisions="39" teleports="39" halting="5" stopped="0" meanWaitingTime="595.44" meanTravelTime="297.38" meanSpeed="22.99" meanSpeedRelative="0.72" duration="2"/>
    <step time="34200.00" loaded="28830" inserted="27354" running="246" waiting="1476" ended="27108" arrived="27108" collisions="39" teleports="39" halting="7" stopped="0" meanWaitingTime="607.00" meanTravelTime="296.99" meanSpeed="22.59" meanSpeedRelative="0.71" duration="2"/>
    <step time="34500.00" loaded="29076" inserted="27642" running="251" waiting="1434" ended="27391" arrived="27391" collisions="39" teleports="39" halting="6" stopped="0" meanWaitingTime="618.89" meanTravelTime="296.49" meanSpeed="22.40" meanSpeedRelative="0.70" duration="2"/>
    <step time="34800.00" loaded="29351" inserted="27951" running="266" waiting="1400" ended="27685" arrived="27685" collisions="40" teleports="40" halting="3" stopped="0" meanWaitingTime="630.46" meanTravelTime="296.05" meanSpeed="22.43" meanSpeedRelative="0.70" duration="2"/>
    <step time="35100.00" loaded="29591" inserted="28239" running="251" waiting="1352" ended="27988" arrived="27988" collisions="40" teleports="40" halting="5" stopped="0" meanWaitingTime="642.21" meanTravelTime="295.68" meanSpeed="22.71" meanSpeedRelative="0.71" duration="2"/>
    <step time="35400.00" loaded="29881" inserted="28557" running="289" waiting="1324" ended="28268" arrived="28268" collisions="40" teleports="40" halting="2" stopped="0" meanWaitingTime="651.35" meanTravelTime="295.53" meanSpeed="22.04" meanSpeedRelative="0.69" duration="2"/>
    <step time="35700.00" loaded="30155" inserted="28872" running="297" waiting="1283" ended="28575" arrived="28575" collisions="40" teleports="40" halting="2" stopped="0" meanWaitingTime="661.51" meanTravelTime="295.19" meanSpeed="22.76" meanSpeedRelative="0.71" duration="2"/>
    <step time="36000.00" loaded="30420" inserted="29172" running="278" waiting="1248" ended="28894" arrived="28894" collisions="43" teleports="43" halting="6" stopped="0" meanWaitingTime="672.11" meanTravelTime="295.06" meanSpeed="22.31" meanSpeedRelative="0.70" duration="84"/>
    <step time="36300.00" loaded="30907" inserted="29616" running="392" waiting="1291" ended="29224" arrived="29224" collisions="43" teleports="43" halting="3" stopped="0" meanWaitingTime="679.27" meanTravelTime="294.68" meanSpeed="21.52" meanSpeedRelative="0.67" duration="2"/>
    <step time="36600.00" loaded="31331" inserted="30047" running="445" waiting="1284" ended="29602" arrived="29602" collisions="44" teleports="44" halting="6" stopped="0" meanWaitingTime="686.33" meanTravelTime="294.58" meanSpeed="21.06" meanSpeedRelative="0.66" duration="3"/>
    <step time="36900.00" loaded="31823" inserted="30478" running="432" waiting="1345" ended="30046" arrived="30046" collisions="46" teleports="46" halting="5" stopped="0" meanWaitingTime="692.28" meanTravelTime="294.45" meanSpeed="20.36" meanSpeedRelative="0.64" duration="3"/>
    <step time="37200.00" loaded="32257" inserted="30895" running="432" waiting="1362" ended="30463" arrived="30463" collisions="47" teleports="47" halting="8" stopped="0" meanWaitingTime="697.14" meanTravelTime="294.73" meanSpeed="20.59" meanSpeedRelative="0.64" duration="3"/>
    <step time="37500.00" loaded="32724" inserted="31331" running="455" waiting="1393" ended="30876" arrived="30876" collisions="49" teleports="49" halting="3" stopped="0" meanWaitingTime="701.40" meanTravelTime="294.72" meanSpeed="20.67" meanSpeedRelative="0.65" duration="3"/>
    <step time="37800.00" loaded="33177" inserted="31772" running="458" waiting="1405" ended="31314" arrived="31314" collisions="49" teleports="49" halting="6" stopped="0" meanWaitingTime="706.26" meanTravelTime="295.15" meanSpeed="19.77" meanSpeedRelative="0.62" duration="2"/>
    <step time="38100.00" loaded="33653" inserted="32187" running="443" waiting="1466" ended="31744" arrived="31744" collisions="50" teleports="50" halting="7" stopped="0" meanWaitingTime="709.78" meanTravelTime="295.36" meanSpeed="20.72" meanSpeedRelative="0.65" duration="3"/>
    <step time="38400.00" loaded="34110" inserted="32615" running="447" waiting="1495" ended="32168" arrived="32168" collisions="51" teleports="51" halting="6" stopped="0" meanWaitingTime="714.07" meanTravelTime="295.58" meanSpeed="20.80" meanSpeedRelative="0.65" duration="3"/>
    <step time="38700.00" loaded="34618" inserted="33072" running="479" waiting="1546" ended="32593" arrived="32593" collisions="51" teleports="51" halting="5" stopped="0" meanWaitingTime="718.45" meanTravelTime="295.80" meanSpeed="20.71" meanSpeedRelative="0.65" duration="4"/>
    <step time="39000.00" loaded="35119" inserted="33508" running="496" waiting="1611" ended="33012" arrived="33012" collisions="52" teleports="52" halting="8" stopped="0" meanWaitingTime="722.37" meanTravelTime="296.02" meanSpeed="19.46" meanSpeedRelative="0.61" duration="3"/>
    <step time="39300.00" loaded="35554" inserted="33906" running="458" waiting="1648" ended="33448" arrived="33448" collisions="53" teleports="53" halting="7" stopped="0" meanWaitingTime="725.51" meanTravelTime="296.74" meanSpeed="20.54" meanSpeedRelative="0.64" duration="3"/>
    <step time="39600.00" loaded="36029" inserted="34319" running="437" waiting="1710" ended="33882" arrived="33882" collisions="53" teleports="53" halting="6" stopped="0" meanWaitingTime="728.44" meanTravelTime="297.26" meanSpeed="20.41" meanSpeedRelative="0.64" duration="87"/>
    <step time="39900.00" loaded="36524" inserted="34769" running="470" waiting="1755" ended="34299" arrived="34299" collisions="53" teleports="53" halting="9" stopped="0" meanWaitingTime="731.51" meanTravelTime="297.72" meanSpeed="19.94" meanSpeedRelative="0.62" duration="2"/>
    <step time="40200.00" loaded="37045" inserted="35220" running="490" waiting="1825" ended="34730" arrived="34730" collisions="53" teleports="53" halting="3" stopped="0" meanWaitingTime="734.55" meanTravelTime="297.92" meanSpeed="20.11" meanSpeedRelative="0.63" duration="3"/>
    <step time="40500.00" loaded="37551" inserted="35666" running="506" waiting="1885" ended="35160" arrived="35160" collisions="53" teleports="53" halting="4" stopped="0" meanWaitingTime="737.05" meanTravelTime="298.18" meanSpeed="20.39" meanSpeedRelative="0.64" duration="3"/>
    <step time="40800.00" loaded="38062" inserted="36098" running="501" waiting="1964" ended="35597" arrived="35597" collisions="53" teleports="53" halting="7" stopped="0" meanWaitingTime="740.52" meanTravelTime="298.73" meanSpeed="18.84" meanSpeedRelative="0.59" duration="4"/>
    <step time="41100.00" loaded="38589" inserted="36560" running="504" waiting="2029" ended="36056" arrived="36056" collisions="53" teleports="53" halting="7" stopped="0" meanWaitingTime="743.88" meanTravelTime="299.10" meanSpeed="20.44" meanSpeedRelative="0.64" duration="3"/>
    <step time="41400.00" loaded="39125" inserted="37036" running="527" waiting="2089" ended="36509" arrived="36509" collisions="54" teleports="54" halting="8" stopped="0" meanWaitingTime="748.21" meanTravelTime="299.47" meanSpeed="19.49" meanSpeedRelative="0.61" duration="3"/>
    <step time="41700.00" loaded="39623" inserted="37480" running="514" waiting="2143" ended="36966" arrived="36966" collisions="55" teleports="55" halting="6" stopped="0" meanWaitingTime="752.39" meanTravelTime="300.09" meanSpeed="19.44" meanSpeedRelative="0.61" duration="3"/>
    <step time="42000.00" loaded="40175" inserted="37959" running="514" waiting="2216" ended="37445" arrived="37445" collisions="55" teleports="55" halting="4" stopped="0" meanWaitingTime="757.05" meanTravelTime="300.61" meanSpeed="19.94" meanSpeedRelative="0.62" duration="4"/>
    <step time="42300.00" loaded="40724" inserted="38460" running="554" waiting="2264" ended="37906" arrived="37906" collisions="55" teleports="55" halting="10" stopped="0" meanWaitingTime="762.16" meanTravelTime="300.87" meanSpeed="19.13" meanSpeedRelative="0.60" duration="3"/>
    <step time="42600.00" loaded="41242" inserted="38885" running="527" waiting="2357" ended="38358" arrived="38358" collisions="55" teleports="55" halting="2" stopped="0" meanWaitingTime="766.98" meanTravelTime="301.44" meanSpeed="20.01" meanSpeedRelative="0.63" duration="4"/>
    <step time="42900.00" loaded="41765" inserted="39327" running="535" waiting="2438" ended="38792" arrived="38792" collisions="56" teleports="56" halting="9" stopped="0" meanWaitingTime="772.04" meanTravelTime="302.11" meanSpeed="18.78" meanSpeedRelative="0.59" duration="3"/>
    <step time="43200.00" loaded="42258" inserted="39765" running="510" waiting="2493" ended="39255" arrived="39255" collisions="56" teleports="56" halting="6" stopped="0" meanWaitingTime="776.61" meanTravelTime="302.68" meanSpeed="20.60" meanSpeedRelative="0.64" duration="90"/>
    <step time="43500.00" loaded="42803" inserted="40264" running="560" waiting="2539" ended="39704" arrived="39704" collisions="60" teleports="60" halting="13" stopped="0" meanWaitingTime="781.90" meanTravelTime="303.18" meanSpeed="19.82" meanSpeedRelative="0.62" duration="4"/>
    <step time="43800.00" loaded="43329" inserted="40705" running="533" waiting="2624" ended="40172" arrived="40172" collisions="61" teleports="61" halting="7" stopped="0" meanWaitingTime="787.58" meanTravelTime="303.84" meanSpeed="19.82" meanSpeedRelative="0.62" duration="4"/>
    <step time="44100.00" loaded="43857" inserted="41165" running="561" waiting="2692" ended="40604" arrived="40604" collisions="61" teleports="61" halting="5" stopped="0" meanWaitingTime="792.98" meanTravelTime="304.44" meanSpeed="19.04" meanSpeedRelative="0.59" duration="3"/>
    <step time="44400.00" loaded="44423" inserted="41671" running="584" waiting="2752" ended="41087" arrived="41087" collisions="62" teleports="62" halting="5" stopped="0" meanWaitingTime="799.25" meanTravelTime="305.05" meanSpeed="18.91" meanSpeedRelative="0.59" duration="4"/>
    <step time="44700.00" loaded="44964" inserted="42176" running="613" waiting="2788" ended="41563" arrived="41563" collisions="64" teleports="64" halting="4" stopped="0" meanWaitingTime="806.20" meanTravelTime="305.45" meanSpeed="18.90" meanSpeedRelative="0.59" duration="5"/>
    <step time="45000.00" loaded="45493" inserted="42660" running="620" waiting="2833" ended="42040" arrived="42040" collisions="65" teleports="65" halting="6" stopped="0" meanWaitingTime="813.08" meanTravelTime="306.09" meanSpeed="17.96" meanSpeedRelative="0.56" duration="6"/>
    <step time="45300.00" loaded="46031" inserted="43130" running="587" waiting="2901" ended="42543" arrived="42543" collisions="65" teleports="65" halting="3" stopped="0" meanWaitingTime="819.97" meanTravelTime="306.95" meanSpeed="18.23" meanSpeedRelative="0.57" duration="4"/>
    <step time="45600.00" loaded="46549" inserted="43565" running="547" waiting="2984" ended="43018" arrived="43018" collisions="68" teleports="68" halting="6" stopped="0" meanWaitingTime="825.84" meanTravelTime="307.79" meanSpeed="19.60" meanSpeedRelative="0.61" duration="4"/>
    <step time="45900.00" loaded="47109" inserted="44065" running="586" waiting="3044" ended="43479" arrived="43479" collisions="70" teleports="70" halting="10" stopped="0" meanWaitingTime="832.64" meanTravelTime="308.37" meanSpeed="19.06" meanSpeedRelative="0.60" duration="3"/>
    <step time="46200.00" loaded="47658" inserted="44562" running="615" waiting="3096" ended="43947" arrived="43947" collisions="72" teleports="72" halting="4" stopped="0" meanWaitingTime="841.07" meanTravelTime="308.83" meanSpeed="18.81" meanSpeedRelative="0.59" duration="5"/>
    <step time="46500.00" loaded="48165" inserted="45041" running="623" waiting="3124" ended="44418" arrived="44418" collisions="75" teleports="75" halting="5" stopped="0" meanWaitingTime="849.87" meanTravelTime="309.29" meanSpeed="18.53" meanSpeedRelative="0.58" duration="5"/>
    <step time="46800.00" loaded="48678" inserted="45510" running="628" waiting="3168" ended="44882" arrived="44882" collisions="77" teleports="77" halting="7" stopped="0" meanWaitingTime="857.96" meanTravelTime="310.26" meanSpeed="18.05" meanSpeedRelative="0.56" duration="95"/>
    <step time="47100.00" loaded="49193" inserted="45974" running="612" waiting="3219" ended="45362" arrived="45362" collisions="80" teleports="80" halting="8" stopped="0" meanWaitingTime="865.92" meanTravelTime="311.30" meanSpeed="17.50" meanSpeedRelative="0.55" duration="5"/>
    <step time="47400.00" loaded="49718" inserted="46457" running="633" waiting="3261" ended="45824" arrived="45824" collisions="81" teleports="81" halting="16" stopped="0" meanWaitingTime="873.38" meanTravelTime="312.27" meanSpeed="16.84" meanSpeedRelative="0.53" duration="5"/>
    <step time="47700.00" loaded="50246" inserted="46911" running="639" waiting="3335" ended="46272" arrived="46272" collisions="82" teleports="82" halting="15" stopped="0" meanWaitingTime="880.42" meanTravelTime="313.16" meanSpeed="17.22" meanSpeedRelative="0.54" duration="5"/>
    <step time="48000.00" loaded="50788" inserted="47380" running="632" waiting="3408" ended="46748" arrived="46748" collisions="84" teleports="84" halting="3" stopped="0" meanWaitingTime="888.87" meanTravelTime="314.13" meanSpeed="19.04" meanSpeedRelative="0.59" duration="5"/>
    <step time="48300.00" loaded="51329" inserted="47845" running="614" waiting="3484" ended="47231" arrived="47231" collisions="86" teleports="86" halting="7" stopped="0" meanWaitingTime="898.67" meanTravelTime="314.86" meanSpeed="17.99" meanSpeedRelative="0.56" duration="6"/>
    <step time="48600.00" loaded="51856" inserted="48331" running="619" waiting="3525" ended="47712" arrived="47712" collisions="87" teleports="87" halting="3" stopped="0" meanWaitingTime="908.51" meanTravelTime="315.60" meanSpeed="17.22" meanSpeedRelative="0.54" duration="4"/>
    <step time="48900.00" loaded="52413" inserted="48809" running="643" waiting="3604" ended="48166" arrived="48166" collisions="90" teleports="90" halting="7" stopped="0" meanWaitingTime="918.03" meanTravelTime="316.35" meanSpeed="17.95" meanSpeedRelative="0.56" duration="5"/>
    <step time="49200.00" loaded="52952" inserted="49274" running="618" waiting="3678" ended="48656" arrived="48656" collisions="93" teleports="93" halting="11" stopped="0" meanWaitingTime="927.17" meanTravelTime="317.22" meanSpeed="17.86" meanSpeedRelative="0.56" duration="4"/>
    <step time="49500.00" loaded="53465" inserted="49741" running="625" waiting="3724" ended="49116" arrived="49116" collisions="94" teleports="94" halting="10" stopped="0" meanWaitingTime="936.63" meanTravelTime="317.98" meanSpeed="17.26" meanSpeedRelative="0.54" duration="6"/>
    <step time="49800.00" loaded="54015" inserted="50223" running="643" waiting="3792" ended="49580" arrived="49580" collisions="96" teleports="96" halting="4" stopped="0" meanWaitingTime="944.88" meanTravelTime="318.82" meanSpeed="17.31" meanSpeedRelative="0.54" duration="3"/>
    <step time="50100.00" loaded="54625" inserted="50728" running="675" waiting="3897" ended="50053" arrived="50053" collisions="100" teleports="100" halting="8" stopped="0" meanWaitingTime="953.47" meanTravelTime="319.69" meanSpeed="17.32" meanSpeedRelative="0.54" duration="5"/>
    <step time="50400.00" loaded="55142" inserted="51176" running="626" waiting="3966" ended="50550" arrived="50550" collisions="101" teleports="101" halting="8" stopped="0" meanWaitingTime="961.71" meanTravelTime="320.62" meanSpeed="17.51" meanSpeedRelative="0.55" duration="92"/>
    <step time="50700.00" loaded="55856" inserted="51711" running="677" waiting="4145" ended="51034" arrived="51034" collisions="105" teleports="105" halting="5" stopped="0" meanWaitingTime="971.00" meanTravelTime="321.30" meanSpeed="17.99" meanSpeedRelative="0.56" duration="5"/>
    <step time="51000.00" loaded="56573" inserted="52237" running="688" waiting="4336" ended="51549" arrived="51549" collisions="106" teleports="106" halting="3" stopped="0" meanWaitingTime="980.12" meanTravelTime="321.96" meanSpeed="16.73" meanSpeedRelative="0.52" duration="6"/>
    <step time="51300.00" loaded="57315" inserted="52745" running="700" waiting="4570" ended="52045" arrived="52045" collisions="108" teleports="108" halting="3" stopped="0" meanWaitingTime="987.59" meanTravelTime="322.76" meanSpeed="16.70" meanSpeedRelative="0.52" duration="6"/>
    <step time="51600.00" loaded="58030" inserted="53270" running="729" waiting="4760" ended="52541" arrived="52541" collisions="108" teleports="108" halting="4" stopped="0" meanWaitingTime="997.08" meanTravelTime="323.63" meanSpeed="16.44" meanSpeedRelative="0.51" duration="6"/>
    <step time="51900.00" loaded="58751" inserted="53806" running="776" waiting="4945" ended="53030" arrived="53030" collisions="112" teleports="112" halting="12" stopped="0" meanWaitingTime="1006.46" meanTravelTime="324.29" meanSpeed="16.16" meanSpeedRelative="0.50" duration="7"/>
    <step time="52200.00" loaded="59439" inserted="54340" running="825" waiting="5099" ended="53515" arrived="53515" collisions="113" teleports="113" halting="20" stopped="0" meanWaitingTime="1014.67" meanTravelTime="325.36" meanSpeed="15.18" meanSpeedRelative="0.47" duration="7"/>
    <step time="52500.00" loaded="60159" inserted="54846" running="815" waiting="5313" ended="54031" arrived="54031" collisions="114" teleports="114" halting="6" stopped="0" meanWaitingTime="1023.26" meanTravelTime="326.61" meanSpeed="15.23" meanSpeedRelative="0.48" duration="9"/>
    <step time="52800.00" loaded="60842" inserted="55382" running="846" waiting="5460" ended="54536" arrived="54536" collisions="119" teleports="119" halting="8" stopped="0" meanWaitingTime="1032.78" meanTravelTime="328.02" meanSpeed="14.68" meanSpeedRelative="0.46" duration="6"/>
    <step time="53100.00" loaded="61574" inserted="55907" running="877" waiting="5667" ended="55030" arrived="55030" collisions="122" teleports="122" halting="9" stopped="0" meanWaitingTime="1041.48" meanTravelTime="329.33" meanSpeed="13.53" meanSpeedRelative="0.42" duration="9"/>
    <step time="53400.00" loaded="62327" inserted="56408" running="919" waiting="5919" ended="55489" arrived="55489" collisions="126" teleports="126" halting="14" stopped="0" meanWaitingTime="1050.71" meanTravelTime="330.83" meanSpeed="12.95" meanSpeedRelative="0.40" duration="8"/>
    <step time="53700.00" loaded="63030" inserted="56934" running="955" waiting="6096" ended="55979" arrived="55979" collisions="129" teleports="129" halting="13" stopped="0" meanWaitingTime="1060.89" meanTravelTime="332.89" meanSpeed="13.08" meanSpeedRelative="0.41" duration="8"/>
    <step time="54000.00" loaded="63724" inserted="57452" running="919" waiting="6272" ended="56533" arrived="56533" collisions="129" teleports="129" halting="7" stopped="0" meanWaitingTime="1070.95" meanTravelTime="334.89" meanSpeed="14.09" meanSpeedRelative="0.44" duration="90"/>
    <step time="54300.00" loaded="64167" inserted="57912" running="818" waiting="6255" ended="57094" arrived="57094" collisions="132" teleports="132" halting="6" stopped="0" meanWaitingTime="1082.85" meanTravelTime="336.55" meanSpeed="14.17" meanSpeedRelative="0.44" duration="9"/>
    <step time="54600.00" loaded="64634" inserted="58400" running="792" waiting="6234" ended="57608" arrived="57608" collisions="134" teleports="134" halting="13" stopped="0" meanWaitingTime="1095.92" meanTravelTime="338.14" meanSpeed="14.78" meanSpeedRelative="0.46" duration="7"/>
    <step time="54900.00" loaded="65059" inserted="58864" running="745" waiting="6195" ended="58119" arrived="58119" collisions="137" teleports="137" halting="4" stopped="0" meanWaitingTime="1110.27" meanTravelTime="339.44" meanSpeed="15.48" meanSpeedRelative="0.48" duration="8"/>
    <step time="55200.00" loaded="65514" inserted="59320" running="713" waiting="6194" ended="58607" arrived="58607" collisions="139" teleports="139" halting="11" stopped="0" meanWaitingTime="1123.10" meanTravelTime="340.88" meanSpeed="15.50" meanSpeedRelative="0.48" duration="7"/>
    <step time="55500.00" loaded="65977" inserted="59816" running="684" waiting="6161" ended="59132" arrived="59132" collisions="140" teleports="140" halting="11" stopped="0" meanWaitingTime="1136.97" meanTravelTime="341.85" meanSpeed="15.91" meanSpeedRelative="0.50" duration="6"/>
    <step time="55800.00" loaded="66426" inserted="60269" running="697" waiting="6157" ended="59572" arrived="59572" collisions="142" teleports="142" halting="9" stopped="0" meanWaitingTime="1151.12" meanTravelTime="342.38" meanSpeed="16.43" meanSpeedRelative="0.51" duration="5"/>
    <step time="56100.00" loaded="66881" inserted="60726" running="695" waiting="6155" ended="60031" arrived="60031" collisions="144" teleports="144" halting="5" stopped="0" meanWaitingTime="1164.21" meanTravelTime="343.29" meanSpeed="16.53" meanSpeedRelative="0.52" duration="5"/>
    <step time="56400.00" loaded="67320" inserted="61206" running="692" waiting="6114" ended="60514" arrived="60514" collisions="147" teleports="147" halting="5" stopped="0" meanWaitingTime="1178.70" meanTravelTime="344.00" meanSpeed="16.18" meanSpeedRelative="0.51" duration="6"/>
    <step time="56700.00" loaded="67789" inserted="61680" running="673" waiting="6109" ended="61007" arrived="61007" collisions="147" teleports="147" halting="6" stopped="0" meanWaitingTime="1192.27" meanTravelTime="344.76" meanSpeed="17.58" meanSpeedRelative="0.55" duration="7"/>
    <step time="57000.00" loaded="68282" inserted="62157" running="666" waiting="6125" ended="61491" arrived="61491" collisions="153" teleports="153" halting="8" stopped="0" meanWaitingTime="1205.86" meanTravelTime="345.56" meanSpeed="17.64" meanSpeedRelative="0.55" duration="4"/>
    <step time="57300.00" loaded="68719" inserted="62618" running="635" waiting="6101" ended="61983" arrived="61983" collisions="154" teleports="154" halting="3" stopped="0" meanWaitingTime="1220.05" meanTravelTime="346.11" meanSpeed="17.67" meanSpeedRelative="0.55" duration="7"/>
    <step time="57600.00" loaded="69142" inserted="63091" running="642" waiting="6051" ended="62449" arrived="62449" collisions="157" teleports="157" halting="4" stopped="0" meanWaitingTime="1234.98" meanTravelTime="346.53" meanSpeed="17.37" meanSpeedRelative="0.54" duration="86"/>
    <step time="57900.00" loaded="69691" inserted="63586" running="674" waiting="6105" ended="62912" arrived="62912" collisions="159" teleports="159" halting="7" stopped="0" meanWaitingTime="1247.61" meanTravelTime="347.00" meanSpeed="17.42" meanSpeedRelative="0.54" duration="6"/>
    <step time="58200.00" loaded="70260" inserted="64077" running="662" waiting="6183" ended="63415" arrived="63415" collisions="159" teleports="159" halting="7" stopped="0" meanWaitingTime="1261.45" meanTravelTime="347.33" meanSpeed="16.69" meanSpeedRelative="0.52" duration="5"/>
    <step time="58500.00" loaded="70837" inserted="64602" running="682" waiting="6235" ended="63920" arrived="63920" collisions="160" teleports="160" halting="8" stopped="0" meanWaitingTime="1274.97" meanTravelTime="347.80" meanSpeed="17.78" meanSpeedRelative="0.56" duration="8"/>
    <step time="58800.00" loaded="71403" inserted="65125" running="717" waiting="6278" ended="64408" arrived="64408" collisions="162" teleports="162" halting="2" stopped="0" meanWaitingTime="1289.04" meanTravelTime="348.14" meanSpeed="17.08" meanSpeedRelative="0.53" duration="7"/>
    <step time="59100.00" loaded="71949" inserted="65618" running="685" waiting="6331" ended="64933" arrived="64933" collisions="164" teleports="164" halting="3" stopped="0" meanWaitingTime="1301.78" meanTravelTime="348.72" meanSpeed="16.81" meanSpeedRelative="0.53" duration="6"/>
    <step time="59400.00" loaded="72506" inserted="66127" running="684" waiting="6379" ended="65443" arrived="65443" collisions="166" teleports="166" halting="7" stopped="0" meanWaitingTime="1316.28" meanTravelTime="349.31" meanSpeed="16.66" meanSpeedRelative="0.52" duration="8"/>
    <step time="59700.00" loaded="73080" inserted="66637" running="710" waiting="6443" ended="65927" arrived="65927" collisions="168" teleports="168" halting="10" stopped="0" meanWaitingTime="1328.74" meanTravelTime="349.62" meanSpeed="16.57" meanSpeedRelative="0.52" duration="7"/>
    <step time="60000.00" loaded="73645" inserted="67142" running="714" waiting="6503" ended="66428" arrived="66428" collisions="172" teleports="172" halting="4" stopped="0" meanWaitingTime="1341.15" meanTravelTime="350.09" meanSpeed="16.36" meanSpeedRelative="0.51" duration="7"/>
    <step time="60300.00" loaded="74169" inserted="67600" running="678" waiting="6569" ended="66922" arrived="66922" collisions="173" teleports="173" halting="4" stopped="0" meanWaitingTime="1354.02" meanTravelTime="350.69" meanSpeed="17.36" meanSpeedRelative="0.54" duration="8"/>
    <step time="60600.00" loaded="74709" inserted="68084" running="672" waiting="6625" ended="67412" arrived="67412" collisions="173" teleports="173" halting="5" stopped="0" meanWaitingTime="1367.34" meanTravelTime="351.21" meanSpeed="17.12" meanSpeedRelative="0.54" duration="7"/>
    <step time="60900.00" loaded="75280" inserted="68603" running="692" waiting="6677" ended="67911" arrived="67911" collisions="175" teleports="175" halting="9" stopped="0" meanWaitingTime="1381.17" meanTravelTime="351.57" meanSpeed="16.69" meanSpeedRelative="0.52" duration="7"/>
    <step time="61200.00" loaded="75846" inserted="69117" running="703" waiting="6729" ended="68414" arrived="68414" collisions="177" teleports="177" halting="11" stopped="0" meanWaitingTime="1394.23" meanTravelTime="352.11" meanSpeed="16.43" meanSpeedRelative="0.51" duration="86"/>
    <step time="61500.00" loaded="75923" inserted="69459" running="606" waiting="6464" ended="68853" arrived="68853" collisions="177" teleports="177" halting="3" stopped="0" meanWaitingTime="1410.41" meanTravelTime="352.58" meanSpeed="16.90" meanSpeedRelative="0.53" duration="6"/>
    <step time="61800.00" loaded="75989" inserted="69796" running="540" waiting="6193" ended="69256" arrived="69256" collisions="178" teleports="178" halting="6" stopped="0" meanWaitingTime="1427.21" meanTravelTime="353.44" meanSpeed="17.44" meanSpeedRelative="0.54" duration="7"/>
    <step time="62100.00" loaded="76073" inserted="70158" running="492" waiting="5915" ended="69666" arrived="69666" collisions="179" teleports="179" halting="3" stopped="0" meanWaitingTime="1445.26" meanTravelTime="354.06" meanSpeed="18.45" meanSpeedRelative="0.58" duration="5"/>
    <step time="62400.00" loaded="76148" inserted="70527" running="463" waiting="5621" ended="70064" arrived="70064" collisions="179" teleports="179" halting="1" stopped="0" meanWaitingTime="1464.43" meanTravelTime="354.37" meanSpeed="19.78" meanSpeedRelative="0.62" duration="3"/>
    <step time="62700.00" loaded="76219" inserted="70857" running="447" waiting="5362" ended="70410" arrived="70410" collisions="180" teleports="180" halting="5" stopped="0" meanWaitingTime="1482.09" meanTravelTime="354.70" meanSpeed="17.99" meanSpeedRelative="0.56" duration="4"/>
    <step time="63000.00" loaded="76281" inserted="71147" running="376" waiting="5134" ended="70771" arrived="70771" collisions="180" teleports="180" halting="7" stopped="0" meanWaitingTime="1497.48" meanTravelTime="354.91" meanSpeed="19.54" meanSpeedRelative="0.61" duration="9"/>
    <step time="63300.00" loaded="76362" inserted="71442" running="355" waiting="4920" ended="71087" arrived="71087" collisions="181" teleports="181" halting="5" stopped="0" meanWaitingTime="1513.20" meanTravelTime="355.01" meanSpeed="21.50" meanSpeedRelative="0.67" duration="3"/>
    <step time="63600.00" loaded="76433" inserted="71705" running="319" waiting="4728" ended="71386" arrived="71386" collisions="181" teleports="181" halting="0" stopped="0" meanWaitingTime="1530.40" meanTravelTime="355.13" meanSpeed="21.10" meanSpeedRelative="0.66" duration="3"/>
    <step time="63900.00" loaded="76515" inserted="71953" running="258" waiting="4562" ended="71695" arrived="71695" collisions="182" teleports="182" halting="1" stopped="0" meanWaitingTime="1546.98" meanTravelTime="355.13" meanSpeed="22.23" meanSpeedRelative="0.69" duration="3"/>
    <step time="64200.00" loaded="76594" inserted="72200" running="248" waiting="4394" ended="71952" arrived="71952" collisions="182" teleports="182" halting="4" stopped="0" meanWaitingTime="1563.68" meanTravelTime="355.02" meanSpeed="21.12" meanSpeedRelative="0.66" duration="2"/>
    <step time="64500.00" loaded="76681" inserted="72444" running="240" waiting="4237" ended="72204" arrived="72204" collisions="182" teleports="182" halting="2" stopped="0" meanWaitingTime="1579.23" meanTravelTime="354.81" meanSpeed="22.12" meanSpeedRelative="0.69" duration="2"/>
    <step time="64800.00" loaded="76763" inserted="72692" running="229" waiting="4071" ended="72463" arrived="72463" collisions="182" teleports="182" halting="1" stopped="0" meanWaitingTime="1594.73" meanTravelTime="354.58" meanSpeed="21.78" meanSpeedRelative="0.68" duration="91"/>
    <step time="65100.00" loaded="76821" inserted="72914" running="221" waiting="3907" ended="72693" arrived="72693" collisions="182" teleports="182" halting="5" stopped="0" meanWaitingTime="1610.28" meanTravelTime="354.40" meanSpeed="21.76" meanSpeedRelative="0.68" duration="2"/>
    <step time="65400.00" loaded="76872" inserted="73159" running="225" waiting="3713" ended="72934" arrived="72934" collisions="182" teleports="182" halting="5" stopped="0" meanWaitingTime="1628.79" meanTravelTime="354.16" meanSpeed="21.97" meanSpeedRelative="0.69" duration="2"/>
    <step time="65700.00" loaded="76916" inserted="73380" running="205" waiting="3536" ended="73175" arrived="73175" collisions="182" teleports="182" halting="4" stopped="0" meanWaitingTime="1645.02" meanTravelTime="353.93" meanSpeed="21.70" meanSpeedRelative="0.68" duration="2"/>
    <step time="66000.00" loaded="76968" inserted="73617" running="225" waiting="3351" ended="73392" arrived="73392" collisions="182" teleports="182" halting="2" stopped="0" meanWaitingTime="1659.59" meanTravelTime="353.69" meanSpeed="21.15" meanSpeedRelative="0.66" duration="2"/>
    <step time="66300.00" loaded="77042" inserted="73784" running="154" waiting="3258" ended="73630" arrived="73630" collisions="182" teleports="182" halting="3" stopped="0" meanWaitingTime="1671.11" meanTravelTime="353.50" meanSpeed="21.81" meanSpeedRelative="0.68" duration="2"/>
    <step time="66600.00" loaded="77082" inserted="73953" running="131" waiting="3129" ended="73822" arrived="73822" collisions="182" teleports="182" halting="2" stopped="0" meanWaitingTime="1685.86" meanTravelTime="353.27" meanSpeed="21.96" meanSpeedRelative="0.69" duration="2"/>
    <step time="66900.00" loaded="77130" inserted="74133" running="132" waiting="2997" ended="74001" arrived="74001" collisions="182" teleports="182" halting="5" stopped="0" meanWaitingTime="1701.44" meanTravelTime="353.00" meanSpeed="20.94" meanSpeedRelative="0.65" duration="1"/>
    <step time="67200.00" loaded="77181" inserted="74309" running="122" waiting="2872" ended="74187" arrived="74187" collisions="182" teleports="182" halting="1" stopped="0" meanWaitingTime="1716.36" meanTravelTime="352.64" meanSpeed="21.38" meanSpeedRelative="0.67" duration="1"/>
    <step time="67500.00" loaded="77236" inserted="74473" running="126" waiting="2763" ended="74347" arrived="74347" collisions="182" teleports="182" halting="4" stopped="0" meanWaitingTime="1729.97" meanTravelTime="352.41" meanSpeed="20.79" meanSpeedRelative="0.65" duration="1"/>
    <step time="67800.00" loaded="77289" inserted="74659" running="138" waiting="2630" ended="74521" arrived="74521" collisions="182" teleports="182" halting="6" stopped="0" meanWaitingTime="1745.03" meanTravelTime="352.09" meanSpeed="21.03" meanSpeedRelative="0.66" duration="1"/>
    <step time="68100.00" loaded="77329" inserted="74832" running="142" waiting="2497" ended="74690" arrived="74690" collisions="182" teleports="182" halting="1" stopped="0" meanWaitingTime="1760.06" meanTravelTime="351.74" meanSpeed="21.72" meanSpeedRelative="0.68" duration="1"/>
    <step time="68400.00" loaded="77392" inserted="75027" running="136" waiting="2365" ended="74891" arrived="74891" collisions="183" teleports="183" halting="2" stopped="0" meanWaitingTime="1775.22" meanTravelTime="351.49" meanSpeed="21.18" meanSpeedRelative="0.66" duration="90"/>
    <step time="68700.00" loaded="77573" inserted="75286" running="195" waiting="2287" ended="75091" arrived="75091" collisions="183" teleports="183" halting="5" stopped="0" meanWaitingTime="1786.46" meanTravelTime="351.09" meanSpeed="23.23" meanSpeedRelative="0.73" duration="1"/>
    <step time="69000.00" loaded="77723" inserted="75505" running="177" waiting="2218" ended="75328" arrived="75328" collisions="183" teleports="183" halting="4" stopped="0" meanWaitingTime="1797.65" meanTravelTime="350.79" meanSpeed="22.08" meanSpeedRelative="0.69" duration="1"/>
    <step time="69300.00" loaded="77895" inserted="75755" running="210" waiting="2140" ended="75545" arrived="75545" collisions="183" teleports="183" halting="1" stopped="0" meanWaitingTime="1809.06" meanTravelTime="350.49" meanSpeed="23.30" meanSpeedRelative="0.73" duration="2"/>
    <step time="69600.00" loaded="78053" inserted="75987" running="208" waiting="2066" ended="75779" arrived="75779" collisions="183" teleports="183" halting="1" stopped="0" meanWaitingTime="1818.44" meanTravelTime="350.14" meanSpeed="23.05" meanSpeedRelative="0.72" duration="1"/>
    <step time="69900.00" loaded="78215" inserted="76237" running="215" waiting="1978" ended="76022" arrived="76022" collisions="183" teleports="183" halting="6" stopped="0" meanWaitingTime="1827.37" meanTravelTime="349.84" meanSpeed="21.58" meanSpeedRelative="0.67" duration="2"/>
    <step time="70200.00" loaded="78384" inserted="76485" running="214" waiting="1899" ended="76271" arrived="76271" collisions="183" teleports="183" halting="4" stopped="0" meanWaitingTime="1833.49" meanTravelTime="349.61" meanSpeed="22.66" meanSpeedRelative="0.71" duration="1"/>
    <step time="70500.00" loaded="78544" inserted="76706" running="197" waiting="1838" ended="76509" arrived="76509" collisions="183" teleports="183" halting="4" stopped="0" meanWaitingTime="1839.90" meanTravelTime="349.37" meanSpeed="22.53" meanSpeedRelative="0.70" duration="2"/>
    <step time="70800.00" loaded="78697" inserted="76920" running="194" waiting="1777" ended="76726" arrived="76726" collisions="183" teleports="183" halting="7" stopped="0" meanWaitingTime="1845.15" meanTravelTime="349.20" meanSpeed="22.67" meanSpeedRelative="0.71" duration="1"/>
    <step time="71100.00" loaded="78849" inserted="77089" running="182" waiting="1760" ended="76907" arrived="76907" collisions="183" teleports="183" halting="10" stopped="0" meanWaitingTime="1848.64" meanTravelTime="349.06" meanSpeed="22.75" meanSpeedRelative="0.71" duration="2"/>
    <step time="71400.00" loaded="79008" inserted="77260" running="165" waiting="1748" ended="77095" arrived="77095" collisions="184" teleports="184" halting="2" stopped="0" meanWaitingTime="1852.39" meanTravelTime="348.95" meanSpeed="22.79" meanSpeedRelative="0.71" duration="1"/>
    <step time="71700.00" loaded="79145" inserted="77411" running="163" waiting="1734" ended="77248" arrived="77248" collisions="184" teleports="184" halting="4" stopped="0" meanWaitingTime="1856.66" meanTravelTime="348.91" meanSpeed="22.19" meanSpeedRelative="0.69" duration="1"/>
    <step time="72000.00" loaded="79296" inserted="77575" running="164" waiting="1721" ended="77411" arrived="77411" collisions="184" teleports="184" halting="9" stopped="0" meanWaitingTime="1860.83" meanTravelTime="348.82" meanSpeed="22.42" meanSpeedRelative="0.70" duration="82"/>
    <step time="72300.00" loaded="79413" inserted="77709" running="128" waiting="1704" ended="77581" arrived="77581" collisions="184" teleports="184" halting="4" stopped="0" meanWaitingTime="1865.84" meanTravelTime="348.73" meanSpeed="22.67" meanSpeedRelative="0.71" duration="1"/>
    <step time="72600.00" loaded="79562" inserted="77872" running="149" waiting="1690" ended="77723" arrived="77723" collisions="184" teleports="184" halting="5" stopped="0" meanWaitingTime="1870.23" meanTravelTime="348.63" meanSpeed="22.28" meanSpeedRelative="0.70" duration="1"/>
    <step time="72900.00" loaded="79697" inserted="78016" running="140" waiting="1681" ended="77876" arrived="77876" collisions="184" teleports="184" halting="7" stopped="0" meanWaitingTime="1875.15" meanTravelTime="348.49" meanSpeed="22.08" meanSpeedRelative="0.69" duration="1"/>
    <step time="73200.00" loaded="79843" inserted="78177" running="147" waiting="1666" ended="78030" arrived="78030" collisions="185" teleports="185" halting="3" stopped="0" meanWaitingTime="1880.34" meanTravelTime="348.34" meanSpeed="22.74" meanSpeedRelative="0.71" duration="2"/>
    <step time="73500.00" loaded="79981" inserted="78317" running="145" waiting="1664" ended="78172" arrived="78172" collisions="185" teleports="185" halting="2" stopped="0" meanWaitingTime="1885.50" meanTravelTime="348.19" meanSpeed="21.89" meanSpeedRelative="0.68" duration="1"/>
    <step time="73800.00" loaded="80141" inserted="78486" running="172" waiting="1655" ended="78314" arrived="78314" collisions="185" teleports="185" halting="5" stopped="0" meanWaitingTime="1890.07" meanTravelTime="348.09" meanSpeed="22.29" meanSpeedRelative="0.70" duration="1"/>
    <step time="74100.00" loaded="80273" inserted="78638" running="167" waiting="1635" ended="78471" arrived="78471" collisions="185" teleports="185" halting="7" stopped="0" meanWaitingTime="1894.99" meanTravelTime="347.99" meanSpeed="22.97" meanSpeedRelative="0.72" duration="1"/>
    <step time="74400.00" loaded="80387" inserted="78773" running="142" waiting="1614" ended="78631" arrived="78631" collisions="185" teleports="185" halting="2" stopped="0" meanWaitingTime="1900.24" meanTravelTime="347.95" meanSpeed="21.77" meanSpeedRelative="0.68" duration="0"/>
    <step time="74700.00" loaded="80516" inserted="78927" running="129" waiting="1589" ended="78798" arrived="78798" collisions="185" teleports="185" halting="5" stopped="0" meanWaitingTime="1906.56" meanTravelTime="347.86" meanSpeed="22.55" meanSpeedRelative="0.70" duration="1"/>
    <step time="75000.00" loaded="80633" inserted="79061" running="125" waiting="1572" ended="78936" arrived="78936" collisions="185" teleports="185" halting="4" stopped="0" meanWaitingTime="1912.35" meanTravelTime="347.75" meanSpeed="22.42" meanSpeedRelative="0.70" duration="1"/>
    <step time="75300.00" loaded="80768" inserted="79217" running="150" waiting="1551" ended="79067" arrived="79067" collisions="185" teleports="185" halting="1" stopped="0" meanWaitingTime="1917.78" meanTravelTime="347.62" meanSpeed="23.20" meanSpeedRelative="0.73" duration="2"/>
    <step time="75600.00" loaded="80898" inserted="79367" running="140" waiting="1531" ended="79227" arrived="79227" collisions="185" teleports="185" halting="3" stopped="0" meanWaitingTime="1923.01" meanTravelTime="347.47" meanSpeed="23.18" meanSpeedRelative="0.72" duration="82"/>
    <step time="75900.00" loaded="81098" inserted="79580" running="163" waiting="1518" ended="79417" arrived="79417" collisions="185" teleports="185" halting="4" stopped="0" meanWaitingTime="1927.99" meanTravelTime="347.27" meanSpeed="22.79" meanSpeedRelative="0.71" duration="1"/>
    <step time="76200.00" loaded="81320" inserted="79798" running="187" waiting="1522" ended="79611" arrived="79611" collisions="186" teleports="186" halting="3" stopped="0" meanWaitingTime="1932.32" meanTravelTime="347.07" meanSpeed="23.08" meanSpeedRelative="0.72" duration="1"/>
    <step time="76500.00" loaded="81512" inserted="80009" running="200" waiting="1503" ended="79809" arrived="79809" collisions="186" teleports="186" halting="2" stopped="0" meanWaitingTime="1937.72" meanTravelTime="346.84" meanSpeed="23.00" meanSpeedRelative="0.72" duration="2"/>
    <step time="76800.00" loaded="81706" inserted="80209" running="202" waiting="1497" ended="80007" arrived="80007" collisions="187" teleports="187" halting="11" stopped="0" meanWaitingTime="1942.41" meanTravelTime="346.68" meanSpeed="22.67" meanSpeedRelative="0.71" duration="2"/>
    <step time="77100.00" loaded="81891" inserted="80399" running="195" waiting="1492" ended="80204" arrived="80204" collisions="188" teleports="188" halting="5" stopped="0" meanWaitingTime="1947.49" meanTravelTime="346.57" meanSpeed="23.01" meanSpeedRelative="0.72" duration="1"/>
    <step time="77400.00" loaded="82107" inserted="80618" running="200" waiting="1489" ended="80418" arrived="80418" collisions="188" teleports="188" halting="2" stopped="0" meanWaitingTime="1952.91" meanTravelTime="346.44" meanSpeed="22.86" meanSpeedRelative="0.71" duration="2"/>
    <step time="77700.00" loaded="82310" inserted="80820" running="205" waiting="1490" ended="80615" arrived="80615" collisions="188" teleports="188" halting="9" stopped="0" meanWaitingTime="1957.62" meanTravelTime="346.28" meanSpeed="21.70" meanSpeedRelative="0.68" duration="1"/>
    <step time="78000.00" loaded="82508" inserted="81022" running="205" waiting="1486" ended="80817" arrived="80817" collisions="188" teleports="188" halting="3" stopped="0" meanWaitingTime="1962.75" meanTravelTime="346.12" meanSpeed="22.57" meanSpeedRelative="0.71" duration="2"/>
    <step time="78300.00" loaded="82686" inserted="81206" running="194" waiting="1480" ended="81012" arrived="81012" collisions="188" teleports="188" halting="5" stopped="0" meanWaitingTime="1967.41" meanTravelTime="346.07" meanSpeed="23.49" meanSpeedRelative="0.73" duration="2"/>
    <step time="78600.00" loaded="82868" inserted="81384" running="167" waiting="1484" ended="81217" arrived="81217" collisions="188" teleports="188" halting="3" stopped="0" meanWaitingTime="1972.03" meanTravelTime="345.97" meanSpeed="22.75" meanSpeedRelative="0.71" duration="2"/>
    <step time="78900.00" loaded="83026" inserted="81557" running="174" waiting="1469" ended="81383" arrived="81383" collisions="188" teleports="188" halting="9" stopped="0" meanWaitingTime="1976.88" meanTravelTime="345.86" meanSpeed="23.02" meanSpeedRelative="0.72" duration="1"/>
    <step time="79200.00" loaded="83234" inserted="81770" running="208" waiting="1464" ended="81562" arrived="81562" collisions="189" teleports="189" halting="4" stopped="0" meanWaitingTime="1980.43" meanTravelTime="345.74" meanSpeed="23.78" meanSpeedRelative="0.74" duration="83"/>
    <step time="79500.00" loaded="83433" inserted="81971" running="192" waiting="1462" ended="81779" arrived="81779" collisions="189" teleports="189" halting="6" stopped="0" meanWaitingTime="1983.50" meanTravelTime="345.55" meanSpeed="22.63" meanSpeedRelative="0.71" duration="1"/>
    <step time="79800.00" loaded="83592" inserted="82147" running="174" waiting="1445" ended="81973" arrived="81973" collisions="189" teleports="189" halting="5" stopped="0" meanWaitingTime="1987.41" meanTravelTime="345.46" meanSpeed="21.77" meanSpeedRelative="0.68" duration="1"/>
    <step time="80100.00" loaded="83782" inserted="82350" running="197" waiting="1432" ended="82153" arrived="82153" collisions="190" teleports="190" halting="3" stopped="0" meanWaitingTime="1990.48" meanTravelTime="345.34" meanSpeed="23.32" meanSpeedRelative="0.73" duration="2"/>
    <step time="80400.00" loaded="83957" inserted="82524" running="179" waiting="1433" ended="82345" arrived="82345" collisions="191" teleports="191" halting="6" stopped="0" meanWaitingTime="1993.20" meanTravelTime="345.20" meanSpeed="22.79" meanSpeedRelative="0.71" duration="1"/>
    <step time="80700.00" loaded="84139" inserted="82719" running="175" waiting="1420" ended="82544" arrived="82544" collisions="191" teleports="191" halting="7" stopped="0" meanWaitingTime="1995.01" meanTravelTime="345.11" meanSpeed="22.86" meanSpeedRelative="0.71" duration="1"/>
    <step time="81000.00" loaded="84296" inserted="82884" running="169" waiting="1412" ended="82715" arrived="82715" collisions="191" teleports="191" halting="1" stopped="0" meanWaitingTime="1997.72" meanTravelTime="345.00" meanSpeed="21.72" meanSpeedRelative="0.68" duration="1"/>
    <step time="81300.00" loaded="84466" inserted="83069" running="192" waiting="1397" ended="82877" arrived="82877" collisions="191" teleports="191" halting="5" stopped="0" meanWaitingTime="1999.30" meanTravelTime="344.89" meanSpeed="22.68" meanSpeedRelative="0.71" duration="1"/>
    <step time="81600.00" loaded="84618" inserted="83230" running="156" waiting="1388" ended="83074" arrived="83074" collisions="191" teleports="191" halting="6" stopped="0" meanWaitingTime="2001.25" meanTravelTime="344.83" meanSpeed="23.13" meanSpeedRelative="0.72" duration="1"/>
    <step time="81900.00" loaded="84816" inserted="83437" running="193" waiting="1379" ended="83244" arrived="83244" collisions="192" teleports="192" halting="4" stopped="0" meanWaitingTime="2002.81" meanTravelTime="344.75" meanSpeed="23.03" meanSpeedRelative="0.72" duration="2"/>
    <step time="82200.00" loaded="84999" inserted="83630" running="190" waiting="1369" ended="83440" arrived="83440" collisions="192" teleports="192" halting="2" stopped="0" meanWaitingTime="2004.71" meanTravelTime="344.59" meanSpeed="22.71" meanSpeedRelative="0.71" duration="1"/>
    <step time="82500.00" loaded="85184" inserted="83827" running="189" waiting="1357" ended="83638" arrived="83638" collisions="193" teleports="193" halting="3" stopped="0" meanWaitingTime="2006.11" meanTravelTime="344.46" meanSpeed="22.91" meanSpeedRelative="0.72" duration="2"/>
</summary>
