<?xml version="1.0" encoding="UTF-8"?>

<!-- generated on 2025-08-08 06:04:56 by Eclipse SUMO sumo Version 1.23.1
<sumoConfiguration xmlns:xsi="http://www.w3.org/2001/XMLSchema-instance" xsi:noNamespaceSchemaLocation="http://sumo.dlr.de/xsd/sumoConfiguration.xsd">

    <input>
        <net-file value="Desktop\Master Thesis\Network_fin.net.xml"/>
        <route-files value="Desktop\Master Thesis\demand_model_amsterdam.rou.xml"/>
        <additional-files value="Desktop\Master Thesis\Additionnal.add.xml"/>
    </input>

    <output>
        <summary-output value="outputf/summary_coor_alinea_2neigh_method2_K80_target5_20120.xml"/>
        <summary-output.period value="300"/>
        <tripinfo-output value="outputf/tripinfo_coor_alinea_2neigh_method2_K80_target5_20120.xml"/>
    </output>

    <time>
        <begin value="0"/>
        <end value="82800"/>
        <step-length value="1"/>
    </time>

    <processing>
        <time-to-teleport value="-1"/>
    </processing>

    <report>
        <verbose value="true"/>
        <no-step-log value="true"/>
    </report>

    <emissions>
        <device.emissions.period value="10"/>
    </emissions>

    <traci_server>
        <remote-port value="50420"/>
    </traci_server>

    <random_number>
        <seed value="20120"/>
    </random_number>

</sumoConfiguration>
-->

<summary xmlns:xsi="http://www.w3.org/2001/XMLSchema-instance" xsi:noNamespaceSchemaLocation="http://sumo.dlr.de/xsd/summary_file.xsd">
    <step time="0.00" loaded="0" inserted="0" running="0" waiting="0" ended="0" arrived="0" collisions="0" teleports="0" halting="0" stopped="0" meanWaitingTime="-1.00" meanTravelTime="-1.00" meanSpeed="-1.00" meanSpeedRelative="-1.00" duration="0"/>
    <step time="300.00" loaded="178" inserted="178" running="117" waiting="0" ended="61" arrived="61" collisions="0" teleports="0" halting="3" stopped="0" meanWaitingTime="0.57" meanTravelTime="103.44" meanSpeed="25.81" meanSpeedRelative="0.81" duration="1"/>
    <step time="600.00" loaded="350" inserted="349" running="128" waiting="1" ended="221" arrived="221" collisions="0" teleports="0" halting="0" stopped="0" meanWaitingTime="0.43" meanTravelTime="168.64" meanSpeed="25.35" meanSpeedRelative="0.79" duration="1"/>
    <step time="900.00" loaded="516" inserted="516" running="130" waiting="0" ended="386" arrived="386" collisions="0" teleports="0" halting="0" stopped="0" meanWaitingTime="0.41" meanTravelTime="190.71" meanSpeed="25.59" meanSpeedRelative="0.80" duration="2"/>
    <step time="1200.00" loaded="708" inserted="708" running="161" waiting="0" ended="547" arrived="547" collisions="0" teleports="0" halting="0" stopped="0" meanWaitingTime="0.42" meanTravelTime="201.38" meanSpeed="25.09" meanSpeedRelative="0.78" duration="1"/>
    <step time="1500.00" loaded="886" inserted="886" running="148" waiting="0" ended="738" arrived="738" collisions="1" teleports="1" halting="1" stopped="0" meanWaitingTime="0.39" meanTravelTime="208.99" meanSpeed="25.53" meanSpeedRelative="0.80" duration="2"/>
    <step time="1800.00" loaded="1061" inserted="1061" running="161" waiting="0" ended="900" arrived="900" collisions="1" teleports="1" halting="0" stopped="0" meanWaitingTime="0.37" meanTravelTime="214.82" meanSpeed="25.19" meanSpeedRelative="0.79" duration="1"/>
    <step time="2100.00" loaded="1231" inserted="1231" running="157" waiting="0" ended="1074" arrived="1074" collisions="1" teleports="1" halting="0" stopped="0" meanWaitingTime="0.36" meanTravelTime="225.25" meanSpeed="25.42" meanSpeedRelative="0.79" duration="1"/>
    <step time="2400.00" loaded="1431" inserted="1431" running="168" waiting="0" ended="1263" arrived="1263" collisions="1" teleports="1" halting="1" stopped="0" meanWaitingTime="0.37" meanTravelTime="230.44" meanSpeed="25.44" meanSpeedRelative="0.79" duration="2"/>
    <step time="2700.00" loaded="1604" inserted="1603" running="152" waiting="1" ended="1451" arrived="1451" collisions="1" teleports="1" halting="2" stopped="0" meanWaitingTime="0.40" meanTravelTime="235.81" meanSpeed="25.56" meanSpeedRelative="0.80" duration="1"/>
    <step time="3000.00" loaded="1787" inserted="1787" running="154" waiting="0" ended="1633" arrived="1633" collisions="1" teleports="1" halting="1" stopped="0" meanWaitingTime="0.41" meanTravelTime="235.04" meanSpeed="25.54" meanSpeedRelative="0.80" duration="0"/>
    <step time="3300.00" loaded="1955" inserted="1950" running="158" waiting="5" ended="1792" arrived="1792" collisions="2" teleports="2" halting="2" stopped="0" meanWaitingTime="0.77" meanTravelTime="237.19" meanSpeed="24.42" meanSpeedRelative="0.76" duration="1"/>
    <step time="3600.00" loaded="2150" inserted="2142" running="176" waiting="8" ended="1966" arrived="1966" collisions="2" teleports="2" halting="0" stopped="0" meanWaitingTime="1.33" meanTravelTime="239.97" meanSpeed="24.64" meanSpeedRelative="0.77" duration="87"/>
    <step time="3900.00" loaded="2257" inserted="2257" running="116" waiting="0" ended="2141" arrived="2141" collisions="2" teleports="2" halting="2" stopped="0" meanWaitingTime="1.95" meanTravelTime="244.27" meanSpeed="24.76" meanSpeedRelative="0.77" duration="1"/>
    <step time="4200.00" loaded="2385" inserted="2381" running="105" waiting="4" ended="2276" arrived="2276" collisions="2" teleports="2" halting="3" stopped="0" meanWaitingTime="2.09" meanTravelTime="248.10" meanSpeed="23.96" meanSpeedRelative="0.75" duration="1"/>
    <step time="4500.00" loaded="2482" inserted="2482" running="85" waiting="0" ended="2397" arrived="2397" collisions="2" teleports="2" halting="0" stopped="0" meanWaitingTime="2.52" meanTravelTime="249.19" meanSpeed="26.09" meanSpeedRelative="0.82" duration="0"/>
    <step time="4800.00" loaded="2581" inserted="2581" running="88" waiting="0" ended="2493" arrived="2493" collisions="2" teleports="2" halting="2" stopped="0" meanWaitingTime="2.52" meanTravelTime="251.41" meanSpeed="24.74" meanSpeedRelative="0.77" duration="0"/>
    <step time="5100.00" loaded="2700" inserted="2700" running="84" waiting="0" ended="2616" arrived="2616" collisions="2" teleports="2" halting="0" stopped="0" meanWaitingTime="2.42" meanTravelTime="250.58" meanSpeed="26.41" meanSpeedRelative="0.83" duration="0"/>
    <step time="5400.00" loaded="2825" inserted="2825" running="110" waiting="0" ended="2715" arrived="2715" collisions="2" teleports="2" halting="0" stopped="0" meanWaitingTime="2.36" meanTravelTime="250.79" meanSpeed="24.89" meanSpeedRelative="0.78" duration="1"/>
    <step time="5700.00" loaded="2938" inserted="2938" running="99" waiting="0" ended="2839" arrived="2839" collisions="3" teleports="3" halting="0" stopped="0" meanWaitingTime="2.28" meanTravelTime="250.82" meanSpeed="25.25" meanSpeedRelative="0.79" duration="1"/>
    <step time="6000.00" loaded="3054" inserted="3054" running="98" waiting="0" ended="2956" arrived="2956" collisions="3" teleports="3" halting="1" stopped="0" meanWaitingTime="2.20" meanTravelTime="250.39" meanSpeed="25.42" meanSpeedRelative="0.79" duration="1"/>
    <step time="6300.00" loaded="3155" inserted="3155" running="103" waiting="0" ended="3052" arrived="3052" collisions="3" teleports="3" halting="1" stopped="0" meanWaitingTime="2.14" meanTravelTime="251.98" meanSpeed="25.26" meanSpeedRelative="0.79" duration="1"/>
    <step time="6600.00" loaded="3262" inserted="3262" running="107" waiting="0" ended="3155" arrived="3155" collisions="3" teleports="3" halting="1" stopped="0" meanWaitingTime="2.07" meanTravelTime="252.55" meanSpeed="25.18" meanSpeedRelative="0.79" duration="1"/>
    <step time="6900.00" loaded="3382" inserted="3382" running="109" waiting="0" ended="3273" arrived="3273" collisions="3" teleports="3" halting="1" stopped="0" meanWaitingTime="2.03" meanTravelTime="253.24" meanSpeed="26.34" meanSpeedRelative="0.82" duration="0"/>
    <step time="7200.00" loaded="3488" inserted="3488" running="101" waiting="0" ended="3387" arrived="3387" collisions="3" teleports="3" halting="0" stopped="0" meanWaitingTime="1.98" meanTravelTime="254.21" meanSpeed="24.99" meanSpeedRelative="0.78" duration="86"/>
    <step time="7500.00" loaded="3638" inserted="3631" running="121" waiting="7" ended="3510" arrived="3510" collisions="3" teleports="3" halting="4" stopped="0" meanWaitingTime="2.00" meanTravelTime="254.64" meanSpeed="24.71" meanSpeedRelative="0.77" duration="1"/>
    <step time="7800.00" loaded="3797" inserted="3797" running="140" waiting="0" ended="3657" arrived="3657" collisions="3" teleports="3" halting="4" stopped="0" meanWaitingTime="2.26" meanTravelTime="254.00" meanSpeed="25.10" meanSpeedRelative="0.78" duration="1"/>
    <step time="8100.00" loaded="3960" inserted="3959" running="140" waiting="1" ended="3819" arrived="3819" collisions="3" teleports="3" halting="5" stopped="0" meanWaitingTime="2.26" meanTravelTime="253.19" meanSpeed="24.10" meanSpeedRelative="0.75" duration="1"/>
    <step time="8400.00" loaded="4099" inserted="4097" running="136" waiting="2" ended="3961" arrived="3961" collisions="3" teleports="3" halting="2" stopped="0" meanWaitingTime="2.24" meanTravelTime="253.42" meanSpeed="24.31" meanSpeedRelative="0.76" duration="1"/>
    <step time="8700.00" loaded="4234" inserted="4230" running="115" waiting="4" ended="4115" arrived="4115" collisions="3" teleports="3" halting="1" stopped="0" meanWaitingTime="2.34" meanTravelTime="254.50" meanSpeed="25.20" meanSpeedRelative="0.79" duration="1"/>
    <step time="9000.00" loaded="4385" inserted="4376" running="118" waiting="9" ended="4258" arrived="4258" collisions="4" teleports="4" halting="2" stopped="0" meanWaitingTime="2.53" meanTravelTime="255.38" meanSpeed="25.80" meanSpeedRelative="0.81" duration="1"/>
    <step time="9300.00" loaded="4537" inserted="4519" running="119" waiting="18" ended="4400" arrived="4400" collisions="4" teleports="4" halting="3" stopped="0" meanWaitingTime="3.10" meanTravelTime="255.36" meanSpeed="24.18" meanSpeedRelative="0.76" duration="0"/>
    <step time="9600.00" loaded="4672" inserted="4657" running="116" waiting="15" ended="4541" arrived="4541" collisions="4" teleports="4" halting="0" stopped="0" meanWaitingTime="4.08" meanTravelTime="254.59" meanSpeed="25.56" meanSpeedRelative="0.80" duration="0"/>
    <step time="9900.00" loaded="4829" inserted="4806" running="125" waiting="23" ended="4681" arrived="4681" collisions="4" teleports="4" halting="2" stopped="0" meanWaitingTime="5.08" meanTravelTime="254.12" meanSpeed="24.33" meanSpeedRelative="0.76" duration="1"/>
    <step time="10200.00" loaded="4984" inserted="4952" running="134" waiting="32" ended="4818" arrived="4818" collisions="4" teleports="4" halting="4" stopped="0" meanWaitingTime="6.21" meanTravelTime="253.47" meanSpeed="24.26" meanSpeedRelative="0.76" duration="1"/>
    <step time="10500.00" loaded="5121" inserted="5078" running="120" waiting="43" ended="4958" arrived="4958" collisions="4" teleports="4" halting="5" stopped="0" meanWaitingTime="7.51" meanTravelTime="254.38" meanSpeed="24.17" meanSpeedRelative="0.76" duration="1"/>
    <step time="10800.00" loaded="5263" inserted="5208" running="127" waiting="55" ended="5081" arrived="5081" collisions="4" teleports="4" halting="1" stopped="0" meanWaitingTime="9.21" meanTravelTime="255.33" meanSpeed="25.66" meanSpeedRelative="0.80" duration="87"/>
    <step time="11100.00" loaded="5411" inserted="5344" running="112" waiting="67" ended="5232" arrived="5232" collisions="4" teleports="4" halting="1" stopped="0" meanWaitingTime="11.49" meanTravelTime="255.70" meanSpeed="24.88" meanSpeedRelative="0.78" duration="1"/>
    <step time="11400.00" loaded="5553" inserted="5486" running="127" waiting="67" ended="5359" arrived="5359" collisions="4" teleports="4" halting="2" stopped="0" meanWaitingTime="13.99" meanTravelTime="255.90" meanSpeed="24.70" meanSpeedRelative="0.77" duration="1"/>
    <step time="11700.00" loaded="5709" inserted="5649" running="118" waiting="60" ended="5531" arrived="5531" collisions="4" teleports="4" halting="0" stopped="0" meanWaitingTime="16.86" meanTravelTime="255.40" meanSpeed="25.01" meanSpeedRelative="0.78" duration="1"/>
    <step time="12000.00" loaded="5854" inserted="5789" running="103" waiting="65" ended="5686" arrived="5686" collisions="4" teleports="4" halting="2" stopped="0" meanWaitingTime="19.87" meanTravelTime="254.38" meanSpeed="24.64" meanSpeedRelative="0.77" duration="1"/>
    <step time="12300.00" loaded="5993" inserted="5929" running="109" waiting="64" ended="5820" arrived="5820" collisions="4" teleports="4" halting="3" stopped="0" meanWaitingTime="22.48" meanTravelTime="254.25" meanSpeed="24.45" meanSpeedRelative="0.76" duration="1"/>
    <step time="12600.00" loaded="6143" inserted="6068" running="121" waiting="75" ended="5947" arrived="5947" collisions="4" teleports="4" halting="0" stopped="0" meanWaitingTime="24.76" meanTravelTime="253.99" meanSpeed="25.55" meanSpeedRelative="0.80" duration="1"/>
    <step time="12900.00" loaded="6295" inserted="6217" running="117" waiting="78" ended="6100" arrived="6100" collisions="4" teleports="4" halting="2" stopped="0" meanWaitingTime="27.57" meanTravelTime="253.38" meanSpeed="24.38" meanSpeedRelative="0.76" duration="1"/>
    <step time="13200.00" loaded="6437" inserted="6367" running="117" waiting="70" ended="6250" arrived="6250" collisions="5" teleports="5" halting="4" stopped="0" meanWaitingTime="30.23" meanTravelTime="253.25" meanSpeed="23.93" meanSpeedRelative="0.75" duration="1"/>
    <step time="13500.00" loaded="6579" inserted="6515" running="116" waiting="64" ended="6399" arrived="6399" collisions="5" teleports="5" halting="2" stopped="0" meanWaitingTime="32.67" meanTravelTime="252.84" meanSpeed="23.94" meanSpeedRelative="0.75" duration="0"/>
    <step time="13800.00" loaded="6715" inserted="6665" running="112" waiting="50" ended="6553" arrived="6553" collisions="5" teleports="5" halting="1" stopped="0" meanWaitingTime="35.58" meanTravelTime="252.16" meanSpeed="25.03" meanSpeedRelative="0.78" duration="1"/>
    <step time="14100.00" loaded="6844" inserted="6793" running="97" waiting="51" ended="6696" arrived="6696" collisions="5" teleports="5" halting="4" stopped="0" meanWaitingTime="38.04" meanTravelTime="251.91" meanSpeed="25.10" meanSpeedRelative="0.78" duration="1"/>
    <step time="14400.00" loaded="6969" inserted="6919" running="100" waiting="50" ended="6819" arrived="6819" collisions="5" teleports="5" halting="4" stopped="0" meanWaitingTime="39.51" meanTravelTime="251.61" meanSpeed="24.90" meanSpeedRelative="0.78" duration="86"/>
    <step time="14700.00" loaded="7084" inserted="7032" running="91" waiting="52" ended="6941" arrived="6941" collisions="5" teleports="5" halting="0" stopped="0" meanWaitingTime="41.00" meanTravelTime="251.23" meanSpeed="25.09" meanSpeedRelative="0.78" duration="0"/>
    <step time="15000.00" loaded="7183" inserted="7128" running="83" waiting="55" ended="7045" arrived="7045" collisions="5" teleports="5" halting="3" stopped="0" meanWaitingTime="42.34" meanTravelTime="251.64" meanSpeed="23.48" meanSpeedRelative="0.73" duration="1"/>
    <step time="15300.00" loaded="7289" inserted="7231" running="82" waiting="58" ended="7149" arrived="7149" collisions="5" teleports="5" halting="3" stopped="0" meanWaitingTime="43.66" meanTravelTime="251.53" meanSpeed="23.83" meanSpeedRelative="0.74" duration="1"/>
    <step time="15600.00" loaded="7380" inserted="7325" running="69" waiting="55" ended="7256" arrived="7256" collisions="6" teleports="6" halting="7" stopped="0" meanWaitingTime="45.34" meanTravelTime="251.36" meanSpeed="23.12" meanSpeedRelative="0.72" duration="0"/>
    <step time="15900.00" loaded="7475" inserted="7429" running="74" waiting="46" ended="7355" arrived="7355" collisions="6" teleports="6" halting="0" stopped="0" meanWaitingTime="47.16" meanTravelTime="250.86" meanSpeed="24.00" meanSpeedRelative="0.75" duration="0"/>
    <step time="16200.00" loaded="7583" inserted="7545" running="74" waiting="38" ended="7471" arrived="7471" collisions="6" teleports="6" halting="1" stopped="0" meanWaitingTime="48.96" meanTravelTime="250.40" meanSpeed="24.36" meanSpeedRelative="0.76" duration="0"/>
    <step time="16500.00" loaded="7685" inserted="7647" running="84" waiting="38" ended="7563" arrived="7563" collisions="6" teleports="6" halting="2" stopped="0" meanWaitingTime="50.12" meanTravelTime="250.04" meanSpeed="24.66" meanSpeedRelative="0.77" duration="1"/>
    <step time="16800.00" loaded="7763" inserted="7743" running="69" waiting="20" ended="7674" arrived="7674" collisions="6" teleports="6" halting="5" stopped="0" meanWaitingTime="51.15" meanTravelTime="249.64" meanSpeed="22.97" meanSpeedRelative="0.72" duration="0"/>
    <step time="17100.00" loaded="7855" inserted="7839" running="69" waiting="16" ended="7770" arrived="7770" collisions="6" teleports="6" halting="1" stopped="0" meanWaitingTime="51.54" meanTravelTime="249.52" meanSpeed="24.97" meanSpeedRelative="0.78" duration="1"/>
    <step time="17400.00" loaded="7956" inserted="7947" running="69" waiting="9" ended="7878" arrived="7878" collisions="6" teleports="6" halting="0" stopped="0" meanWaitingTime="51.43" meanTravelTime="248.64" meanSpeed="24.93" meanSpeedRelative="0.78" duration="0"/>
    <step time="17700.00" loaded="8059" inserted="8059" running="79" waiting="0" ended="7980" arrived="7980" collisions="6" teleports="6" halting="3" stopped="0" meanWaitingTime="51.00" meanTravelTime="248.32" meanSpeed="24.58" meanSpeedRelative="0.77" duration="1"/>
    <step time="18000.00" loaded="8162" inserted="8160" running="71" waiting="2" ended="8089" arrived="8089" collisions="6" teleports="6" halting="1" stopped="0" meanWaitingTime="50.42" meanTravelTime="247.96" meanSpeed="22.82" meanSpeedRelative="0.71" duration="80"/>
    <step time="18300.00" loaded="8353" inserted="8338" running="119" waiting="15" ended="8219" arrived="8219" collisions="6" teleports="6" halting="5" stopped="0" meanWaitingTime="49.52" meanTravelTime="247.08" meanSpeed="24.23" meanSpeedRelative="0.76" duration="1"/>
    <step time="18600.00" loaded="8572" inserted="8545" running="150" waiting="27" ended="8395" arrived="8395" collisions="6" teleports="6" halting="0" stopped="0" meanWaitingTime="48.79" meanTravelTime="245.85" meanSpeed="25.70" meanSpeedRelative="0.80" duration="1"/>
    <step time="18900.00" loaded="8775" inserted="8743" running="162" waiting="32" ended="8581" arrived="8581" collisions="6" teleports="6" halting="4" stopped="0" meanWaitingTime="48.53" meanTravelTime="245.69" meanSpeed="24.45" meanSpeedRelative="0.76" duration="1"/>
    <step time="19200.00" loaded="8977" inserted="8933" running="135" waiting="44" ended="8798" arrived="8798" collisions="6" teleports="6" halting="1" stopped="0" meanWaitingTime="48.38" meanTravelTime="245.36" meanSpeed="23.87" meanSpeedRelative="0.75" duration="0"/>
    <step time="19500.00" loaded="9204" inserted="9132" running="167" waiting="72" ended="8965" arrived="8965" collisions="6" teleports="6" halting="3" stopped="0" meanWaitingTime="48.43" meanTravelTime="244.97" meanSpeed="23.39" meanSpeedRelative="0.73" duration="1"/>
    <step time="19800.00" loaded="9390" inserted="9303" running="128" waiting="87" ended="9175" arrived="9175" collisions="6" teleports="6" halting="4" stopped="0" meanWaitingTime="48.81" meanTravelTime="244.82" meanSpeed="23.89" meanSpeedRelative="0.75" duration="1"/>
    <step time="20100.00" loaded="9620" inserted="9517" running="158" waiting="103" ended="9359" arrived="9359" collisions="7" teleports="7" halting="2" stopped="0" meanWaitingTime="49.83" meanTravelTime="244.32" meanSpeed="24.93" meanSpeedRelative="0.78" duration="1"/>
    <step time="20400.00" loaded="9834" inserted="9726" running="165" waiting="108" ended="9561" arrived="9561" collisions="7" teleports="7" halting="2" stopped="0" meanWaitingTime="51.37" meanTravelTime="243.78" meanSpeed="24.13" meanSpeedRelative="0.75" duration="1"/>
    <step time="20700.00" loaded="10020" inserted="9899" running="151" waiting="121" ended="9748" arrived="9748" collisions="7" teleports="7" halting="6" stopped="0" meanWaitingTime="52.80" meanTravelTime="243.89" meanSpeed="24.35" meanSpeedRelative="0.76" duration="1"/>
    <step time="21000.00" loaded="10229" inserted="10096" running="167" waiting="133" ended="9929" arrived="9929" collisions="7" teleports="7" halting="2" stopped="0" meanWaitingTime="54.13" meanTravelTime="244.22" meanSpeed="22.70" meanSpeedRelative="0.71" duration="1"/>
    <step time="21300.00" loaded="10413" inserted="10268" running="143" waiting="145" ended="10125" arrived="10125" collisions="7" teleports="7" halting="0" stopped="0" meanWaitingTime="56.23" meanTravelTime="244.30" meanSpeed="24.28" meanSpeedRelative="0.76" duration="1"/>
    <step time="21600.00" loaded="10616" inserted="10470" running="149" waiting="146" ended="10321" arrived="10321" collisions="7" teleports="7" halting="5" stopped="0" meanWaitingTime="58.67" meanTravelTime="244.01" meanSpeed="23.35" meanSpeedRelative="0.73" duration="80"/>
    <step time="21900.00" loaded="11080" inserted="10873" running="318" waiting="207" ended="10555" arrived="10555" collisions="7" teleports="7" halting="6" stopped="0" meanWaitingTime="60.72" meanTravelTime="243.46" meanSpeed="22.45" meanSpeedRelative="0.70" duration="2"/>
    <step time="22200.00" loaded="11554" inserted="11277" running="389" waiting="277" ended="10888" arrived="10888" collisions="7" teleports="7" halting="3" stopped="0" meanWaitingTime="64.72" meanTravelTime="243.36" meanSpeed="22.41" meanSpeedRelative="0.70" duration="2"/>
    <step time="22500.00" loaded="12007" inserted="11658" running="388" waiting="349" ended="11270" arrived="11270" collisions="8" teleports="8" halting="9" stopped="0" meanWaitingTime="67.33" meanTravelTime="244.30" meanSpeed="21.60" meanSpeedRelative="0.67" duration="2"/>
    <step time="22800.00" loaded="12455" inserted="12059" running="415" waiting="396" ended="11644" arrived="11644" collisions="9" teleports="9" halting="7" stopped="0" meanWaitingTime="71.39" meanTravelTime="246.32" meanSpeed="20.77" meanSpeedRelative="0.65" duration="4"/>
    <step time="23100.00" loaded="12890" inserted="12451" running="422" waiting="439" ended="12029" arrived="12029" collisions="12" teleports="12" halting="1" stopped="0" meanWaitingTime="76.80" meanTravelTime="248.54" meanSpeed="20.53" meanSpeedRelative="0.64" duration="2"/>
    <step time="23400.00" loaded="13373" inserted="12867" running="441" waiting="506" ended="12426" arrived="12426" collisions="12" teleports="12" halting="7" stopped="0" meanWaitingTime="82.44" meanTravelTime="250.80" meanSpeed="21.19" meanSpeedRelative="0.66" duration="2"/>
    <step time="23700.00" loaded="13801" inserted="13259" running="434" waiting="542" ended="12825" arrived="12825" collisions="12" teleports="12" halting="10" stopped="0" meanWaitingTime="89.11" meanTravelTime="252.84" meanSpeed="20.63" meanSpeedRelative="0.64" duration="3"/>
    <step time="24000.00" loaded="14239" inserted="13655" running="436" waiting="584" ended="13219" arrived="13219" collisions="13" teleports="13" halting="3" stopped="0" meanWaitingTime="95.90" meanTravelTime="254.95" meanSpeed="20.35" meanSpeedRelative="0.64" duration="2"/>
    <step time="24300.00" loaded="14672" inserted="14019" running="405" waiting="653" ended="13614" arrived="13614" collisions="14" teleports="14" halting="3" stopped="0" meanWaitingTime="102.59" meanTravelTime="257.13" meanSpeed="21.26" meanSpeedRelative="0.66" duration="2"/>
    <step time="24600.00" loaded="15140" inserted="14434" running="452" waiting="706" ended="13982" arrived="13982" collisions="16" teleports="16" halting="11" stopped="0" meanWaitingTime="109.81" meanTravelTime="259.09" meanSpeed="20.75" meanSpeedRelative="0.65" duration="3"/>
    <step time="24900.00" loaded="15608" inserted="14841" running="458" waiting="767" ended="14383" arrived="14383" collisions="17" teleports="17" halting="3" stopped="0" meanWaitingTime="116.58" meanTravelTime="260.82" meanSpeed="20.13" meanSpeedRelative="0.63" duration="3"/>
    <step time="25200.00" loaded="16054" inserted="15242" running="454" waiting="812" ended="14788" arrived="14788" collisions="17" teleports="17" halting="4" stopped="0" meanWaitingTime="124.99" meanTravelTime="263.08" meanSpeed="19.29" meanSpeedRelative="0.60" duration="89"/>
    <step time="25500.00" loaded="16635" inserted="15684" running="485" waiting="951" ended="15199" arrived="15199" collisions="19" teleports="19" halting="3" stopped="0" meanWaitingTime="133.27" meanTravelTime="265.30" meanSpeed="20.19" meanSpeedRelative="0.63" duration="3"/>
    <step time="25800.00" loaded="17158" inserted="16144" running="497" waiting="1014" ended="15647" arrived="15647" collisions="19" teleports="19" halting="2" stopped="0" meanWaitingTime="142.54" meanTravelTime="266.92" meanSpeed="19.55" meanSpeedRelative="0.61" duration="2"/>
    <step time="26100.00" loaded="17744" inserted="16654" running="557" waiting="1090" ended="16097" arrived="16097" collisions="20" teleports="20" halting="12" stopped="0" meanWaitingTime="153.85" meanTravelTime="268.53" meanSpeed="18.13" meanSpeedRelative="0.57" duration="3"/>
    <step time="26400.00" loaded="18290" inserted="17122" running="576" waiting="1168" ended="16546" arrived="16546" collisions="20" teleports="20" halting="7" stopped="0" meanWaitingTime="163.70" meanTravelTime="270.68" meanSpeed="17.74" meanSpeedRelative="0.55" duration="3"/>
    <step time="26700.00" loaded="18830" inserted="17564" running="584" waiting="1266" ended="16980" arrived="16980" collisions="20" teleports="20" halting="4" stopped="0" meanWaitingTime="173.33" meanTravelTime="272.88" meanSpeed="17.84" meanSpeedRelative="0.56" duration="4"/>
    <step time="27000.00" loaded="19383" inserted="17999" running="548" waiting="1384" ended="17451" arrived="17451" collisions="22" teleports="22" halting="4" stopped="0" meanWaitingTime="183.54" meanTravelTime="275.88" meanSpeed="17.79" meanSpeedRelative="0.56" duration="3"/>
    <step time="27300.00" loaded="19945" inserted="18462" running="561" waiting="1483" ended="17901" arrived="17901" collisions="23" teleports="23" halting="3" stopped="0" meanWaitingTime="195.32" meanTravelTime="278.38" meanSpeed="18.36" meanSpeedRelative="0.57" duration="3"/>
    <step time="27600.00" loaded="20503" inserted="18925" running="562" waiting="1578" ended="18363" arrived="18363" collisions="23" teleports="23" halting="7" stopped="0" meanWaitingTime="207.34" meanTravelTime="280.56" meanSpeed="18.08" meanSpeedRelative="0.56" duration="3"/>
    <step time="27900.00" loaded="21063" inserted="19389" running="540" waiting="1674" ended="18849" arrived="18849" collisions="24" teleports="24" halting="7" stopped="0" meanWaitingTime="221.23" meanTravelTime="282.72" meanSpeed="19.28" meanSpeedRelative="0.60" duration="2"/>
    <step time="28200.00" loaded="21643" inserted="19843" running="540" waiting="1800" ended="19303" arrived="19303" collisions="25" teleports="25" halting="8" stopped="0" meanWaitingTime="233.80" meanTravelTime="284.59" meanSpeed="18.59" meanSpeedRelative="0.58" duration="3"/>
    <step time="28500.00" loaded="22236" inserted="20329" running="556" waiting="1907" ended="19773" arrived="19773" collisions="26" teleports="26" halting="4" stopped="0" meanWaitingTime="248.37" meanTravelTime="286.29" meanSpeed="18.90" meanSpeedRelative="0.59" duration="4"/>
    <step time="28800.00" loaded="22798" inserted="20792" running="537" waiting="2006" ended="20255" arrived="20255" collisions="27" teleports="27" halting="6" stopped="0" meanWaitingTime="262.84" meanTravelTime="287.66" meanSpeed="19.34" meanSpeedRelative="0.60" duration="88"/>
    <step time="29100.00" loaded="23157" inserted="21226" running="507" waiting="1931" ended="20719" arrived="20719" collisions="29" teleports="29" halting="6" stopped="0" meanWaitingTime="277.90" meanTravelTime="288.98" meanSpeed="19.28" meanSpeedRelative="0.60" duration="3"/>
    <step time="29400.00" loaded="23526" inserted="21626" running="452" waiting="1900" ended="21174" arrived="21174" collisions="30" teleports="30" halting="8" stopped="0" meanWaitingTime="290.28" meanTravelTime="290.27" meanSpeed="20.26" meanSpeedRelative="0.63" duration="2"/>
    <step time="29700.00" loaded="23898" inserted="22032" running="421" waiting="1866" ended="21611" arrived="21611" collisions="31" teleports="31" halting="4" stopped="0" meanWaitingTime="303.49" meanTravelTime="291.14" meanSpeed="20.71" meanSpeedRelative="0.65" duration="2"/>
    <step time="30000.00" loaded="24259" inserted="22430" running="415" waiting="1829" ended="22015" arrived="22015" collisions="31" teleports="31" halting="5" stopped="0" meanWaitingTime="315.04" meanTravelTime="291.99" meanSpeed="21.21" meanSpeedRelative="0.66" duration="3"/>
    <step time="30300.00" loaded="24592" inserted="22810" running="424" waiting="1782" ended="22386" arrived="22386" collisions="31" teleports="31" halting="2" stopped="0" meanWaitingTime="327.09" meanTravelTime="292.44" meanSpeed="21.06" meanSpeedRelative="0.66" duration="3"/>
    <step time="30600.00" loaded="24944" inserted="23199" running="378" waiting="1745" ended="22821" arrived="22821" collisions="31" teleports="31" halting="7" stopped="0" meanWaitingTime="339.87" meanTravelTime="293.07" meanSpeed="20.90" meanSpeedRelative="0.65" duration="2"/>
    <step time="30900.00" loaded="25313" inserted="23580" running="372" waiting="1733" ended="23208" arrived="23208" collisions="31" teleports="31" halting="8" stopped="0" meanWaitingTime="351.40" meanTravelTime="293.06" meanSpeed="20.96" meanSpeedRelative="0.66" duration="2"/>
    <step time="31200.00" loaded="25665" inserted="23981" running="387" waiting="1684" ended="23594" arrived="23594" collisions="33" teleports="33" halting="6" stopped="0" meanWaitingTime="364.54" meanTravelTime="293.09" meanSpeed="21.71" meanSpeedRelative="0.68" duration="3"/>
    <step time="31500.00" loaded="25985" inserted="24343" running="356" waiting="1642" ended="23987" arrived="23987" collisions="35" teleports="35" halting="3" stopped="0" meanWaitingTime="375.69" meanTravelTime="293.03" meanSpeed="21.48" meanSpeedRelative="0.67" duration="2"/>
    <step time="31800.00" loaded="26355" inserted="24723" running="361" waiting="1632" ended="24362" arrived="24362" collisions="36" teleports="36" halting="5" stopped="0" meanWaitingTime="388.64" meanTravelTime="292.94" meanSpeed="21.35" meanSpeedRelative="0.67" duration="2"/>
    <step time="32100.00" loaded="26726" inserted="25068" running="332" waiting="1658" ended="24736" arrived="24736" collisions="36" teleports="36" halting="8" stopped="0" meanWaitingTime="399.12" meanTravelTime="292.94" meanSpeed="22.00" meanSpeedRelative="0.69" duration="3"/>
    <step time="32400.00" loaded="27070" inserted="25411" running="311" waiting="1659" ended="25100" arrived="25100" collisions="36" teleports="36" halting="2" stopped="0" meanWaitingTime="410.12" meanTravelTime="292.73" meanSpeed="22.64" meanSpeedRelative="0.71" duration="87"/>
    <step time="32700.00" loaded="27346" inserted="25726" running="290" waiting="1620" ended="25436" arrived="25436" collisions="36" teleports="36" halting="7" stopped="0" meanWaitingTime="421.74" meanTravelTime="292.62" meanSpeed="22.65" meanSpeedRelative="0.71" duration="2"/>
    <step time="33000.00" loaded="27627" inserted="26018" running="275" waiting="1609" ended="25743" arrived="25743" collisions="37" teleports="37" halting="6" stopped="0" meanWaitingTime="432.62" meanTravelTime="292.47" meanSpeed="23.21" meanSpeedRelative="0.73" duration="3"/>
    <step time="33300.00" loaded="27885" inserted="26315" running="265" waiting="1570" ended="26050" arrived="26050" collisions="38" teleports="38" halting="2" stopped="0" meanWaitingTime="443.97" meanTravelTime="292.04" meanSpeed="23.30" meanSpeedRelative="0.73" duration="2"/>
    <step time="33600.00" loaded="28154" inserted="26631" running="256" waiting="1523" ended="26375" arrived="26375" collisions="39" teleports="39" halting="4" stopped="0" meanWaitingTime="456.41" meanTravelTime="291.62" meanSpeed="22.68" meanSpeedRelative="0.71" duration="2"/>
    <step time="33900.00" loaded="28382" inserted="26898" running="242" waiting="1484" ended="26656" arrived="26656" collisions="39" teleports="39" halting="4" stopped="0" meanWaitingTime="467.89" meanTravelTime="291.38" meanSpeed="22.30" meanSpeedRelative="0.70" duration="2"/>
    <step time="34200.00" loaded="28643" inserted="27216" running="259" waiting="1427" ended="26957" arrived="26957" collisions="39" teleports="39" halting="5" stopped="0" meanWaitingTime="479.21" meanTravelTime="291.24" meanSpeed="22.31" meanSpeedRelative="0.70" duration="2"/>
    <step time="34500.00" loaded="28891" inserted="27512" running="266" waiting="1379" ended="27246" arrived="27246" collisions="39" teleports="39" halting="3" stopped="0" meanWaitingTime="490.73" meanTravelTime="290.84" meanSpeed="22.18" meanSpeedRelative="0.69" duration="2"/>
    <step time="34800.00" loaded="29182" inserted="27817" running="274" waiting="1365" ended="27543" arrived="27543" collisions="40" teleports="40" halting="4" stopped="0" meanWaitingTime="502.43" meanTravelTime="290.47" meanSpeed="21.86" meanSpeedRelative="0.68" duration="1"/>
    <step time="35100.00" loaded="29439" inserted="28103" running="259" waiting="1336" ended="27844" arrived="27844" collisions="40" teleports="40" halting="5" stopped="0" meanWaitingTime="513.09" meanTravelTime="290.30" meanSpeed="21.56" meanSpeedRelative="0.67" duration="2"/>
    <step time="35400.00" loaded="29686" inserted="28394" running="257" waiting="1292" ended="28137" arrived="28137" collisions="40" teleports="40" halting="1" stopped="0" meanWaitingTime="522.84" meanTravelTime="290.09" meanSpeed="22.20" meanSpeedRelative="0.69" duration="2"/>
    <step time="35700.00" loaded="29928" inserted="28673" running="255" waiting="1255" ended="28418" arrived="28418" collisions="40" teleports="40" halting="4" stopped="0" meanWaitingTime="533.26" meanTravelTime="289.94" meanSpeed="22.65" meanSpeedRelative="0.71" duration="2"/>
    <step time="36000.00" loaded="30195" inserted="28966" running="245" waiting="1229" ended="28721" arrived="28721" collisions="40" teleports="40" halting="7" stopped="0" meanWaitingTime="542.08" meanTravelTime="289.79" meanSpeed="22.89" meanSpeedRelative="0.72" duration="83"/>
    <step time="36300.00" loaded="30650" inserted="29398" running="351" waiting="1252" ended="29047" arrived="29047" collisions="40" teleports="40" halting="4" stopped="0" meanWaitingTime="549.13" meanTravelTime="289.25" meanSpeed="22.66" meanSpeedRelative="0.71" duration="3"/>
    <step time="36600.00" loaded="31126" inserted="29850" running="397" waiting="1276" ended="29453" arrived="29453" collisions="41" teleports="41" halting="3" stopped="0" meanWaitingTime="557.32" meanTravelTime="288.53" meanSpeed="21.38" meanSpeedRelative="0.67" duration="2"/>
    <step time="36900.00" loaded="31631" inserted="30288" running="440" waiting="1343" ended="29848" arrived="29848" collisions="42" teleports="42" halting="7" stopped="0" meanWaitingTime="563.12" meanTravelTime="288.44" meanSpeed="20.86" meanSpeedRelative="0.65" duration="3"/>
    <step time="37200.00" loaded="32110" inserted="30707" running="454" waiting="1403" ended="30253" arrived="30253" collisions="44" teleports="44" halting="5" stopped="0" meanWaitingTime="569.24" meanTravelTime="288.69" meanSpeed="20.64" meanSpeedRelative="0.64" duration="4"/>
    <step time="37500.00" loaded="32581" inserted="31134" running="453" waiting="1447" ended="30681" arrived="30681" collisions="44" teleports="44" halting="6" stopped="0" meanWaitingTime="575.42" meanTravelTime="289.14" meanSpeed="20.39" meanSpeedRelative="0.64" duration="3"/>
    <step time="37800.00" loaded="33041" inserted="31560" running="454" waiting="1481" ended="31106" arrived="31106" collisions="44" teleports="44" halting="6" stopped="0" meanWaitingTime="582.09" meanTravelTime="289.57" meanSpeed="20.29" meanSpeedRelative="0.63" duration="2"/>
    <step time="38100.00" loaded="33500" inserted="31985" running="433" waiting="1515" ended="31552" arrived="31552" collisions="46" teleports="46" halting="6" stopped="0" meanWaitingTime="588.07" meanTravelTime="290.03" meanSpeed="20.47" meanSpeedRelative="0.64" duration="3"/>
    <step time="38400.00" loaded="33994" inserted="32438" running="467" waiting="1556" ended="31971" arrived="31971" collisions="47" teleports="47" halting="10" stopped="0" meanWaitingTime="594.53" meanTravelTime="290.09" meanSpeed="21.05" meanSpeedRelative="0.66" duration="2"/>
    <step time="38700.00" loaded="34451" inserted="32848" running="458" waiting="1603" ended="32390" arrived="32390" collisions="47" teleports="47" halting="5" stopped="0" meanWaitingTime="600.27" meanTravelTime="290.38" meanSpeed="20.29" meanSpeedRelative="0.63" duration="3"/>
    <step time="39000.00" loaded="34898" inserted="33276" running="463" waiting="1622" ended="32813" arrived="32813" collisions="47" teleports="47" halting="6" stopped="0" meanWaitingTime="605.98" meanTravelTime="290.85" meanSpeed="20.08" meanSpeedRelative="0.63" duration="2"/>
    <step time="39300.00" loaded="35390" inserted="33707" running="472" waiting="1683" ended="33235" arrived="33235" collisions="48" teleports="48" halting="4" stopped="0" meanWaitingTime="611.22" meanTravelTime="291.35" meanSpeed="20.54" meanSpeedRelative="0.64" duration="4"/>
    <step time="39600.00" loaded="35888" inserted="34131" running="484" waiting="1757" ended="33647" arrived="33647" collisions="48" teleports="48" halting="8" stopped="0" meanWaitingTime="617.28" meanTravelTime="291.66" meanSpeed="20.16" meanSpeedRelative="0.63" duration="91"/>
    <step time="39900.00" loaded="36454" inserted="34591" running="502" waiting="1863" ended="34089" arrived="34089" collisions="50" teleports="50" halting="10" stopped="0" meanWaitingTime="622.18" meanTravelTime="292.26" meanSpeed="19.62" meanSpeedRelative="0.61" duration="4"/>
    <step time="40200.00" loaded="36954" inserted="35012" running="474" waiting="1942" ended="34538" arrived="34538" collisions="54" teleports="54" halting="8" stopped="0" meanWaitingTime="627.36" meanTravelTime="293.05" meanSpeed="19.89" meanSpeedRelative="0.62" duration="2"/>
    <step time="40500.00" loaded="37510" inserted="35508" running="534" waiting="2002" ended="34974" arrived="34974" collisions="54" teleports="54" halting="2" stopped="0" meanWaitingTime="632.60" meanTravelTime="293.29" meanSpeed="19.60" meanSpeedRelative="0.61" duration="5"/>
    <step time="40800.00" loaded="38057" inserted="35975" running="519" waiting="2082" ended="35456" arrived="35456" collisions="54" teleports="54" halting="7" stopped="0" meanWaitingTime="638.29" meanTravelTime="293.81" meanSpeed="19.06" meanSpeedRelative="0.60" duration="4"/>
    <step time="41100.00" loaded="38608" inserted="36426" running="543" waiting="2182" ended="35883" arrived="35883" collisions="54" teleports="54" halting="6" stopped="0" meanWaitingTime="642.09" meanTravelTime="294.20" meanSpeed="18.97" meanSpeedRelative="0.59" duration="4"/>
    <step time="41400.00" loaded="39167" inserted="36887" running="575" waiting="2280" ended="36312" arrived="36312" collisions="54" teleports="54" halting="6" stopped="0" meanWaitingTime="647.58" meanTravelTime="294.83" meanSpeed="18.97" meanSpeedRelative="0.59" duration="4"/>
    <step time="41700.00" loaded="39729" inserted="37368" running="577" waiting="2361" ended="36791" arrived="36791" collisions="56" teleports="56" halting="5" stopped="0" meanWaitingTime="654.17" meanTravelTime="295.88" meanSpeed="18.44" meanSpeedRelative="0.58" duration="4"/>
    <step time="42000.00" loaded="40228" inserted="37802" running="522" waiting="2426" ended="37280" arrived="37280" collisions="57" teleports="57" halting="10" stopped="0" meanWaitingTime="660.70" meanTravelTime="296.74" meanSpeed="19.14" meanSpeedRelative="0.60" duration="4"/>
    <step time="42300.00" loaded="40773" inserted="38257" running="533" waiting="2516" ended="37724" arrived="37724" collisions="60" teleports="60" halting="4" stopped="0" meanWaitingTime="669.13" meanTravelTime="297.41" meanSpeed="19.85" meanSpeedRelative="0.62" duration="3"/>
    <step time="42600.00" loaded="41317" inserted="38720" running="551" waiting="2597" ended="38169" arrived="38169" collisions="63" teleports="63" halting="7" stopped="0" meanWaitingTime="676.24" meanTravelTime="298.25" meanSpeed="18.36" meanSpeedRelative="0.57" duration="3"/>
    <step time="42900.00" loaded="41808" inserted="39154" running="535" waiting="2654" ended="38619" arrived="38619" collisions="64" teleports="64" halting="14" stopped="0" meanWaitingTime="683.06" meanTravelTime="298.79" meanSpeed="19.28" meanSpeedRelative="0.60" duration="4"/>
    <step time="43200.00" loaded="42315" inserted="39609" running="549" waiting="2706" ended="39060" arrived="39060" collisions="65" teleports="65" halting="9" stopped="0" meanWaitingTime="689.73" meanTravelTime="299.32" meanSpeed="19.30" meanSpeedRelative="0.60" duration="91"/>
    <step time="43500.00" loaded="42875" inserted="40072" running="557" waiting="2803" ended="39515" arrived="39515" collisions="68" teleports="68" halting="2" stopped="0" meanWaitingTime="695.74" meanTravelTime="300.21" meanSpeed="19.43" meanSpeedRelative="0.61" duration="5"/>
    <step time="43800.00" loaded="43387" inserted="40544" running="563" waiting="2843" ended="39981" arrived="39981" collisions="69" teleports="69" halting="7" stopped="0" meanWaitingTime="703.42" meanTravelTime="300.68" meanSpeed="18.11" meanSpeedRelative="0.57" duration="4"/>
    <step time="44100.00" loaded="43915" inserted="41003" running="569" waiting="2912" ended="40434" arrived="40434" collisions="72" teleports="72" halting="7" stopped="0" meanWaitingTime="712.47" meanTravelTime="301.42" meanSpeed="18.82" meanSpeedRelative="0.59" duration="5"/>
    <step time="44400.00" loaded="44424" inserted="41478" running="595" waiting="2946" ended="40883" arrived="40883" collisions="72" teleports="72" halting="4" stopped="0" meanWaitingTime="722.00" meanTravelTime="302.18" meanSpeed="18.52" meanSpeedRelative="0.58" duration="5"/>
    <step time="44700.00" loaded="44955" inserted="41949" running="589" waiting="3006" ended="41360" arrived="41360" collisions="72" teleports="72" halting="5" stopped="0" meanWaitingTime="730.79" meanTravelTime="302.95" meanSpeed="18.66" meanSpeedRelative="0.58" duration="5"/>
    <step time="45000.00" loaded="45457" inserted="42410" running="567" waiting="3047" ended="41843" arrived="41843" collisions="73" teleports="73" halting="7" stopped="0" meanWaitingTime="740.14" meanTravelTime="303.68" meanSpeed="18.30" meanSpeedRelative="0.57" duration="4"/>
    <step time="45300.00" loaded="45964" inserted="42890" running="596" waiting="3074" ended="42294" arrived="42294" collisions="76" teleports="76" halting="4" stopped="0" meanWaitingTime="749.98" meanTravelTime="304.55" meanSpeed="17.89" meanSpeedRelative="0.56" duration="4"/>
    <step time="45600.00" loaded="46487" inserted="43371" running="594" waiting="3116" ended="42777" arrived="42777" collisions="77" teleports="77" halting="7" stopped="0" meanWaitingTime="759.62" meanTravelTime="305.24" meanSpeed="18.39" meanSpeedRelative="0.57" duration="5"/>
    <step time="45900.00" loaded="47022" inserted="43845" running="602" waiting="3177" ended="43243" arrived="43243" collisions="79" teleports="79" halting="6" stopped="0" meanWaitingTime="769.36" meanTravelTime="305.94" meanSpeed="17.71" meanSpeedRelative="0.55" duration="3"/>
    <step time="46200.00" loaded="47553" inserted="44303" running="596" waiting="3250" ended="43707" arrived="43707" collisions="80" teleports="80" halting="3" stopped="0" meanWaitingTime="778.48" meanTravelTime="306.87" meanSpeed="17.64" meanSpeedRelative="0.55" duration="6"/>
    <step time="46500.00" loaded="48103" inserted="44794" running="600" waiting="3309" ended="44194" arrived="44194" collisions="80" teleports="80" halting="10" stopped="0" meanWaitingTime="789.01" meanTravelTime="307.52" meanSpeed="17.71" meanSpeedRelative="0.55" duration="3"/>
    <step time="46800.00" loaded="48625" inserted="45277" running="612" waiting="3348" ended="44665" arrived="44665" collisions="85" teleports="85" halting="2" stopped="0" meanWaitingTime="799.55" meanTravelTime="308.30" meanSpeed="17.41" meanSpeedRelative="0.54" duration="96"/>
    <step time="47100.00" loaded="49173" inserted="45789" running="656" waiting="3384" ended="45133" arrived="45133" collisions="86" teleports="86" halting="7" stopped="0" meanWaitingTime="809.72" meanTravelTime="308.96" meanSpeed="17.38" meanSpeedRelative="0.54" duration="4"/>
    <step time="47400.00" loaded="49681" inserted="46257" running="656" waiting="3424" ended="45601" arrived="45601" collisions="87" teleports="87" halting="4" stopped="0" meanWaitingTime="819.65" meanTravelTime="309.96" meanSpeed="17.36" meanSpeedRelative="0.54" duration="5"/>
    <step time="47700.00" loaded="50194" inserted="46739" running="671" waiting="3455" ended="46068" arrived="46068" collisions="90" teleports="90" halting="12" stopped="0" meanWaitingTime="828.89" meanTravelTime="311.05" meanSpeed="16.76" meanSpeedRelative="0.52" duration="5"/>
    <step time="48000.00" loaded="50714" inserted="47187" running="652" waiting="3527" ended="46535" arrived="46535" collisions="92" teleports="92" halting="7" stopped="0" meanWaitingTime="837.63" meanTravelTime="312.08" meanSpeed="16.79" meanSpeedRelative="0.52" duration="5"/>
    <step time="48300.00" loaded="51201" inserted="47646" running="627" waiting="3555" ended="47019" arrived="47019" collisions="94" teleports="94" halting="6" stopped="0" meanWaitingTime="847.83" meanTravelTime="313.25" meanSpeed="17.02" meanSpeedRelative="0.53" duration="4"/>
    <step time="48600.00" loaded="51752" inserted="48168" running="697" waiting="3584" ended="47471" arrived="47471" collisions="97" teleports="97" halting="4" stopped="0" meanWaitingTime="858.03" meanTravelTime="313.90" meanSpeed="16.81" meanSpeedRelative="0.53" duration="4"/>
    <step time="48900.00" loaded="52267" inserted="48655" running="698" waiting="3612" ended="47957" arrived="47957" collisions="97" teleports="97" halting="8" stopped="0" meanWaitingTime="869.01" meanTravelTime="314.93" meanSpeed="16.60" meanSpeedRelative="0.52" duration="5"/>
    <step time="49200.00" loaded="52801" inserted="49146" running="670" waiting="3655" ended="48476" arrived="48476" collisions="98" teleports="98" halting="8" stopped="0" meanWaitingTime="879.83" meanTravelTime="316.04" meanSpeed="16.90" meanSpeedRelative="0.53" duration="6"/>
    <step time="49500.00" loaded="53302" inserted="49636" running="690" waiting="3666" ended="48946" arrived="48946" collisions="102" teleports="102" halting="6" stopped="0" meanWaitingTime="890.71" meanTravelTime="317.21" meanSpeed="16.81" meanSpeedRelative="0.53" duration="5"/>
    <step time="49800.00" loaded="53816" inserted="50090" running="658" waiting="3726" ended="49432" arrived="49432" collisions="105" teleports="105" halting="5" stopped="0" meanWaitingTime="899.88" meanTravelTime="318.36" meanSpeed="17.60" meanSpeedRelative="0.55" duration="5"/>
    <step time="50100.00" loaded="54388" inserted="50568" running="656" waiting="3820" ended="49912" arrived="49912" collisions="106" teleports="106" halting="5" stopped="0" meanWaitingTime="910.27" meanTravelTime="319.16" meanSpeed="17.04" meanSpeedRelative="0.53" duration="5"/>
    <step time="50400.00" loaded="54947" inserted="51070" running="684" waiting="3877" ended="50386" arrived="50386" collisions="106" teleports="106" halting="11" stopped="0" meanWaitingTime="920.43" meanTravelTime="320.23" meanSpeed="16.72" meanSpeedRelative="0.52" duration="103"/>
    <step time="50700.00" loaded="55610" inserted="51586" running="726" waiting="4024" ended="50860" arrived="50860" collisions="108" teleports="108" halting="14" stopped="0" meanWaitingTime="929.65" meanTravelTime="321.05" meanSpeed="16.51" meanSpeedRelative="0.52" duration="5"/>
    <step time="51000.00" loaded="56365" inserted="52117" running="759" waiting="4248" ended="51358" arrived="51358" collisions="109" teleports="109" halting="16" stopped="0" meanWaitingTime="937.60" meanTravelTime="321.96" meanSpeed="16.47" meanSpeedRelative="0.51" duration="7"/>
    <step time="51300.00" loaded="57110" inserted="52630" running="748" waiting="4480" ended="51882" arrived="51882" collisions="110" teleports="110" halting="7" stopped="0" meanWaitingTime="946.74" meanTravelTime="323.17" meanSpeed="16.29" meanSpeedRelative="0.51" duration="6"/>
    <step time="51600.00" loaded="57861" inserted="53186" running="783" waiting="4675" ended="52403" arrived="52403" collisions="111" teleports="111" halting="4" stopped="0" meanWaitingTime="957.47" meanTravelTime="324.16" meanSpeed="15.66" meanSpeedRelative="0.49" duration="6"/>
    <step time="51900.00" loaded="58575" inserted="53736" running="811" waiting="4839" ended="52925" arrived="52925" collisions="113" teleports="113" halting="4" stopped="0" meanWaitingTime="967.04" meanTravelTime="325.19" meanSpeed="15.45" meanSpeedRelative="0.48" duration="6"/>
    <step time="52200.00" loaded="59317" inserted="54289" running="849" waiting="5028" ended="53440" arrived="53440" collisions="118" teleports="118" halting="10" stopped="0" meanWaitingTime="976.01" meanTravelTime="326.35" meanSpeed="14.53" meanSpeedRelative="0.45" duration="8"/>
    <step time="52500.00" loaded="60055" inserted="54872" running="953" waiting="5183" ended="53919" arrived="53919" collisions="121" teleports="121" halting="6" stopped="0" meanWaitingTime="985.62" meanTravelTime="327.61" meanSpeed="13.43" meanSpeedRelative="0.42" duration="8"/>
    <step time="52800.00" loaded="60784" inserted="55436" running="970" waiting="5348" ended="54466" arrived="54466" collisions="123" teleports="123" halting="11" stopped="0" meanWaitingTime="995.81" meanTravelTime="329.19" meanSpeed="13.30" meanSpeedRelative="0.42" duration="8"/>
    <step time="53100.00" loaded="61528" inserted="55976" running="950" waiting="5552" ended="55026" arrived="55026" collisions="125" teleports="125" halting="6" stopped="0" meanWaitingTime="1004.87" meanTravelTime="331.12" meanSpeed="13.11" meanSpeedRelative="0.41" duration="9"/>
    <step time="53400.00" loaded="62294" inserted="56490" running="970" waiting="5804" ended="55520" arrived="55520" collisions="128" teleports="128" halting="13" stopped="0" meanWaitingTime="1013.68" meanTravelTime="332.89" meanSpeed="12.76" meanSpeedRelative="0.40" duration="7"/>
    <step time="53700.00" loaded="62993" inserted="57039" running="992" waiting="5954" ended="56047" arrived="56047" collisions="130" teleports="130" halting="12" stopped="0" meanWaitingTime="1023.98" meanTravelTime="334.97" meanSpeed="12.29" meanSpeedRelative="0.38" duration="6"/>
    <step time="54000.00" loaded="63683" inserted="57546" running="960" waiting="6137" ended="56586" arrived="56586" collisions="134" teleports="134" halting="9" stopped="0" meanWaitingTime="1034.64" meanTravelTime="337.06" meanSpeed="12.72" meanSpeedRelative="0.40" duration="93"/>
    <step time="54300.00" loaded="64160" inserted="58024" running="930" waiting="6136" ended="57094" arrived="57094" collisions="137" teleports="137" halting="15" stopped="0" meanWaitingTime="1046.31" meanTravelTime="339.29" meanSpeed="12.80" meanSpeedRelative="0.40" duration="6"/>
    <step time="54600.00" loaded="64603" inserted="58473" running="863" waiting="6130" ended="57610" arrived="57610" collisions="139" teleports="139" halting="3" stopped="0" meanWaitingTime="1056.75" meanTravelTime="341.29" meanSpeed="13.65" meanSpeedRelative="0.43" duration="8"/>
    <step time="54900.00" loaded="65081" inserted="58946" running="813" waiting="6135" ended="58133" arrived="58133" collisions="142" teleports="142" halting="10" stopped="0" meanWaitingTime="1069.86" meanTravelTime="343.12" meanSpeed="14.19" meanSpeedRelative="0.44" duration="8"/>
    <step time="55200.00" loaded="65550" inserted="59419" running="777" waiting="6131" ended="58642" arrived="58642" collisions="143" teleports="143" halting="12" stopped="0" meanWaitingTime="1082.08" meanTravelTime="344.58" meanSpeed="14.86" meanSpeedRelative="0.46" duration="7"/>
    <step time="55500.00" loaded="66006" inserted="59899" running="775" waiting="6107" ended="59124" arrived="59124" collisions="145" teleports="145" halting="13" stopped="0" meanWaitingTime="1095.25" meanTravelTime="346.08" meanSpeed="15.16" meanSpeedRelative="0.47" duration="5"/>
    <step time="55800.00" loaded="66467" inserted="60390" running="784" waiting="6077" ended="59606" arrived="59606" collisions="149" teleports="149" halting="10" stopped="0" meanWaitingTime="1109.22" meanTravelTime="347.23" meanSpeed="14.81" meanSpeedRelative="0.46" duration="8"/>
    <step time="56100.00" loaded="66922" inserted="60826" running="737" waiting="6096" ended="60089" arrived="60089" collisions="151" teleports="151" halting="9" stopped="0" meanWaitingTime="1121.95" meanTravelTime="348.36" meanSpeed="16.02" meanSpeedRelative="0.50" duration="7"/>
    <step time="56400.00" loaded="67401" inserted="61279" running="699" waiting="6122" ended="60580" arrived="60580" collisions="152" teleports="152" halting="8" stopped="0" meanWaitingTime="1133.69" meanTravelTime="349.29" meanSpeed="16.16" meanSpeedRelative="0.50" duration="7"/>
    <step time="56700.00" loaded="67821" inserted="61709" running="653" waiting="6112" ended="61056" arrived="61056" collisions="155" teleports="155" halting="6" stopped="0" meanWaitingTime="1146.24" meanTravelTime="350.25" meanSpeed="16.76" meanSpeedRelative="0.52" duration="4"/>
    <step time="57000.00" loaded="68253" inserted="62177" running="632" waiting="6076" ended="61545" arrived="61545" collisions="158" teleports="158" halting="5" stopped="0" meanWaitingTime="1159.43" meanTravelTime="350.94" meanSpeed="17.38" meanSpeedRelative="0.54" duration="7"/>
    <step time="57300.00" loaded="68718" inserted="62641" running="614" waiting="6077" ended="62027" arrived="62027" collisions="160" teleports="160" halting="10" stopped="0" meanWaitingTime="1170.88" meanTravelTime="351.51" meanSpeed="17.47" meanSpeedRelative="0.55" duration="5"/>
    <step time="57600.00" loaded="69172" inserted="63104" running="591" waiting="6068" ended="62513" arrived="62513" collisions="163" teleports="163" halting="2" stopped="0" meanWaitingTime="1183.87" meanTravelTime="351.86" meanSpeed="18.04" meanSpeedRelative="0.56" duration="83"/>
    <step time="57900.00" loaded="69727" inserted="63595" running="632" waiting="6132" ended="62963" arrived="62963" collisions="166" teleports="166" halting="5" stopped="0" meanWaitingTime="1197.60" meanTravelTime="352.17" meanSpeed="17.67" meanSpeedRelative="0.55" duration="4"/>
    <step time="58200.00" loaded="70251" inserted="64092" running="644" waiting="6159" ended="63448" arrived="63448" collisions="167" teleports="167" halting="4" stopped="0" meanWaitingTime="1212.14" meanTravelTime="352.35" meanSpeed="17.09" meanSpeedRelative="0.53" duration="7"/>
    <step time="58500.00" loaded="70815" inserted="64580" running="657" waiting="6235" ended="63923" arrived="63923" collisions="167" teleports="167" halting="7" stopped="0" meanWaitingTime="1225.00" meanTravelTime="352.65" meanSpeed="17.51" meanSpeedRelative="0.55" duration="6"/>
    <step time="58800.00" loaded="71391" inserted="65093" running="662" waiting="6298" ended="64431" arrived="64431" collisions="168" teleports="168" halting="3" stopped="0" meanWaitingTime="1238.78" meanTravelTime="352.93" meanSpeed="17.65" meanSpeedRelative="0.55" duration="6"/>
    <step time="59100.00" loaded="71949" inserted="65610" running="722" waiting="6339" ended="64888" arrived="64888" collisions="170" teleports="170" halting="8" stopped="0" meanWaitingTime="1254.05" meanTravelTime="353.10" meanSpeed="16.88" meanSpeedRelative="0.53" duration="7"/>
    <step time="59400.00" loaded="72508" inserted="66111" running="740" waiting="6397" ended="65371" arrived="65371" collisions="170" teleports="170" halting="9" stopped="0" meanWaitingTime="1268.57" meanTravelTime="353.55" meanSpeed="15.81" meanSpeedRelative="0.49" duration="5"/>
    <step time="59700.00" loaded="73089" inserted="66614" running="725" waiting="6475" ended="65889" arrived="65889" collisions="171" teleports="171" halting="2" stopped="0" meanWaitingTime="1281.50" meanTravelTime="354.11" meanSpeed="16.27" meanSpeedRelative="0.51" duration="8"/>
    <step time="60000.00" loaded="73652" inserted="67124" running="707" waiting="6528" ended="66417" arrived="66417" collisions="171" teleports="171" halting="9" stopped="0" meanWaitingTime="1295.78" meanTravelTime="354.84" meanSpeed="16.95" meanSpeedRelative="0.53" duration="6"/>
    <step time="60300.00" loaded="74200" inserted="67636" running="729" waiting="6564" ended="66907" arrived="66907" collisions="173" teleports="173" halting="15" stopped="0" meanWaitingTime="1309.71" meanTravelTime="355.30" meanSpeed="17.21" meanSpeedRelative="0.54" duration="7"/>
    <step time="60600.00" loaded="74762" inserted="68144" running="742" waiting="6618" ended="67402" arrived="67402" collisions="175" teleports="175" halting="6" stopped="0" meanWaitingTime="1324.03" meanTravelTime="355.82" meanSpeed="17.29" meanSpeedRelative="0.54" duration="7"/>
    <step time="60900.00" loaded="75286" inserted="68654" running="723" waiting="6632" ended="67931" arrived="67931" collisions="175" teleports="175" halting="5" stopped="0" meanWaitingTime="1338.39" meanTravelTime="356.49" meanSpeed="17.11" meanSpeedRelative="0.53" duration="5"/>
    <step time="61200.00" loaded="75875" inserted="69150" running="714" waiting="6725" ended="68436" arrived="68436" collisions="177" teleports="177" halting="7" stopped="0" meanWaitingTime="1351.72" meanTravelTime="357.13" meanSpeed="17.10" meanSpeedRelative="0.53" duration="86"/>
    <step time="61500.00" loaded="75941" inserted="69490" running="578" waiting="6451" ended="68912" arrived="68912" collisions="181" teleports="181" halting="10" stopped="0" meanWaitingTime="1368.76" meanTravelTime="357.75" meanSpeed="17.48" meanSpeedRelative="0.55" duration="5"/>
    <step time="61800.00" loaded="76014" inserted="69851" running="522" waiting="6163" ended="69329" arrived="69329" collisions="182" teleports="182" halting="1" stopped="0" meanWaitingTime="1387.21" meanTravelTime="358.30" meanSpeed="18.75" meanSpeedRelative="0.59" duration="7"/>
    <step time="62100.00" loaded="76087" inserted="70203" running="486" waiting="5884" ended="69717" arrived="69717" collisions="183" teleports="183" halting="5" stopped="0" meanWaitingTime="1405.29" meanTravelTime="358.91" meanSpeed="19.57" meanSpeedRelative="0.61" duration="5"/>
    <step time="62400.00" loaded="76171" inserted="70556" running="464" waiting="5615" ended="70092" arrived="70092" collisions="183" teleports="183" halting="4" stopped="0" meanWaitingTime="1423.38" meanTravelTime="359.22" meanSpeed="20.01" meanSpeedRelative="0.63" duration="5"/>
    <step time="62700.00" loaded="76244" inserted="70899" running="434" waiting="5345" ended="70465" arrived="70465" collisions="183" teleports="183" halting="6" stopped="0" meanWaitingTime="1441.75" meanTravelTime="359.42" meanSpeed="19.62" meanSpeedRelative="0.61" duration="3"/>
    <step time="63000.00" loaded="76311" inserted="71128" running="308" waiting="5183" ended="70820" arrived="70820" collisions="183" teleports="183" halting="4" stopped="0" meanWaitingTime="1458.02" meanTravelTime="359.63" meanSpeed="20.66" meanSpeedRelative="0.65" duration="2"/>
    <step time="63300.00" loaded="76381" inserted="71363" running="250" waiting="5018" ended="71113" arrived="71113" collisions="183" teleports="183" halting="3" stopped="0" meanWaitingTime="1473.72" meanTravelTime="359.69" meanSpeed="22.32" meanSpeedRelative="0.70" duration="2"/>
    <step time="63600.00" loaded="76455" inserted="71605" running="238" waiting="4850" ended="71367" arrived="71367" collisions="183" teleports="183" halting="3" stopped="0" meanWaitingTime="1491.30" meanTravelTime="359.55" meanSpeed="22.45" meanSpeedRelative="0.70" duration="4"/>
    <step time="63900.00" loaded="76515" inserted="71839" running="227" waiting="4676" ended="71612" arrived="71612" collisions="184" teleports="184" halting="6" stopped="0" meanWaitingTime="1508.34" meanTravelTime="359.33" meanSpeed="21.58" meanSpeedRelative="0.67" duration="3"/>
    <step time="64200.00" loaded="76592" inserted="72067" running="227" waiting="4525" ended="71840" arrived="71840" collisions="184" teleports="184" halting="1" stopped="0" meanWaitingTime="1523.52" meanTravelTime="359.16" meanSpeed="21.63" meanSpeedRelative="0.68" duration="3"/>
    <step time="64500.00" loaded="76653" inserted="72307" running="226" waiting="4346" ended="72081" arrived="72081" collisions="185" teleports="185" halting="4" stopped="0" meanWaitingTime="1540.66" meanTravelTime="358.93" meanSpeed="22.31" meanSpeedRelative="0.70" duration="3"/>
    <step time="64800.00" loaded="76747" inserted="72560" running="232" waiting="4187" ended="72328" arrived="72328" collisions="185" teleports="185" halting="3" stopped="0" meanWaitingTime="1557.14" meanTravelTime="358.68" meanSpeed="21.88" meanSpeedRelative="0.68" duration="93"/>
    <step time="65100.00" loaded="76788" inserted="72792" running="229" waiting="3996" ended="72563" arrived="72563" collisions="185" teleports="185" halting="2" stopped="0" meanWaitingTime="1575.19" meanTravelTime="358.45" meanSpeed="21.30" meanSpeedRelative="0.67" duration="3"/>
    <step time="65400.00" loaded="76863" inserted="73024" running="222" waiting="3839" ended="72802" arrived="72802" collisions="185" teleports="185" halting="3" stopped="0" meanWaitingTime="1591.15" meanTravelTime="358.18" meanSpeed="21.63" meanSpeedRelative="0.68" duration="2"/>
    <step time="65700.00" loaded="76923" inserted="73264" running="227" waiting="3659" ended="73037" arrived="73037" collisions="186" teleports="186" halting="7" stopped="0" meanWaitingTime="1608.22" meanTravelTime="357.95" meanSpeed="21.63" meanSpeedRelative="0.68" duration="2"/>
    <step time="66000.00" loaded="76968" inserted="73511" running="248" waiting="3457" ended="73263" arrived="73263" collisions="186" teleports="186" halting="4" stopped="0" meanWaitingTime="1628.03" meanTravelTime="357.73" meanSpeed="21.75" meanSpeedRelative="0.68" duration="3"/>
    <step time="66300.00" loaded="77016" inserted="73725" running="233" waiting="3291" ended="73492" arrived="73492" collisions="186" teleports="186" halting="2" stopped="0" meanWaitingTime="1642.59" meanTravelTime="357.56" meanSpeed="21.73" meanSpeedRelative="0.68" duration="2"/>
    <step time="66600.00" loaded="77069" inserted="73980" running="241" waiting="3089" ended="73739" arrived="73739" collisions="186" teleports="186" halting="6" stopped="0" meanWaitingTime="1658.93" meanTravelTime="357.41" meanSpeed="22.04" meanSpeedRelative="0.69" duration="2"/>
    <step time="66900.00" loaded="77122" inserted="74172" running="178" waiting="2950" ended="73994" arrived="73994" collisions="186" teleports="186" halting="4" stopped="0" meanWaitingTime="1673.77" meanTravelTime="357.18" meanSpeed="22.29" meanSpeedRelative="0.70" duration="2"/>
    <step time="67200.00" loaded="77163" inserted="74337" running="131" waiting="2826" ended="74206" arrived="74206" collisions="186" teleports="186" halting="3" stopped="0" meanWaitingTime="1688.81" meanTravelTime="356.94" meanSpeed="20.93" meanSpeedRelative="0.65" duration="1"/>
    <step time="67500.00" loaded="77216" inserted="74506" running="139" waiting="2710" ended="74367" arrived="74367" collisions="186" teleports="186" halting="5" stopped="0" meanWaitingTime="1702.17" meanTravelTime="356.73" meanSpeed="21.38" meanSpeedRelative="0.67" duration="2"/>
    <step time="67800.00" loaded="77265" inserted="74664" running="127" waiting="2601" ended="74537" arrived="74537" collisions="186" teleports="186" halting="7" stopped="0" meanWaitingTime="1714.63" meanTravelTime="356.51" meanSpeed="19.78" meanSpeedRelative="0.62" duration="2"/>
    <step time="68100.00" loaded="77318" inserted="74837" running="120" waiting="2481" ended="74717" arrived="74717" collisions="186" teleports="186" halting="1" stopped="0" meanWaitingTime="1728.54" meanTravelTime="356.18" meanSpeed="21.34" meanSpeedRelative="0.67" duration="1"/>
    <step time="68400.00" loaded="77363" inserted="75009" running="127" waiting="2354" ended="74882" arrived="74882" collisions="186" teleports="186" halting="2" stopped="0" meanWaitingTime="1742.93" meanTravelTime="355.91" meanSpeed="21.84" meanSpeedRelative="0.68" duration="91"/>
    <step time="68700.00" loaded="77519" inserted="75251" running="169" waiting="2268" ended="75082" arrived="75082" collisions="186" teleports="186" halting="3" stopped="0" meanWaitingTime="1755.22" meanTravelTime="355.48" meanSpeed="22.11" meanSpeedRelative="0.69" duration="2"/>
    <step time="69000.00" loaded="77678" inserted="75478" running="192" waiting="2200" ended="75286" arrived="75286" collisions="186" teleports="186" halting="5" stopped="0" meanWaitingTime="1764.63" meanTravelTime="355.13" meanSpeed="23.22" meanSpeedRelative="0.73" duration="2"/>
    <step time="69300.00" loaded="77821" inserted="75693" running="179" waiting="2128" ended="75514" arrived="75514" collisions="186" teleports="186" halting="3" stopped="0" meanWaitingTime="1773.07" meanTravelTime="354.83" meanSpeed="22.74" meanSpeedRelative="0.71" duration="2"/>
    <step time="69600.00" loaded="77954" inserted="75906" running="184" waiting="2048" ended="75722" arrived="75722" collisions="187" teleports="187" halting="4" stopped="0" meanWaitingTime="1780.13" meanTravelTime="354.58" meanSpeed="22.53" meanSpeedRelative="0.70" duration="2"/>
    <step time="69900.00" loaded="78112" inserted="76149" running="208" waiting="1963" ended="75941" arrived="75941" collisions="188" teleports="188" halting="3" stopped="0" meanWaitingTime="1786.86" meanTravelTime="354.35" meanSpeed="22.22" meanSpeedRelative="0.69" duration="2"/>
    <step time="70200.00" loaded="78259" inserted="76328" running="183" waiting="1931" ended="76145" arrived="76145" collisions="188" teleports="188" halting="1" stopped="0" meanWaitingTime="1791.62" meanTravelTime="354.14" meanSpeed="23.24" meanSpeedRelative="0.73" duration="2"/>
    <step time="70500.00" loaded="78396" inserted="76471" running="154" waiting="1925" ended="76317" arrived="76317" collisions="189" teleports="189" halting="5" stopped="0" meanWaitingTime="1795.86" meanTravelTime="354.04" meanSpeed="22.73" meanSpeedRelative="0.71" duration="1"/>
    <step time="70800.00" loaded="78555" inserted="76636" running="156" waiting="1919" ended="76480" arrived="76480" collisions="189" teleports="189" halting="3" stopped="0" meanWaitingTime="1799.51" meanTravelTime="353.91" meanSpeed="21.98" meanSpeedRelative="0.69" duration="1"/>
    <step time="71100.00" loaded="78702" inserted="76797" running="155" waiting="1905" ended="76642" arrived="76642" collisions="189" teleports="189" halting="5" stopped="0" meanWaitingTime="1803.55" meanTravelTime="353.82" meanSpeed="22.75" meanSpeedRelative="0.71" duration="2"/>
    <step time="71400.00" loaded="78858" inserted="76966" running="170" waiting="1892" ended="76796" arrived="76796" collisions="190" teleports="190" halting="1" stopped="0" meanWaitingTime="1808.18" meanTravelTime="353.69" meanSpeed="23.32" meanSpeedRelative="0.73" duration="1"/>
    <step time="71700.00" loaded="79020" inserted="77131" running="179" waiting="1889" ended="76952" arrived="76952" collisions="191" teleports="191" halting="5" stopped="0" meanWaitingTime="1812.81" meanTravelTime="353.52" meanSpeed="22.88" meanSpeedRelative="0.72" duration="1"/>
    <step time="72000.00" loaded="79167" inserted="77295" running="157" waiting="1872" ended="77138" arrived="77138" collisions="192" teleports="192" halting="8" stopped="0" meanWaitingTime="1817.41" meanTravelTime="353.44" meanSpeed="22.18" meanSpeedRelative="0.69" duration="84"/>
    <step time="72300.00" loaded="79308" inserted="77455" running="167" waiting="1853" ended="77288" arrived="77288" collisions="192" teleports="192" halting="2" stopped="0" meanWaitingTime="1822.05" meanTravelTime="353.35" meanSpeed="22.67" meanSpeedRelative="0.71" duration="1"/>
    <step time="72600.00" loaded="79433" inserted="77604" running="148" waiting="1829" ended="77456" arrived="77456" collisions="192" teleports="192" halting="3" stopped="0" meanWaitingTime="1826.99" meanTravelTime="353.21" meanSpeed="23.06" meanSpeedRelative="0.72" duration="1"/>
    <step time="72900.00" loaded="79586" inserted="77769" running="158" waiting="1817" ended="77611" arrived="77611" collisions="192" teleports="192" halting="7" stopped="0" meanWaitingTime="1831.13" meanTravelTime="353.12" meanSpeed="22.74" meanSpeedRelative="0.71" duration="1"/>
    <step time="73200.00" loaded="79731" inserted="77940" running="162" waiting="1791" ended="77778" arrived="77778" collisions="192" teleports="192" halting="1" stopped="0" meanWaitingTime="1835.95" meanTravelTime="352.97" meanSpeed="22.70" meanSpeedRelative="0.71" duration="1"/>
    <step time="73500.00" loaded="79879" inserted="78108" running="160" waiting="1771" ended="77948" arrived="77948" collisions="193" teleports="193" halting="6" stopped="0" meanWaitingTime="1840.72" meanTravelTime="352.81" meanSpeed="22.80" meanSpeedRelative="0.71" duration="1"/>
    <step time="73800.00" loaded="80025" inserted="78270" running="164" waiting="1755" ended="78106" arrived="78106" collisions="194" teleports="194" halting="2" stopped="0" meanWaitingTime="1845.00" meanTravelTime="352.69" meanSpeed="23.11" meanSpeedRelative="0.72" duration="1"/>
    <step time="74100.00" loaded="80160" inserted="78418" running="151" waiting="1742" ended="78267" arrived="78267" collisions="194" teleports="194" halting="5" stopped="0" meanWaitingTime="1850.64" meanTravelTime="352.56" meanSpeed="22.91" meanSpeedRelative="0.72" duration="1"/>
    <step time="74400.00" loaded="80317" inserted="78590" running="160" waiting="1727" ended="78430" arrived="78430" collisions="194" teleports="194" halting="11" stopped="0" meanWaitingTime="1855.81" meanTravelTime="352.44" meanSpeed="21.46" meanSpeedRelative="0.67" duration="2"/>
    <step time="74700.00" loaded="80441" inserted="78729" running="149" waiting="1712" ended="78580" arrived="78580" collisions="194" teleports="194" halting="2" stopped="0" meanWaitingTime="1861.08" meanTravelTime="352.35" meanSpeed="23.30" meanSpeedRelative="0.73" duration="1"/>
    <step time="75000.00" loaded="80572" inserted="78887" running="140" waiting="1685" ended="78747" arrived="78747" collisions="194" teleports="194" halting="2" stopped="0" meanWaitingTime="1866.95" meanTravelTime="352.20" meanSpeed="22.30" meanSpeedRelative="0.70" duration="1"/>
    <step time="75300.00" loaded="80705" inserted="79033" running="139" waiting="1672" ended="78894" arrived="78894" collisions="194" teleports="194" halting="4" stopped="0" meanWaitingTime="1873.19" meanTravelTime="352.06" meanSpeed="22.25" meanSpeedRelative="0.70" duration="1"/>
    <step time="75600.00" loaded="80841" inserted="79186" running="149" waiting="1655" ended="79037" arrived="79037" collisions="195" teleports="195" halting="7" stopped="0" meanWaitingTime="1878.37" meanTravelTime="351.91" meanSpeed="22.29" meanSpeedRelative="0.70" duration="83"/>
    <step time="75900.00" loaded="81035" inserted="79377" running="182" waiting="1658" ended="79195" arrived="79195" collisions="195" teleports="195" halting="1" stopped="0" meanWaitingTime="1883.14" meanTravelTime="351.73" meanSpeed="23.02" meanSpeedRelative="0.72" duration="2"/>
    <step time="76200.00" loaded="81208" inserted="79561" running="166" waiting="1647" ended="79395" arrived="79395" collisions="195" teleports="195" halting="6" stopped="0" meanWaitingTime="1889.76" meanTravelTime="351.58" meanSpeed="23.30" meanSpeedRelative="0.73" duration="1"/>
    <step time="76500.00" loaded="81404" inserted="79767" running="184" waiting="1637" ended="79583" arrived="79583" collisions="195" teleports="195" halting="8" stopped="0" meanWaitingTime="1895.53" meanTravelTime="351.35" meanSpeed="22.87" meanSpeedRelative="0.71" duration="1"/>
    <step time="76800.00" loaded="81586" inserted="79954" running="180" waiting="1632" ended="79774" arrived="79774" collisions="195" teleports="195" halting="3" stopped="0" meanWaitingTime="1901.04" meanTravelTime="351.22" meanSpeed="22.62" meanSpeedRelative="0.71" duration="2"/>
    <step time="77100.00" loaded="81797" inserted="80170" running="193" waiting="1627" ended="79977" arrived="79977" collisions="195" teleports="195" halting="1" stopped="0" meanWaitingTime="1906.97" meanTravelTime="351.03" meanSpeed="23.45" meanSpeedRelative="0.73" duration="1"/>
    <step time="77400.00" loaded="81995" inserted="80373" running="187" waiting="1622" ended="80186" arrived="80186" collisions="195" teleports="195" halting="3" stopped="0" meanWaitingTime="1912.26" meanTravelTime="350.88" meanSpeed="23.22" meanSpeedRelative="0.73" duration="1"/>
    <step time="77700.00" loaded="82177" inserted="80573" running="183" waiting="1604" ended="80390" arrived="80390" collisions="195" teleports="195" halting="9" stopped="0" meanWaitingTime="1918.75" meanTravelTime="350.65" meanSpeed="22.71" meanSpeedRelative="0.71" duration="1"/>
    <step time="78000.00" loaded="82399" inserted="80805" running="222" waiting="1594" ended="80583" arrived="80583" collisions="195" teleports="195" halting="5" stopped="0" meanWaitingTime="1924.57" meanTravelTime="350.47" meanSpeed="23.44" meanSpeedRelative="0.73" duration="2"/>
    <step time="78300.00" loaded="82605" inserted="81013" running="206" waiting="1592" ended="80807" arrived="80807" collisions="195" teleports="195" halting="2" stopped="0" meanWaitingTime="1929.55" meanTravelTime="350.28" meanSpeed="23.72" meanSpeedRelative="0.74" duration="2"/>
    <step time="78600.00" loaded="82819" inserted="81243" running="214" waiting="1576" ended="81029" arrived="81029" collisions="195" teleports="195" halting="5" stopped="0" meanWaitingTime="1935.60" meanTravelTime="350.10" meanSpeed="23.15" meanSpeedRelative="0.72" duration="1"/>
    <step time="78900.00" loaded="82995" inserted="81440" running="194" waiting="1555" ended="81246" arrived="81246" collisions="195" teleports="195" halting="8" stopped="0" meanWaitingTime="1940.60" meanTravelTime="349.98" meanSpeed="23.24" meanSpeedRelative="0.73" duration="1"/>
    <step time="79200.00" loaded="83180" inserted="81621" running="192" waiting="1559" ended="81429" arrived="81429" collisions="196" teleports="196" halting="3" stopped="0" meanWaitingTime="1946.45" meanTravelTime="349.87" meanSpeed="22.92" meanSpeedRelative="0.72" duration="82"/>
    <step time="79500.00" loaded="83350" inserted="81799" running="174" waiting="1551" ended="81625" arrived="81625" collisions="196" teleports="196" halting="2" stopped="0" meanWaitingTime="1952.03" meanTravelTime="349.78" meanSpeed="22.78" meanSpeedRelative="0.71" duration="1"/>
    <step time="79800.00" loaded="83529" inserted="81997" running="172" waiting="1532" ended="81825" arrived="81825" collisions="197" teleports="197" halting="9" stopped="0" meanWaitingTime="1956.89" meanTravelTime="349.61" meanSpeed="21.93" meanSpeedRelative="0.69" duration="1"/>
    <step time="80100.00" loaded="83706" inserted="82177" running="171" waiting="1529" ended="82006" arrived="82006" collisions="197" teleports="197" halting="7" stopped="0" meanWaitingTime="1960.50" meanTravelTime="349.48" meanSpeed="23.04" meanSpeedRelative="0.72" duration="2"/>
    <step time="80400.00" loaded="83884" inserted="82362" running="167" waiting="1522" ended="82195" arrived="82195" collisions="197" teleports="197" halting="4" stopped="0" meanWaitingTime="1963.95" meanTravelTime="349.29" meanSpeed="22.41" meanSpeedRelative="0.70" duration="1"/>
    <step time="80700.00" loaded="84064" inserted="82553" running="176" waiting="1511" ended="82377" arrived="82377" collisions="197" teleports="197" halting="5" stopped="0" meanWaitingTime="1967.85" meanTravelTime="349.14" meanSpeed="23.26" meanSpeedRelative="0.73" duration="1"/>
    <step time="81000.00" loaded="84245" inserted="82736" running="184" waiting="1509" ended="82552" arrived="82552" collisions="197" teleports="197" halting="10" stopped="0" meanWaitingTime="1971.12" meanTravelTime="349.01" meanSpeed="21.69" meanSpeedRelative="0.68" duration="1"/>
    <step time="81300.00" loaded="84416" inserted="82921" running="166" waiting="1495" ended="82755" arrived="82755" collisions="197" teleports="197" halting="5" stopped="0" meanWaitingTime="1973.96" meanTravelTime="348.93" meanSpeed="22.60" meanSpeedRelative="0.71" duration="1"/>
    <step time="81600.00" loaded="84566" inserted="83095" running="166" waiting="1471" ended="82929" arrived="82929" collisions="197" teleports="197" halting="6" stopped="0" meanWaitingTime="1976.68" meanTravelTime="348.71" meanSpeed="22.81" meanSpeedRelative="0.71" duration="3"/>
    <step time="81900.00" loaded="84723" inserted="83256" running="169" waiting="1467" ended="83087" arrived="83087" collisions="197" teleports="197" halting="4" stopped="0" meanWaitingTime="1979.32" meanTravelTime="348.63" meanSpeed="23.33" meanSpeedRelative="0.73" duration="1"/>
    <step time="82200.00" loaded="84884" inserted="83416" running="157" waiting="1468" ended="83259" arrived="83259" collisions="198" teleports="198" halting="8" stopped="0" meanWaitingTime="1981.75" meanTravelTime="348.51" meanSpeed="22.52" meanSpeedRelative="0.70" duration="1"/>
    <step time="82500.00" loaded="85056" inserted="83597" running="182" waiting="1459" ended="83415" arrived="83415" collisions="199" teleports="199" halting="3" stopped="0" meanWaitingTime="1984.02" meanTravelTime="348.43" meanSpeed="22.12" meanSpeedRelative="0.69" duration="1"/>
</summary>
