<?xml version="1.0" encoding="UTF-8"?>

<!-- generated on 2025-08-08 04:47:57 by Eclipse SUMO sumo Version 1.23.1
<sumoConfiguration xmlns:xsi="http://www.w3.org/2001/XMLSchema-instance" xsi:noNamespaceSchemaLocation="http://sumo.dlr.de/xsd/sumoConfiguration.xsd">

    <input>
        <net-file value="Desktop\Master Thesis\Network_fin.net.xml"/>
        <route-files value="Desktop\Master Thesis\demand_model_amsterdam.rou.xml"/>
        <additional-files value="Desktop\Master Thesis\Additionnal.add.xml"/>
    </input>

    <output>
        <summary-output value="outputf/summary_coor_alinea_2neigh_method2_K80_target5_22644.xml"/>
        <summary-output.period value="300"/>
        <tripinfo-output value="outputf/tripinfo_coor_alinea_2neigh_method2_K80_target5_22644.xml"/>
    </output>

    <time>
        <begin value="0"/>
        <end value="82800"/>
        <step-length value="1"/>
    </time>

    <processing>
        <time-to-teleport value="-1"/>
    </processing>

    <report>
        <verbose value="true"/>
        <no-step-log value="true"/>
    </report>

    <emissions>
        <device.emissions.period value="10"/>
    </emissions>

    <traci_server>
        <remote-port value="50203"/>
    </traci_server>

    <random_number>
        <seed value="22644"/>
    </random_number>

</sumoConfiguration>
-->

<summary xmlns:xsi="http://www.w3.org/2001/XMLSchema-instance" xsi:noNamespaceSchemaLocation="http://sumo.dlr.de/xsd/summary_file.xsd">
    <step time="0.00" loaded="0" inserted="0" running="0" waiting="0" ended="0" arrived="0" collisions="0" teleports="0" halting="0" stopped="0" meanWaitingTime="-1.00" meanTravelTime="-1.00" meanSpeed="-1.00" meanSpeedRelative="-1.00" duration="0"/>
    <step time="300.00" loaded="175" inserted="175" running="106" waiting="0" ended="69" arrived="69" collisions="0" teleports="0" halting="1" stopped="0" meanWaitingTime="0.31" meanTravelTime="98.09" meanSpeed="25.29" meanSpeedRelative="0.79" duration="1"/>
    <step time="600.00" loaded="339" inserted="339" running="141" waiting="0" ended="198" arrived="198" collisions="0" teleports="0" halting="1" stopped="0" meanWaitingTime="0.34" meanTravelTime="154.49" meanSpeed="24.91" meanSpeedRelative="0.78" duration="2"/>
    <step time="900.00" loaded="523" inserted="523" running="153" waiting="0" ended="370" arrived="370" collisions="1" teleports="1" halting="2" stopped="0" meanWaitingTime="0.48" meanTravelTime="184.34" meanSpeed="24.86" meanSpeedRelative="0.78" duration="2"/>
    <step time="1200.00" loaded="711" inserted="711" running="161" waiting="0" ended="550" arrived="550" collisions="1" teleports="1" halting="1" stopped="0" meanWaitingTime="0.46" meanTravelTime="212.04" meanSpeed="25.05" meanSpeedRelative="0.78" duration="2"/>
    <step time="1500.00" loaded="910" inserted="910" running="178" waiting="0" ended="732" arrived="732" collisions="1" teleports="1" halting="1" stopped="0" meanWaitingTime="0.46" meanTravelTime="223.66" meanSpeed="25.23" meanSpeedRelative="0.79" duration="2"/>
    <step time="1800.00" loaded="1107" inserted="1107" running="179" waiting="0" ended="928" arrived="928" collisions="1" teleports="1" halting="1" stopped="0" meanWaitingTime="0.46" meanTravelTime="231.91" meanSpeed="24.74" meanSpeedRelative="0.77" duration="2"/>
    <step time="2100.00" loaded="1270" inserted="1270" running="154" waiting="0" ended="1116" arrived="1116" collisions="1" teleports="1" halting="0" stopped="0" meanWaitingTime="0.44" meanTravelTime="238.55" meanSpeed="25.16" meanSpeedRelative="0.79" duration="1"/>
    <step time="2400.00" loaded="1443" inserted="1443" running="159" waiting="0" ended="1284" arrived="1284" collisions="1" teleports="1" halting="0" stopped="0" meanWaitingTime="0.43" meanTravelTime="242.14" meanSpeed="24.56" meanSpeedRelative="0.77" duration="0"/>
    <step time="2700.00" loaded="1617" inserted="1616" running="139" waiting="1" ended="1477" arrived="1477" collisions="1" teleports="1" halting="1" stopped="0" meanWaitingTime="0.41" meanTravelTime="248.42" meanSpeed="25.18" meanSpeedRelative="0.79" duration="1"/>
    <step time="3000.00" loaded="1799" inserted="1799" running="166" waiting="0" ended="1633" arrived="1633" collisions="1" teleports="1" halting="0" stopped="0" meanWaitingTime="0.42" meanTravelTime="248.64" meanSpeed="24.41" meanSpeedRelative="0.76" duration="1"/>
    <step time="3300.00" loaded="1961" inserted="1961" running="157" waiting="0" ended="1804" arrived="1804" collisions="1" teleports="1" halting="1" stopped="0" meanWaitingTime="0.45" meanTravelTime="249.87" meanSpeed="23.96" meanSpeedRelative="0.75" duration="1"/>
    <step time="3600.00" loaded="2150" inserted="2142" running="169" waiting="8" ended="1973" arrived="1973" collisions="1" teleports="1" halting="5" stopped="0" meanWaitingTime="0.65" meanTravelTime="251.44" meanSpeed="25.02" meanSpeedRelative="0.78" duration="87"/>
    <step time="3900.00" loaded="2276" inserted="2268" running="116" waiting="8" ended="2152" arrived="2152" collisions="1" teleports="1" halting="1" stopped="0" meanWaitingTime="1.82" meanTravelTime="256.02" meanSpeed="23.68" meanSpeedRelative="0.74" duration="1"/>
    <step time="4200.00" loaded="2398" inserted="2393" running="120" waiting="5" ended="2273" arrived="2273" collisions="1" teleports="1" halting="1" stopped="0" meanWaitingTime="2.63" meanTravelTime="259.20" meanSpeed="25.55" meanSpeedRelative="0.80" duration="0"/>
    <step time="4500.00" loaded="2530" inserted="2529" running="117" waiting="1" ended="2412" arrived="2412" collisions="1" teleports="1" halting="4" stopped="0" meanWaitingTime="2.84" meanTravelTime="259.50" meanSpeed="24.00" meanSpeedRelative="0.75" duration="0"/>
    <step time="4800.00" loaded="2632" inserted="2632" running="89" waiting="0" ended="2543" arrived="2543" collisions="2" teleports="2" halting="0" stopped="0" meanWaitingTime="2.75" meanTravelTime="261.19" meanSpeed="25.11" meanSpeedRelative="0.78" duration="1"/>
    <step time="5100.00" loaded="2730" inserted="2730" running="84" waiting="0" ended="2646" arrived="2646" collisions="2" teleports="2" halting="0" stopped="0" meanWaitingTime="2.66" meanTravelTime="261.32" meanSpeed="25.82" meanSpeedRelative="0.81" duration="1"/>
    <step time="5400.00" loaded="2824" inserted="2824" running="79" waiting="0" ended="2745" arrived="2745" collisions="2" teleports="2" halting="0" stopped="0" meanWaitingTime="2.57" meanTravelTime="260.47" meanSpeed="25.86" meanSpeedRelative="0.81" duration="1"/>
    <step time="5700.00" loaded="2940" inserted="2934" running="86" waiting="6" ended="2848" arrived="2848" collisions="2" teleports="2" halting="0" stopped="0" meanWaitingTime="2.59" meanTravelTime="260.07" meanSpeed="24.47" meanSpeedRelative="0.76" duration="0"/>
    <step time="6000.00" loaded="3044" inserted="3043" running="72" waiting="1" ended="2971" arrived="2971" collisions="2" teleports="2" halting="1" stopped="0" meanWaitingTime="2.83" meanTravelTime="259.12" meanSpeed="25.34" meanSpeedRelative="0.79" duration="0"/>
    <step time="6300.00" loaded="3166" inserted="3166" running="104" waiting="0" ended="3062" arrived="3062" collisions="2" teleports="2" halting="2" stopped="0" meanWaitingTime="2.80" meanTravelTime="257.80" meanSpeed="24.48" meanSpeedRelative="0.76" duration="0"/>
    <step time="6600.00" loaded="3286" inserted="3286" running="107" waiting="0" ended="3179" arrived="3179" collisions="2" teleports="2" halting="2" stopped="0" meanWaitingTime="2.81" meanTravelTime="257.77" meanSpeed="24.30" meanSpeedRelative="0.76" duration="1"/>
    <step time="6900.00" loaded="3415" inserted="3412" running="113" waiting="3" ended="3299" arrived="3299" collisions="2" teleports="2" halting="0" stopped="0" meanWaitingTime="2.81" meanTravelTime="256.70" meanSpeed="24.38" meanSpeedRelative="0.76" duration="1"/>
    <step time="7200.00" loaded="3543" inserted="3534" running="116" waiting="9" ended="3418" arrived="3418" collisions="2" teleports="2" halting="2" stopped="0" meanWaitingTime="2.96" meanTravelTime="257.69" meanSpeed="23.76" meanSpeedRelative="0.74" duration="87"/>
    <step time="7500.00" loaded="3692" inserted="3685" running="134" waiting="7" ended="3551" arrived="3551" collisions="2" teleports="2" halting="1" stopped="0" meanWaitingTime="3.30" meanTravelTime="257.62" meanSpeed="24.19" meanSpeedRelative="0.76" duration="1"/>
    <step time="7800.00" loaded="3842" inserted="3830" running="132" waiting="12" ended="3698" arrived="3698" collisions="2" teleports="2" halting="7" stopped="0" meanWaitingTime="3.88" meanTravelTime="257.66" meanSpeed="24.13" meanSpeedRelative="0.75" duration="1"/>
    <step time="8100.00" loaded="3983" inserted="3963" running="117" waiting="20" ended="3846" arrived="3846" collisions="2" teleports="2" halting="0" stopped="0" meanWaitingTime="4.64" meanTravelTime="259.37" meanSpeed="23.87" meanSpeedRelative="0.75" duration="1"/>
    <step time="8400.00" loaded="4152" inserted="4140" running="138" waiting="12" ended="4002" arrived="4002" collisions="2" teleports="2" halting="2" stopped="0" meanWaitingTime="5.73" meanTravelTime="258.13" meanSpeed="23.49" meanSpeedRelative="0.73" duration="0"/>
    <step time="8700.00" loaded="4326" inserted="4302" running="153" waiting="24" ended="4149" arrived="4149" collisions="2" teleports="2" halting="3" stopped="0" meanWaitingTime="6.55" meanTravelTime="258.10" meanSpeed="25.25" meanSpeedRelative="0.79" duration="1"/>
    <step time="9000.00" loaded="4483" inserted="4443" running="122" waiting="40" ended="4321" arrived="4321" collisions="2" teleports="2" halting="3" stopped="0" meanWaitingTime="7.83" meanTravelTime="258.43" meanSpeed="23.88" meanSpeedRelative="0.75" duration="1"/>
    <step time="9300.00" loaded="4612" inserted="4569" running="121" waiting="43" ended="4448" arrived="4448" collisions="2" teleports="2" halting="2" stopped="0" meanWaitingTime="9.50" meanTravelTime="258.11" meanSpeed="25.11" meanSpeedRelative="0.78" duration="1"/>
    <step time="9600.00" loaded="4758" inserted="4714" running="127" waiting="44" ended="4587" arrived="4587" collisions="2" teleports="2" halting="1" stopped="0" meanWaitingTime="11.57" meanTravelTime="258.59" meanSpeed="23.98" meanSpeedRelative="0.75" duration="1"/>
    <step time="9900.00" loaded="4908" inserted="4858" running="126" waiting="50" ended="4732" arrived="4732" collisions="2" teleports="2" halting="1" stopped="0" meanWaitingTime="14.23" meanTravelTime="259.41" meanSpeed="23.79" meanSpeedRelative="0.74" duration="1"/>
    <step time="10200.00" loaded="5058" inserted="4997" running="124" waiting="61" ended="4873" arrived="4873" collisions="2" teleports="2" halting="1" stopped="0" meanWaitingTime="16.15" meanTravelTime="259.15" meanSpeed="24.76" meanSpeedRelative="0.77" duration="1"/>
    <step time="10500.00" loaded="5221" inserted="5165" running="136" waiting="56" ended="5029" arrived="5029" collisions="2" teleports="2" halting="1" stopped="0" meanWaitingTime="18.68" meanTravelTime="259.12" meanSpeed="25.46" meanSpeedRelative="0.80" duration="1"/>
    <step time="10800.00" loaded="5380" inserted="5318" running="133" waiting="62" ended="5185" arrived="5185" collisions="2" teleports="2" halting="2" stopped="0" meanWaitingTime="21.18" meanTravelTime="258.97" meanSpeed="24.55" meanSpeedRelative="0.77" duration="86"/>
    <step time="11100.00" loaded="5522" inserted="5453" running="115" waiting="69" ended="5338" arrived="5338" collisions="2" teleports="2" halting="5" stopped="0" meanWaitingTime="23.60" meanTravelTime="259.53" meanSpeed="24.21" meanSpeedRelative="0.76" duration="1"/>
    <step time="11400.00" loaded="5674" inserted="5598" running="117" waiting="76" ended="5481" arrived="5481" collisions="2" teleports="2" halting="0" stopped="0" meanWaitingTime="26.27" meanTravelTime="259.13" meanSpeed="24.19" meanSpeedRelative="0.76" duration="1"/>
    <step time="11700.00" loaded="5838" inserted="5759" running="115" waiting="79" ended="5644" arrived="5644" collisions="2" teleports="2" halting="1" stopped="0" meanWaitingTime="29.25" meanTravelTime="258.26" meanSpeed="24.69" meanSpeedRelative="0.77" duration="1"/>
    <step time="12000.00" loaded="5978" inserted="5894" running="111" waiting="84" ended="5783" arrived="5783" collisions="3" teleports="3" halting="1" stopped="0" meanWaitingTime="31.88" meanTravelTime="257.84" meanSpeed="23.69" meanSpeedRelative="0.74" duration="1"/>
    <step time="12300.00" loaded="6140" inserted="6049" running="116" waiting="91" ended="5933" arrived="5933" collisions="3" teleports="3" halting="1" stopped="0" meanWaitingTime="34.37" meanTravelTime="257.43" meanSpeed="24.93" meanSpeedRelative="0.78" duration="1"/>
    <step time="12600.00" loaded="6267" inserted="6174" running="108" waiting="93" ended="6066" arrived="6066" collisions="3" teleports="3" halting="2" stopped="0" meanWaitingTime="37.45" meanTravelTime="256.88" meanSpeed="24.26" meanSpeedRelative="0.76" duration="1"/>
    <step time="12900.00" loaded="6417" inserted="6315" running="100" waiting="102" ended="6215" arrived="6215" collisions="3" teleports="3" halting="0" stopped="0" meanWaitingTime="40.62" meanTravelTime="256.78" meanSpeed="24.87" meanSpeedRelative="0.78" duration="1"/>
    <step time="13200.00" loaded="6564" inserted="6458" running="108" waiting="106" ended="6350" arrived="6350" collisions="4" teleports="4" halting="2" stopped="0" meanWaitingTime="43.48" meanTravelTime="256.47" meanSpeed="24.00" meanSpeedRelative="0.75" duration="1"/>
    <step time="13500.00" loaded="6693" inserted="6580" running="89" waiting="113" ended="6491" arrived="6491" collisions="4" teleports="4" halting="2" stopped="0" meanWaitingTime="46.22" meanTravelTime="255.52" meanSpeed="24.03" meanSpeedRelative="0.75" duration="0"/>
    <step time="13800.00" loaded="6825" inserted="6706" running="98" waiting="119" ended="6608" arrived="6608" collisions="4" teleports="4" halting="0" stopped="0" meanWaitingTime="49.73" meanTravelTime="255.05" meanSpeed="23.38" meanSpeedRelative="0.73" duration="1"/>
    <step time="14100.00" loaded="6960" inserted="6843" running="97" waiting="117" ended="6746" arrived="6746" collisions="4" teleports="4" halting="3" stopped="0" meanWaitingTime="53.40" meanTravelTime="254.01" meanSpeed="23.94" meanSpeedRelative="0.75" duration="0"/>
    <step time="14400.00" loaded="7120" inserted="7003" running="127" waiting="117" ended="6876" arrived="6876" collisions="4" teleports="4" halting="4" stopped="0" meanWaitingTime="56.93" meanTravelTime="253.50" meanSpeed="23.55" meanSpeedRelative="0.74" duration="86"/>
    <step time="14700.00" loaded="7227" inserted="7109" running="92" waiting="118" ended="7017" arrived="7017" collisions="4" teleports="4" halting="2" stopped="0" meanWaitingTime="60.18" meanTravelTime="253.53" meanSpeed="23.48" meanSpeedRelative="0.73" duration="0"/>
    <step time="15000.00" loaded="7328" inserted="7213" running="85" waiting="115" ended="7128" arrived="7128" collisions="4" teleports="4" halting="1" stopped="0" meanWaitingTime="63.89" meanTravelTime="253.81" meanSpeed="24.51" meanSpeedRelative="0.77" duration="0"/>
    <step time="15300.00" loaded="7417" inserted="7309" running="82" waiting="108" ended="7227" arrived="7227" collisions="4" teleports="4" halting="2" stopped="0" meanWaitingTime="67.45" meanTravelTime="253.74" meanSpeed="25.26" meanSpeedRelative="0.79" duration="1"/>
    <step time="15600.00" loaded="7507" inserted="7404" running="79" waiting="103" ended="7325" arrived="7325" collisions="4" teleports="4" halting="4" stopped="0" meanWaitingTime="70.84" meanTravelTime="253.73" meanSpeed="23.31" meanSpeedRelative="0.73" duration="1"/>
    <step time="15900.00" loaded="7588" inserted="7500" running="75" waiting="88" ended="7425" arrived="7425" collisions="4" teleports="4" halting="0" stopped="0" meanWaitingTime="74.84" meanTravelTime="253.73" meanSpeed="25.11" meanSpeedRelative="0.78" duration="1"/>
    <step time="16200.00" loaded="7676" inserted="7590" running="74" waiting="86" ended="7516" arrived="7516" collisions="4" teleports="4" halting="2" stopped="0" meanWaitingTime="78.41" meanTravelTime="253.27" meanSpeed="22.82" meanSpeedRelative="0.71" duration="1"/>
    <step time="16500.00" loaded="7786" inserted="7698" running="82" waiting="88" ended="7616" arrived="7616" collisions="4" teleports="4" halting="2" stopped="0" meanWaitingTime="81.97" meanTravelTime="253.34" meanSpeed="22.79" meanSpeedRelative="0.71" duration="0"/>
    <step time="16800.00" loaded="7905" inserted="7820" running="86" waiting="85" ended="7734" arrived="7734" collisions="4" teleports="4" halting="2" stopped="0" meanWaitingTime="84.67" meanTravelTime="252.54" meanSpeed="25.04" meanSpeedRelative="0.78" duration="0"/>
    <step time="17100.00" loaded="7998" inserted="7915" running="66" waiting="83" ended="7849" arrived="7849" collisions="4" teleports="4" halting="5" stopped="0" meanWaitingTime="87.02" meanTravelTime="252.05" meanSpeed="23.49" meanSpeedRelative="0.73" duration="1"/>
    <step time="17400.00" loaded="8096" inserted="8020" running="67" waiting="76" ended="7953" arrived="7953" collisions="4" teleports="4" halting="0" stopped="0" meanWaitingTime="88.81" meanTravelTime="251.66" meanSpeed="24.62" meanSpeedRelative="0.77" duration="0"/>
    <step time="17700.00" loaded="8193" inserted="8128" running="75" waiting="65" ended="8053" arrived="8053" collisions="4" teleports="4" halting="0" stopped="0" meanWaitingTime="91.13" meanTravelTime="250.95" meanSpeed="24.40" meanSpeedRelative="0.76" duration="1"/>
    <step time="18000.00" loaded="8297" inserted="8236" running="82" waiting="61" ended="8154" arrived="8154" collisions="4" teleports="4" halting="3" stopped="0" meanWaitingTime="93.11" meanTravelTime="250.61" meanSpeed="24.68" meanSpeedRelative="0.77" duration="80"/>
    <step time="18300.00" loaded="8474" inserted="8396" running="120" waiting="78" ended="8276" arrived="8276" collisions="5" teleports="5" halting="6" stopped="0" meanWaitingTime="94.05" meanTravelTime="249.80" meanSpeed="24.61" meanSpeedRelative="0.77" duration="1"/>
    <step time="18600.00" loaded="8676" inserted="8577" running="152" waiting="99" ended="8425" arrived="8425" collisions="5" teleports="5" halting="1" stopped="0" meanWaitingTime="94.35" meanTravelTime="249.43" meanSpeed="24.46" meanSpeedRelative="0.76" duration="1"/>
    <step time="18900.00" loaded="8850" inserted="8739" running="134" waiting="111" ended="8605" arrived="8605" collisions="5" teleports="5" halting="3" stopped="0" meanWaitingTime="95.15" meanTravelTime="249.11" meanSpeed="24.20" meanSpeedRelative="0.76" duration="1"/>
    <step time="19200.00" loaded="9035" inserted="8907" running="140" waiting="128" ended="8767" arrived="8767" collisions="5" teleports="5" halting="1" stopped="0" meanWaitingTime="95.75" meanTravelTime="249.65" meanSpeed="24.15" meanSpeedRelative="0.75" duration="0"/>
    <step time="19500.00" loaded="9226" inserted="9089" running="153" waiting="137" ended="8936" arrived="8936" collisions="5" teleports="5" halting="1" stopped="0" meanWaitingTime="96.66" meanTravelTime="249.47" meanSpeed="24.68" meanSpeedRelative="0.77" duration="1"/>
    <step time="19800.00" loaded="9416" inserted="9265" running="150" waiting="151" ended="9115" arrived="9115" collisions="5" teleports="5" halting="1" stopped="0" meanWaitingTime="97.92" meanTravelTime="249.37" meanSpeed="24.19" meanSpeedRelative="0.76" duration="1"/>
    <step time="20100.00" loaded="9608" inserted="9447" running="147" waiting="161" ended="9300" arrived="9300" collisions="5" teleports="5" halting="2" stopped="0" meanWaitingTime="99.27" meanTravelTime="249.12" meanSpeed="24.14" meanSpeedRelative="0.75" duration="1"/>
    <step time="20400.00" loaded="9803" inserted="9641" running="148" waiting="162" ended="9493" arrived="9493" collisions="5" teleports="5" halting="4" stopped="0" meanWaitingTime="102.03" meanTravelTime="248.80" meanSpeed="24.42" meanSpeedRelative="0.76" duration="1"/>
    <step time="20700.00" loaded="10003" inserted="9835" running="164" waiting="168" ended="9671" arrived="9671" collisions="5" teleports="5" halting="3" stopped="0" meanWaitingTime="103.95" meanTravelTime="248.74" meanSpeed="24.08" meanSpeedRelative="0.75" duration="1"/>
    <step time="21000.00" loaded="10212" inserted="10026" running="158" waiting="186" ended="9868" arrived="9868" collisions="6" teleports="6" halting="1" stopped="0" meanWaitingTime="105.43" meanTravelTime="248.83" meanSpeed="23.76" meanSpeedRelative="0.74" duration="1"/>
    <step time="21300.00" loaded="10394" inserted="10203" running="152" waiting="191" ended="10051" arrived="10051" collisions="6" teleports="6" halting="0" stopped="0" meanWaitingTime="107.81" meanTravelTime="248.97" meanSpeed="25.00" meanSpeedRelative="0.78" duration="1"/>
    <step time="21600.00" loaded="10614" inserted="10399" running="145" waiting="215" ended="10254" arrived="10254" collisions="6" teleports="6" halting="2" stopped="0" meanWaitingTime="110.46" meanTravelTime="248.86" meanSpeed="24.69" meanSpeedRelative="0.77" duration="79"/>
    <step time="21900.00" loaded="11069" inserted="10780" running="289" waiting="289" ended="10491" arrived="10491" collisions="6" teleports="6" halting="4" stopped="0" meanWaitingTime="113.20" meanTravelTime="247.70" meanSpeed="22.15" meanSpeedRelative="0.69" duration="1"/>
    <step time="22200.00" loaded="11548" inserted="11181" running="387" waiting="367" ended="10794" arrived="10794" collisions="7" teleports="7" halting="2" stopped="0" meanWaitingTime="116.70" meanTravelTime="247.63" meanSpeed="22.31" meanSpeedRelative="0.70" duration="2"/>
    <step time="22500.00" loaded="11989" inserted="11564" running="421" waiting="425" ended="11143" arrived="11143" collisions="8" teleports="8" halting="6" stopped="0" meanWaitingTime="121.16" meanTravelTime="248.51" meanSpeed="20.94" meanSpeedRelative="0.65" duration="2"/>
    <step time="22800.00" loaded="12477" inserted="11978" running="451" waiting="499" ended="11527" arrived="11527" collisions="9" teleports="9" halting="5" stopped="0" meanWaitingTime="125.49" meanTravelTime="250.55" meanSpeed="20.70" meanSpeedRelative="0.65" duration="2"/>
    <step time="23100.00" loaded="12936" inserted="12364" running="423" waiting="572" ended="11941" arrived="11941" collisions="9" teleports="9" halting="8" stopped="0" meanWaitingTime="130.60" meanTravelTime="253.41" meanSpeed="21.09" meanSpeedRelative="0.66" duration="3"/>
    <step time="23400.00" loaded="13418" inserted="12770" running="446" waiting="648" ended="12324" arrived="12324" collisions="9" teleports="9" halting="6" stopped="0" meanWaitingTime="136.87" meanTravelTime="255.88" meanSpeed="20.42" meanSpeedRelative="0.64" duration="2"/>
    <step time="23700.00" loaded="13828" inserted="13151" running="428" waiting="677" ended="12723" arrived="12723" collisions="9" teleports="9" halting="8" stopped="0" meanWaitingTime="143.72" meanTravelTime="257.99" meanSpeed="21.71" meanSpeedRelative="0.68" duration="3"/>
    <step time="24000.00" loaded="14334" inserted="13550" running="444" waiting="784" ended="13106" arrived="13106" collisions="9" teleports="9" halting="2" stopped="0" meanWaitingTime="150.05" meanTravelTime="260.69" meanSpeed="20.85" meanSpeedRelative="0.65" duration="3"/>
    <step time="24300.00" loaded="14790" inserted="13951" running="446" waiting="839" ended="13505" arrived="13505" collisions="10" teleports="10" halting="3" stopped="0" meanWaitingTime="157.71" meanTravelTime="261.93" meanSpeed="20.05" meanSpeedRelative="0.63" duration="3"/>
    <step time="24600.00" loaded="15241" inserted="14326" running="423" waiting="915" ended="13903" arrived="13903" collisions="11" teleports="11" halting="6" stopped="0" meanWaitingTime="164.84" meanTravelTime="264.33" meanSpeed="21.27" meanSpeedRelative="0.66" duration="2"/>
    <step time="24900.00" loaded="15695" inserted="14717" running="425" waiting="978" ended="14292" arrived="14292" collisions="13" teleports="13" halting="4" stopped="0" meanWaitingTime="173.45" meanTravelTime="266.42" meanSpeed="20.44" meanSpeedRelative="0.64" duration="3"/>
    <step time="25200.00" loaded="16150" inserted="15115" running="427" waiting="1035" ended="14688" arrived="14688" collisions="13" teleports="13" halting="8" stopped="0" meanWaitingTime="182.43" meanTravelTime="268.10" meanSpeed="21.19" meanSpeedRelative="0.66" duration="85"/>
    <step time="25500.00" loaded="16709" inserted="15582" running="493" waiting="1127" ended="15089" arrived="15089" collisions="13" teleports="13" halting="8" stopped="0" meanWaitingTime="192.47" meanTravelTime="269.21" meanSpeed="19.70" meanSpeedRelative="0.62" duration="4"/>
    <step time="25800.00" loaded="17262" inserted="16027" running="491" waiting="1235" ended="15536" arrived="15536" collisions="13" teleports="13" halting="11" stopped="0" meanWaitingTime="203.02" meanTravelTime="270.74" meanSpeed="19.58" meanSpeedRelative="0.61" duration="2"/>
    <step time="26100.00" loaded="17846" inserted="16485" running="534" waiting="1361" ended="15951" arrived="15951" collisions="13" teleports="13" halting="9" stopped="0" meanWaitingTime="213.72" meanTravelTime="272.84" meanSpeed="18.67" meanSpeedRelative="0.58" duration="3"/>
    <step time="26400.00" loaded="18392" inserted="16934" running="524" waiting="1458" ended="16410" arrived="16410" collisions="13" teleports="13" halting="6" stopped="0" meanWaitingTime="224.95" meanTravelTime="274.61" meanSpeed="19.36" meanSpeedRelative="0.60" duration="3"/>
    <step time="26700.00" loaded="18929" inserted="17362" running="503" waiting="1567" ended="16859" arrived="16859" collisions="15" teleports="15" halting="3" stopped="0" meanWaitingTime="237.26" meanTravelTime="276.39" meanSpeed="18.60" meanSpeedRelative="0.58" duration="3"/>
    <step time="27000.00" loaded="19488" inserted="17824" running="517" waiting="1664" ended="17307" arrived="17307" collisions="15" teleports="15" halting="4" stopped="0" meanWaitingTime="249.83" meanTravelTime="278.39" meanSpeed="18.47" meanSpeedRelative="0.58" duration="3"/>
    <step time="27300.00" loaded="20043" inserted="18256" running="522" waiting="1787" ended="17734" arrived="17734" collisions="17" teleports="17" halting="2" stopped="0" meanWaitingTime="262.25" meanTravelTime="279.88" meanSpeed="18.60" meanSpeedRelative="0.58" duration="4"/>
    <step time="27600.00" loaded="20605" inserted="18705" running="509" waiting="1900" ended="18196" arrived="18196" collisions="17" teleports="17" halting="2" stopped="0" meanWaitingTime="275.54" meanTravelTime="281.74" meanSpeed="19.47" meanSpeedRelative="0.61" duration="4"/>
    <step time="27900.00" loaded="21167" inserted="19202" running="553" waiting="1965" ended="18649" arrived="18649" collisions="18" teleports="18" halting="9" stopped="0" meanWaitingTime="289.20" meanTravelTime="283.22" meanSpeed="17.92" meanSpeedRelative="0.56" duration="3"/>
    <step time="28200.00" loaded="21713" inserted="19657" running="556" waiting="2056" ended="19101" arrived="19101" collisions="20" teleports="20" halting="8" stopped="0" meanWaitingTime="302.55" meanTravelTime="284.80" meanSpeed="18.16" meanSpeedRelative="0.57" duration="4"/>
    <step time="28500.00" loaded="22277" inserted="20095" running="526" waiting="2182" ended="19569" arrived="19569" collisions="20" teleports="20" halting="8" stopped="0" meanWaitingTime="316.47" meanTravelTime="287.05" meanSpeed="19.24" meanSpeedRelative="0.60" duration="3"/>
    <step time="28800.00" loaded="22807" inserted="20517" running="480" waiting="2290" ended="20037" arrived="20037" collisions="21" teleports="21" halting="7" stopped="0" meanWaitingTime="330.97" meanTravelTime="288.43" meanSpeed="19.26" meanSpeedRelative="0.60" duration="88"/>
    <step time="29100.00" loaded="23154" inserted="20900" running="457" waiting="2254" ended="20443" arrived="20443" collisions="22" teleports="22" halting="5" stopped="0" meanWaitingTime="345.18" meanTravelTime="289.44" meanSpeed="19.54" meanSpeedRelative="0.61" duration="3"/>
    <step time="29400.00" loaded="23513" inserted="21278" running="442" waiting="2235" ended="20836" arrived="20836" collisions="22" teleports="22" halting="4" stopped="0" meanWaitingTime="359.13" meanTravelTime="291.11" meanSpeed="20.25" meanSpeedRelative="0.63" duration="3"/>
    <step time="29700.00" loaded="23844" inserted="21663" running="430" waiting="2181" ended="21233" arrived="21233" collisions="26" teleports="26" halting="8" stopped="0" meanWaitingTime="373.66" meanTravelTime="292.00" meanSpeed="20.50" meanSpeedRelative="0.64" duration="2"/>
    <step time="30000.00" loaded="24201" inserted="22076" running="424" waiting="2125" ended="21652" arrived="21652" collisions="26" teleports="26" halting="9" stopped="0" meanWaitingTime="388.82" meanTravelTime="292.77" meanSpeed="20.33" meanSpeedRelative="0.64" duration="3"/>
    <step time="30300.00" loaded="24573" inserted="22486" running="425" waiting="2087" ended="22061" arrived="22061" collisions="26" teleports="26" halting="2" stopped="0" meanWaitingTime="403.69" meanTravelTime="293.09" meanSpeed="19.89" meanSpeedRelative="0.62" duration="4"/>
    <step time="30600.00" loaded="24932" inserted="22904" running="445" waiting="2028" ended="22459" arrived="22459" collisions="27" teleports="27" halting="2" stopped="0" meanWaitingTime="418.11" meanTravelTime="293.69" meanSpeed="20.78" meanSpeedRelative="0.65" duration="3"/>
    <step time="30900.00" loaded="25291" inserted="23281" running="394" waiting="2010" ended="22887" arrived="22887" collisions="28" teleports="28" halting="6" stopped="0" meanWaitingTime="432.39" meanTravelTime="293.80" meanSpeed="21.10" meanSpeedRelative="0.66" duration="3"/>
    <step time="31200.00" loaded="25636" inserted="23654" running="379" waiting="1982" ended="23275" arrived="23275" collisions="28" teleports="28" halting="6" stopped="0" meanWaitingTime="445.17" meanTravelTime="294.07" meanSpeed="22.05" meanSpeedRelative="0.69" duration="2"/>
    <step time="31500.00" loaded="25966" inserted="24027" running="376" waiting="1939" ended="23651" arrived="23651" collisions="28" teleports="28" halting="5" stopped="0" meanWaitingTime="458.52" meanTravelTime="294.21" meanSpeed="21.87" meanSpeedRelative="0.68" duration="3"/>
    <step time="31800.00" loaded="26340" inserted="24400" running="379" waiting="1940" ended="24021" arrived="24021" collisions="28" teleports="28" halting="8" stopped="0" meanWaitingTime="471.08" meanTravelTime="294.42" meanSpeed="21.12" meanSpeedRelative="0.66" duration="3"/>
    <step time="32100.00" loaded="26699" inserted="24766" running="365" waiting="1933" ended="24401" arrived="24401" collisions="29" teleports="29" halting="7" stopped="0" meanWaitingTime="485.42" meanTravelTime="294.55" meanSpeed="21.61" meanSpeedRelative="0.68" duration="3"/>
    <step time="32400.00" loaded="27063" inserted="25132" running="361" waiting="1931" ended="24771" arrived="24771" collisions="29" teleports="29" halting="6" stopped="0" meanWaitingTime="498.69" meanTravelTime="294.66" meanSpeed="21.59" meanSpeedRelative="0.67" duration="88"/>
    <step time="32700.00" loaded="27311" inserted="25430" running="295" waiting="1881" ended="25135" arrived="25135" collisions="29" teleports="29" halting="7" stopped="0" meanWaitingTime="513.23" meanTravelTime="294.45" meanSpeed="21.35" meanSpeedRelative="0.67" duration="2"/>
    <step time="33000.00" loaded="27603" inserted="25744" running="284" waiting="1859" ended="25460" arrived="25460" collisions="29" teleports="29" halting="3" stopped="0" meanWaitingTime="526.11" meanTravelTime="294.55" meanSpeed="22.45" meanSpeedRelative="0.70" duration="2"/>
    <step time="33300.00" loaded="27870" inserted="26049" running="283" waiting="1821" ended="25766" arrived="25766" collisions="30" teleports="30" halting="6" stopped="0" meanWaitingTime="539.48" meanTravelTime="294.16" meanSpeed="21.43" meanSpeedRelative="0.67" duration="1"/>
    <step time="33600.00" loaded="28148" inserted="26366" running="288" waiting="1782" ended="26078" arrived="26078" collisions="30" teleports="30" halting="8" stopped="0" meanWaitingTime="552.13" meanTravelTime="294.10" meanSpeed="22.33" meanSpeedRelative="0.70" duration="2"/>
    <step time="33900.00" loaded="28433" inserted="26673" running="288" waiting="1760" ended="26385" arrived="26385" collisions="30" teleports="30" halting="2" stopped="0" meanWaitingTime="565.51" meanTravelTime="293.86" meanSpeed="23.06" meanSpeedRelative="0.72" duration="2"/>
    <step time="34200.00" loaded="28701" inserted="26965" running="254" waiting="1736" ended="26711" arrived="26711" collisions="30" teleports="30" halting="1" stopped="0" meanWaitingTime="579.19" meanTravelTime="293.61" meanSpeed="23.05" meanSpeedRelative="0.72" duration="1"/>
    <step time="34500.00" loaded="28969" inserted="27274" running="256" waiting="1695" ended="27018" arrived="27018" collisions="31" teleports="31" halting="4" stopped="0" meanWaitingTime="592.24" meanTravelTime="293.32" meanSpeed="22.63" meanSpeedRelative="0.71" duration="1"/>
    <step time="34800.00" loaded="29222" inserted="27559" running="268" waiting="1663" ended="27291" arrived="27291" collisions="31" teleports="31" halting="5" stopped="0" meanWaitingTime="604.85" meanTravelTime="293.01" meanSpeed="22.68" meanSpeedRelative="0.71" duration="2"/>
    <step time="35100.00" loaded="29490" inserted="27864" running="265" waiting="1626" ended="27599" arrived="27599" collisions="32" teleports="32" halting="1" stopped="0" meanWaitingTime="619.40" meanTravelTime="292.71" meanSpeed="22.39" meanSpeedRelative="0.70" duration="2"/>
    <step time="35400.00" loaded="29765" inserted="28150" running="263" waiting="1615" ended="27887" arrived="27887" collisions="32" teleports="32" halting="4" stopped="0" meanWaitingTime="631.53" meanTravelTime="292.52" meanSpeed="22.35" meanSpeedRelative="0.70" duration="2"/>
    <step time="35700.00" loaded="30007" inserted="28432" running="250" waiting="1575" ended="28182" arrived="28182" collisions="33" teleports="33" halting="7" stopped="0" meanWaitingTime="643.42" meanTravelTime="292.17" meanSpeed="21.91" meanSpeedRelative="0.68" duration="1"/>
    <step time="36000.00" loaded="30273" inserted="28733" running="262" waiting="1540" ended="28471" arrived="28471" collisions="34" teleports="34" halting="6" stopped="0" meanWaitingTime="655.20" meanTravelTime="292.08" meanSpeed="22.05" meanSpeedRelative="0.69" duration="85"/>
    <step time="36300.00" loaded="30739" inserted="29200" running="398" waiting="1539" ended="28802" arrived="28802" collisions="34" teleports="34" halting="2" stopped="0" meanWaitingTime="665.95" meanTravelTime="291.40" meanSpeed="22.20" meanSpeedRelative="0.69" duration="3"/>
    <step time="36600.00" loaded="31229" inserted="29628" running="435" waiting="1601" ended="29193" arrived="29193" collisions="35" teleports="35" halting="3" stopped="0" meanWaitingTime="675.51" meanTravelTime="290.99" meanSpeed="21.54" meanSpeedRelative="0.67" duration="2"/>
    <step time="36900.00" loaded="31717" inserted="30057" running="421" waiting="1660" ended="29636" arrived="29636" collisions="36" teleports="36" halting="4" stopped="0" meanWaitingTime="683.55" meanTravelTime="290.91" meanSpeed="21.68" meanSpeedRelative="0.68" duration="3"/>
    <step time="37200.00" loaded="32184" inserted="30483" running="440" waiting="1701" ended="30043" arrived="30043" collisions="36" teleports="36" halting="6" stopped="0" meanWaitingTime="692.74" meanTravelTime="290.82" meanSpeed="21.43" meanSpeedRelative="0.67" duration="3"/>
    <step time="37500.00" loaded="32703" inserted="30946" running="477" waiting="1757" ended="30469" arrived="30469" collisions="37" teleports="37" halting="7" stopped="0" meanWaitingTime="702.38" meanTravelTime="291.26" meanSpeed="19.97" meanSpeedRelative="0.62" duration="3"/>
    <step time="37800.00" loaded="33123" inserted="31342" running="437" waiting="1781" ended="30905" arrived="30905" collisions="38" teleports="38" halting="6" stopped="0" meanWaitingTime="710.38" meanTravelTime="291.77" meanSpeed="20.53" meanSpeedRelative="0.64" duration="2"/>
    <step time="38100.00" loaded="33581" inserted="31788" running="437" waiting="1793" ended="31351" arrived="31351" collisions="39" teleports="39" halting="3" stopped="0" meanWaitingTime="720.09" meanTravelTime="291.98" meanSpeed="20.87" meanSpeedRelative="0.65" duration="4"/>
    <step time="38400.00" loaded="34066" inserted="32229" running="464" waiting="1837" ended="31765" arrived="31765" collisions="41" teleports="41" halting="1" stopped="0" meanWaitingTime="728.00" meanTravelTime="292.36" meanSpeed="20.16" meanSpeedRelative="0.63" duration="3"/>
    <step time="38700.00" loaded="34526" inserted="32658" running="467" waiting="1868" ended="32191" arrived="32191" collisions="41" teleports="41" halting="7" stopped="0" meanWaitingTime="737.53" meanTravelTime="292.72" meanSpeed="19.77" meanSpeedRelative="0.62" duration="3"/>
    <step time="39000.00" loaded="35007" inserted="33095" running="463" waiting="1912" ended="32632" arrived="32632" collisions="46" teleports="46" halting="9" stopped="0" meanWaitingTime="743.81" meanTravelTime="293.08" meanSpeed="19.18" meanSpeedRelative="0.60" duration="3"/>
    <step time="39300.00" loaded="35470" inserted="33517" running="467" waiting="1953" ended="33050" arrived="33050" collisions="47" teleports="47" halting="5" stopped="0" meanWaitingTime="751.12" meanTravelTime="293.48" meanSpeed="19.85" meanSpeedRelative="0.62" duration="2"/>
    <step time="39600.00" loaded="35957" inserted="33952" running="463" waiting="2005" ended="33489" arrived="33489" collisions="47" teleports="47" halting="2" stopped="0" meanWaitingTime="757.31" meanTravelTime="294.16" meanSpeed="19.74" meanSpeedRelative="0.62" duration="92"/>
    <step time="39900.00" loaded="36462" inserted="34405" running="486" waiting="2057" ended="33919" arrived="33919" collisions="47" teleports="47" halting="3" stopped="0" meanWaitingTime="764.78" meanTravelTime="294.20" meanSpeed="20.81" meanSpeedRelative="0.65" duration="4"/>
    <step time="40200.00" loaded="36966" inserted="34875" running="528" waiting="2091" ended="34347" arrived="34347" collisions="50" teleports="50" halting="2" stopped="0" meanWaitingTime="771.41" meanTravelTime="294.37" meanSpeed="19.78" meanSpeedRelative="0.62" duration="3"/>
    <step time="40500.00" loaded="37443" inserted="35298" running="504" waiting="2145" ended="34794" arrived="34794" collisions="51" teleports="51" halting="5" stopped="0" meanWaitingTime="777.34" meanTravelTime="295.24" meanSpeed="19.38" meanSpeedRelative="0.61" duration="5"/>
    <step time="40800.00" loaded="37958" inserted="35738" running="495" waiting="2220" ended="35243" arrived="35243" collisions="52" teleports="52" halting="13" stopped="0" meanWaitingTime="782.69" meanTravelTime="295.77" meanSpeed="19.54" meanSpeedRelative="0.61" duration="5"/>
    <step time="41100.00" loaded="38514" inserted="36246" running="549" waiting="2268" ended="35697" arrived="35697" collisions="53" teleports="53" halting="9" stopped="0" meanWaitingTime="790.13" meanTravelTime="296.20" meanSpeed="19.61" meanSpeedRelative="0.61" duration="3"/>
    <step time="41400.00" loaded="39030" inserted="36686" running="510" waiting="2344" ended="36176" arrived="36176" collisions="54" teleports="54" halting="8" stopped="0" meanWaitingTime="795.44" meanTravelTime="296.94" meanSpeed="19.44" meanSpeedRelative="0.61" duration="3"/>
    <step time="41700.00" loaded="39543" inserted="37133" running="491" waiting="2410" ended="36642" arrived="36642" collisions="56" teleports="56" halting="5" stopped="0" meanWaitingTime="800.59" meanTravelTime="297.35" meanSpeed="19.63" meanSpeedRelative="0.61" duration="4"/>
    <step time="42000.00" loaded="40061" inserted="37583" running="510" waiting="2478" ended="37073" arrived="37073" collisions="58" teleports="58" halting="6" stopped="0" meanWaitingTime="806.16" meanTravelTime="297.71" meanSpeed="20.05" meanSpeedRelative="0.63" duration="3"/>
    <step time="42300.00" loaded="40590" inserted="38040" running="514" waiting="2550" ended="37526" arrived="37526" collisions="60" teleports="60" halting="3" stopped="0" meanWaitingTime="811.49" meanTravelTime="298.28" meanSpeed="19.86" meanSpeedRelative="0.62" duration="3"/>
    <step time="42600.00" loaded="41114" inserted="38517" running="548" waiting="2597" ended="37969" arrived="37969" collisions="61" teleports="61" halting="2" stopped="0" meanWaitingTime="817.13" meanTravelTime="298.81" meanSpeed="19.39" meanSpeedRelative="0.61" duration="4"/>
    <step time="42900.00" loaded="41675" inserted="38970" running="530" waiting="2705" ended="38440" arrived="38440" collisions="61" teleports="61" halting="7" stopped="0" meanWaitingTime="822.97" meanTravelTime="299.27" meanSpeed="19.46" meanSpeedRelative="0.61" duration="3"/>
    <step time="43200.00" loaded="42174" inserted="39418" running="532" waiting="2756" ended="38886" arrived="38886" collisions="62" teleports="62" halting="3" stopped="0" meanWaitingTime="829.77" meanTravelTime="299.88" meanSpeed="19.34" meanSpeedRelative="0.60" duration="90"/>
    <step time="43500.00" loaded="42739" inserted="39901" running="539" waiting="2838" ended="39362" arrived="39362" collisions="62" teleports="62" halting="6" stopped="0" meanWaitingTime="836.77" meanTravelTime="300.42" meanSpeed="18.87" meanSpeedRelative="0.59" duration="4"/>
    <step time="43800.00" loaded="43285" inserted="40363" running="531" waiting="2922" ended="39832" arrived="39832" collisions="64" teleports="64" halting="7" stopped="0" meanWaitingTime="843.07" meanTravelTime="301.03" meanSpeed="19.06" meanSpeedRelative="0.60" duration="7"/>
    <step time="44100.00" loaded="43831" inserted="40834" running="559" waiting="2997" ended="40275" arrived="40275" collisions="66" teleports="66" halting="2" stopped="0" meanWaitingTime="850.09" meanTravelTime="301.42" meanSpeed="18.83" meanSpeedRelative="0.59" duration="3"/>
    <step time="44400.00" loaded="44358" inserted="41300" running="569" waiting="3058" ended="40731" arrived="40731" collisions="68" teleports="68" halting="6" stopped="0" meanWaitingTime="857.17" meanTravelTime="302.12" meanSpeed="18.85" meanSpeedRelative="0.59" duration="3"/>
    <step time="44700.00" loaded="44890" inserted="41775" running="572" waiting="3115" ended="41203" arrived="41203" collisions="69" teleports="69" halting="6" stopped="0" meanWaitingTime="864.98" meanTravelTime="302.74" meanSpeed="18.78" meanSpeedRelative="0.59" duration="3"/>
    <step time="45000.00" loaded="45412" inserted="42240" running="586" waiting="3172" ended="41654" arrived="41654" collisions="72" teleports="72" halting="8" stopped="0" meanWaitingTime="872.08" meanTravelTime="303.31" meanSpeed="19.26" meanSpeedRelative="0.60" duration="4"/>
    <step time="45300.00" loaded="45953" inserted="42701" running="587" waiting="3252" ended="42114" arrived="42114" collisions="75" teleports="75" halting="10" stopped="0" meanWaitingTime="879.25" meanTravelTime="304.15" meanSpeed="18.59" meanSpeedRelative="0.58" duration="5"/>
    <step time="45600.00" loaded="46475" inserted="43159" running="575" waiting="3316" ended="42584" arrived="42584" collisions="76" teleports="76" halting="4" stopped="0" meanWaitingTime="886.39" meanTravelTime="305.04" meanSpeed="18.57" meanSpeedRelative="0.58" duration="6"/>
    <step time="45900.00" loaded="46984" inserted="43602" running="570" waiting="3382" ended="43032" arrived="43032" collisions="76" teleports="76" halting="9" stopped="0" meanWaitingTime="893.56" meanTravelTime="305.89" meanSpeed="18.68" meanSpeedRelative="0.58" duration="4"/>
    <step time="46200.00" loaded="47553" inserted="44104" running="612" waiting="3449" ended="43492" arrived="43492" collisions="77" teleports="77" halting="3" stopped="0" meanWaitingTime="902.36" meanTravelTime="306.66" meanSpeed="18.22" meanSpeedRelative="0.57" duration="4"/>
    <step time="46500.00" loaded="48062" inserted="44580" running="609" waiting="3482" ended="43971" arrived="43971" collisions="79" teleports="79" halting="8" stopped="0" meanWaitingTime="912.18" meanTravelTime="307.28" meanSpeed="18.28" meanSpeedRelative="0.57" duration="3"/>
    <step time="46800.00" loaded="48638" inserted="45109" running="672" waiting="3529" ended="44437" arrived="44437" collisions="80" teleports="80" halting="14" stopped="0" meanWaitingTime="921.39" meanTravelTime="308.07" meanSpeed="16.44" meanSpeedRelative="0.51" duration="95"/>
    <step time="47100.00" loaded="49163" inserted="45560" running="616" waiting="3603" ended="44944" arrived="44944" collisions="82" teleports="82" halting="10" stopped="0" meanWaitingTime="928.98" meanTravelTime="309.18" meanSpeed="17.36" meanSpeedRelative="0.54" duration="6"/>
    <step time="47400.00" loaded="49746" inserted="46034" running="611" waiting="3712" ended="45423" arrived="45423" collisions="82" teleports="82" halting="7" stopped="0" meanWaitingTime="936.67" meanTravelTime="310.24" meanSpeed="18.16" meanSpeedRelative="0.57" duration="5"/>
    <step time="47700.00" loaded="50290" inserted="46530" running="638" waiting="3760" ended="45892" arrived="45892" collisions="83" teleports="83" halting="10" stopped="0" meanWaitingTime="947.38" meanTravelTime="311.03" meanSpeed="17.95" meanSpeedRelative="0.56" duration="5"/>
    <step time="48000.00" loaded="50812" inserted="47023" running="658" waiting="3789" ended="46365" arrived="46365" collisions="83" teleports="83" halting="7" stopped="0" meanWaitingTime="957.20" meanTravelTime="311.71" meanSpeed="17.48" meanSpeedRelative="0.55" duration="5"/>
    <step time="48300.00" loaded="51325" inserted="47490" running="660" waiting="3835" ended="46830" arrived="46830" collisions="84" teleports="84" halting="12" stopped="0" meanWaitingTime="967.90" meanTravelTime="312.73" meanSpeed="17.46" meanSpeedRelative="0.55" duration="6"/>
    <step time="48600.00" loaded="51872" inserted="47989" running="658" waiting="3883" ended="47331" arrived="47331" collisions="87" teleports="87" halting="7" stopped="0" meanWaitingTime="977.80" meanTravelTime="313.73" meanSpeed="17.30" meanSpeedRelative="0.54" duration="4"/>
    <step time="48900.00" loaded="52411" inserted="48474" running="654" waiting="3937" ended="47820" arrived="47820" collisions="88" teleports="88" halting="5" stopped="0" meanWaitingTime="987.68" meanTravelTime="314.60" meanSpeed="17.32" meanSpeedRelative="0.54" duration="5"/>
    <step time="49200.00" loaded="52917" inserted="48944" running="627" waiting="3973" ended="48317" arrived="48317" collisions="93" teleports="93" halting="6" stopped="0" meanWaitingTime="998.28" meanTravelTime="315.53" meanSpeed="17.63" meanSpeedRelative="0.55" duration="6"/>
    <step time="49500.00" loaded="53395" inserted="49402" running="604" waiting="3993" ended="48798" arrived="48798" collisions="95" teleports="95" halting="8" stopped="0" meanWaitingTime="1008.00" meanTravelTime="316.41" meanSpeed="17.87" meanSpeedRelative="0.56" duration="6"/>
    <step time="49800.00" loaded="53920" inserted="49896" running="619" waiting="4024" ended="49277" arrived="49277" collisions="97" teleports="97" halting="3" stopped="0" meanWaitingTime="1018.76" meanTravelTime="317.13" meanSpeed="18.16" meanSpeedRelative="0.57" duration="7"/>
    <step time="50100.00" loaded="54447" inserted="50368" running="622" waiting="4079" ended="49746" arrived="49746" collisions="99" teleports="99" halting="9" stopped="0" meanWaitingTime="1028.96" meanTravelTime="317.76" meanSpeed="17.96" meanSpeedRelative="0.56" duration="5"/>
    <step time="50400.00" loaded="55029" inserted="50872" running="655" waiting="4157" ended="50217" arrived="50217" collisions="99" teleports="99" halting="8" stopped="0" meanWaitingTime="1038.67" meanTravelTime="318.60" meanSpeed="18.00" meanSpeedRelative="0.56" duration="95"/>
    <step time="50700.00" loaded="55725" inserted="51396" running="693" waiting="4329" ended="50703" arrived="50703" collisions="105" teleports="105" halting="9" stopped="0" meanWaitingTime="1047.86" meanTravelTime="319.17" meanSpeed="17.49" meanSpeedRelative="0.55" duration="6"/>
    <step time="51000.00" loaded="56388" inserted="51919" running="735" waiting="4469" ended="51184" arrived="51184" collisions="107" teleports="107" halting="14" stopped="0" meanWaitingTime="1057.76" meanTravelTime="319.84" meanSpeed="16.01" meanSpeedRelative="0.50" duration="5"/>
    <step time="51300.00" loaded="57124" inserted="52458" running="768" waiting="4666" ended="51690" arrived="51690" collisions="110" teleports="110" halting="4" stopped="0" meanWaitingTime="1066.54" meanTravelTime="320.83" meanSpeed="16.45" meanSpeedRelative="0.51" duration="6"/>
    <step time="51600.00" loaded="57851" inserted="53005" running="813" waiting="4846" ended="52192" arrived="52192" collisions="112" teleports="112" halting="6" stopped="0" meanWaitingTime="1076.22" meanTravelTime="322.01" meanSpeed="15.71" meanSpeedRelative="0.49" duration="7"/>
    <step time="51900.00" loaded="58566" inserted="53528" running="803" waiting="5038" ended="52725" arrived="52725" collisions="114" teleports="114" halting="10" stopped="0" meanWaitingTime="1085.36" meanTravelTime="323.19" meanSpeed="14.73" meanSpeedRelative="0.46" duration="8"/>
    <step time="52200.00" loaded="59294" inserted="54088" running="854" waiting="5206" ended="53234" arrived="53234" collisions="115" teleports="115" halting="7" stopped="0" meanWaitingTime="1093.71" meanTravelTime="324.53" meanSpeed="14.78" meanSpeedRelative="0.46" duration="6"/>
    <step time="52500.00" loaded="60026" inserted="54642" running="889" waiting="5384" ended="53753" arrived="53753" collisions="119" teleports="119" halting="3" stopped="0" meanWaitingTime="1102.92" meanTravelTime="325.96" meanSpeed="13.94" meanSpeedRelative="0.44" duration="8"/>
    <step time="52800.00" loaded="60740" inserted="55179" running="946" waiting="5561" ended="54233" arrived="54233" collisions="119" teleports="119" halting="10" stopped="0" meanWaitingTime="1111.55" meanTravelTime="327.50" meanSpeed="13.97" meanSpeedRelative="0.44" duration="9"/>
    <step time="53100.00" loaded="61457" inserted="55713" running="961" waiting="5744" ended="54752" arrived="54752" collisions="120" teleports="120" halting="8" stopped="0" meanWaitingTime="1120.90" meanTravelTime="329.29" meanSpeed="13.76" meanSpeedRelative="0.43" duration="7"/>
    <step time="53400.00" loaded="62171" inserted="56257" running="993" waiting="5914" ended="55264" arrived="55264" collisions="126" teleports="126" halting="13" stopped="0" meanWaitingTime="1131.97" meanTravelTime="330.94" meanSpeed="13.03" meanSpeedRelative="0.41" duration="8"/>
    <step time="53700.00" loaded="62885" inserted="56814" running="1044" waiting="6071" ended="55770" arrived="55770" collisions="127" teleports="127" halting="12" stopped="0" meanWaitingTime="1142.06" meanTravelTime="332.95" meanSpeed="11.61" meanSpeedRelative="0.36" duration="6"/>
    <step time="54000.00" loaded="63626" inserted="57354" running="1092" waiting="6272" ended="56262" arrived="56262" collisions="129" teleports="129" halting="22" stopped="0" meanWaitingTime="1151.33" meanTravelTime="335.25" meanSpeed="11.78" meanSpeedRelative="0.37" duration="94"/>
    <step time="54300.00" loaded="64081" inserted="57803" running="1001" waiting="6278" ended="56802" arrived="56802" collisions="131" teleports="131" halting="12" stopped="0" meanWaitingTime="1162.36" meanTravelTime="337.67" meanSpeed="12.13" meanSpeedRelative="0.38" duration="6"/>
    <step time="54600.00" loaded="64584" inserted="58289" running="961" waiting="6295" ended="57328" arrived="57328" collisions="132" teleports="132" halting="13" stopped="0" meanWaitingTime="1173.66" meanTravelTime="340.64" meanSpeed="12.32" meanSpeedRelative="0.38" duration="7"/>
    <step time="54900.00" loaded="65042" inserted="58736" running="903" waiting="6306" ended="57833" arrived="57833" collisions="133" teleports="133" halting="12" stopped="0" meanWaitingTime="1185.20" meanTravelTime="342.94" meanSpeed="13.00" meanSpeedRelative="0.41" duration="6"/>
    <step time="55200.00" loaded="65486" inserted="59163" running="826" waiting="6323" ended="58337" arrived="58337" collisions="136" teleports="136" halting="8" stopped="0" meanWaitingTime="1195.81" meanTravelTime="345.02" meanSpeed="13.90" meanSpeedRelative="0.43" duration="8"/>
    <step time="55500.00" loaded="65944" inserted="59636" running="819" waiting="6308" ended="58817" arrived="58817" collisions="136" teleports="136" halting="6" stopped="0" meanWaitingTime="1209.58" meanTravelTime="346.79" meanSpeed="14.03" meanSpeedRelative="0.44" duration="6"/>
    <step time="55800.00" loaded="66409" inserted="60113" running="793" waiting="6296" ended="59320" arrived="59320" collisions="138" teleports="138" halting="11" stopped="0" meanWaitingTime="1222.79" meanTravelTime="348.39" meanSpeed="13.84" meanSpeedRelative="0.43" duration="8"/>
    <step time="56100.00" loaded="66914" inserted="60570" running="760" waiting="6344" ended="59810" arrived="59810" collisions="138" teleports="138" halting="6" stopped="0" meanWaitingTime="1234.11" meanTravelTime="349.71" meanSpeed="15.11" meanSpeedRelative="0.47" duration="5"/>
    <step time="56400.00" loaded="67357" inserted="61000" running="700" waiting="6357" ended="60300" arrived="60300" collisions="139" teleports="139" halting="7" stopped="0" meanWaitingTime="1245.88" meanTravelTime="350.81" meanSpeed="15.80" meanSpeedRelative="0.49" duration="7"/>
    <step time="56700.00" loaded="67824" inserted="61466" running="681" waiting="6358" ended="60785" arrived="60785" collisions="141" teleports="141" halting="6" stopped="0" meanWaitingTime="1260.75" meanTravelTime="351.72" meanSpeed="16.52" meanSpeedRelative="0.52" duration="8"/>
    <step time="57000.00" loaded="68264" inserted="61948" running="680" waiting="6316" ended="61268" arrived="61268" collisions="142" teleports="142" halting="6" stopped="0" meanWaitingTime="1276.14" meanTravelTime="352.20" meanSpeed="16.15" meanSpeedRelative="0.50" duration="5"/>
    <step time="57300.00" loaded="68733" inserted="62429" running="677" waiting="6304" ended="61752" arrived="61752" collisions="143" teleports="143" halting="6" stopped="0" meanWaitingTime="1289.88" meanTravelTime="352.78" meanSpeed="16.68" meanSpeedRelative="0.52" duration="6"/>
    <step time="57600.00" loaded="69202" inserted="62901" running="671" waiting="6301" ended="62230" arrived="62230" collisions="145" teleports="145" halting="6" stopped="0" meanWaitingTime="1304.68" meanTravelTime="353.36" meanSpeed="16.87" meanSpeedRelative="0.53" duration="88"/>
    <step time="57900.00" loaded="69766" inserted="63410" running="710" waiting="6356" ended="62700" arrived="62700" collisions="145" teleports="145" halting="8" stopped="0" meanWaitingTime="1318.39" meanTravelTime="353.96" meanSpeed="16.52" meanSpeedRelative="0.52" duration="8"/>
    <step time="58200.00" loaded="70310" inserted="63884" running="701" waiting="6426" ended="63183" arrived="63183" collisions="146" teleports="146" halting="7" stopped="0" meanWaitingTime="1331.60" meanTravelTime="354.50" meanSpeed="16.25" meanSpeedRelative="0.51" duration="5"/>
    <step time="58500.00" loaded="70869" inserted="64360" running="701" waiting="6509" ended="63659" arrived="63659" collisions="152" teleports="152" halting="9" stopped="0" meanWaitingTime="1343.19" meanTravelTime="355.11" meanSpeed="16.99" meanSpeedRelative="0.53" duration="5"/>
    <step time="58800.00" loaded="71403" inserted="64826" running="675" waiting="6577" ended="64151" arrived="64151" collisions="155" teleports="155" halting="3" stopped="0" meanWaitingTime="1355.43" meanTravelTime="355.79" meanSpeed="16.31" meanSpeedRelative="0.51" duration="5"/>
    <step time="59100.00" loaded="71955" inserted="65320" running="667" waiting="6635" ended="64653" arrived="64653" collisions="158" teleports="158" halting="11" stopped="0" meanWaitingTime="1367.85" meanTravelTime="356.30" meanSpeed="17.14" meanSpeedRelative="0.54" duration="7"/>
    <step time="59400.00" loaded="72518" inserted="65814" running="683" waiting="6704" ended="65131" arrived="65131" collisions="159" teleports="159" halting="13" stopped="0" meanWaitingTime="1380.66" meanTravelTime="356.71" meanSpeed="16.76" meanSpeedRelative="0.52" duration="8"/>
    <step time="59700.00" loaded="73071" inserted="66308" running="713" waiting="6763" ended="65595" arrived="65595" collisions="163" teleports="163" halting="10" stopped="0" meanWaitingTime="1393.15" meanTravelTime="357.19" meanSpeed="16.66" meanSpeedRelative="0.52" duration="8"/>
    <step time="60000.00" loaded="73721" inserted="66831" running="760" waiting="6890" ended="66071" arrived="66071" collisions="167" teleports="167" halting="10" stopped="0" meanWaitingTime="1406.68" meanTravelTime="357.60" meanSpeed="16.09" meanSpeedRelative="0.50" duration="9"/>
    <step time="60300.00" loaded="74334" inserted="67356" running="781" waiting="6978" ended="66575" arrived="66575" collisions="170" teleports="170" halting="6" stopped="0" meanWaitingTime="1418.54" meanTravelTime="358.13" meanSpeed="16.31" meanSpeedRelative="0.51" duration="6"/>
    <step time="60600.00" loaded="74904" inserted="67862" running="788" waiting="7042" ended="67074" arrived="67074" collisions="171" teleports="171" halting="12" stopped="0" meanWaitingTime="1432.33" meanTravelTime="358.82" meanSpeed="15.22" meanSpeedRelative="0.48" duration="5"/>
    <step time="60900.00" loaded="75500" inserted="68387" running="812" waiting="7113" ended="67575" arrived="67575" collisions="172" teleports="172" halting="12" stopped="0" meanWaitingTime="1445.54" meanTravelTime="359.74" meanSpeed="15.18" meanSpeedRelative="0.47" duration="9"/>
    <step time="61200.00" loaded="76089" inserted="68908" running="827" waiting="7181" ended="68081" arrived="68081" collisions="176" teleports="176" halting="4" stopped="0" meanWaitingTime="1459.38" meanTravelTime="360.46" meanSpeed="15.21" meanSpeedRelative="0.48" duration="89"/>
    <step time="61500.00" loaded="76157" inserted="69256" running="703" waiting="6901" ended="68553" arrived="68553" collisions="178" teleports="178" halting="4" stopped="0" meanWaitingTime="1476.24" meanTravelTime="361.56" meanSpeed="15.37" meanSpeedRelative="0.48" duration="7"/>
    <step time="61800.00" loaded="76234" inserted="69610" running="650" waiting="6624" ended="68960" arrived="68960" collisions="179" teleports="179" halting="6" stopped="0" meanWaitingTime="1494.41" meanTravelTime="362.63" meanSpeed="14.72" meanSpeedRelative="0.46" duration="6"/>
    <step time="62100.00" loaded="76313" inserted="69952" running="568" waiting="6361" ended="69384" arrived="69384" collisions="180" teleports="180" halting="5" stopped="0" meanWaitingTime="1511.28" meanTravelTime="363.58" meanSpeed="15.34" meanSpeedRelative="0.48" duration="5"/>
    <step time="62400.00" loaded="76388" inserted="70305" running="508" waiting="6083" ended="69797" arrived="69797" collisions="181" teleports="181" halting="2" stopped="0" meanWaitingTime="1530.73" meanTravelTime="364.33" meanSpeed="17.87" meanSpeedRelative="0.56" duration="3"/>
    <step time="62700.00" loaded="76466" inserted="70662" running="463" waiting="5804" ended="70199" arrived="70199" collisions="181" teleports="181" halting="6" stopped="0" meanWaitingTime="1550.86" meanTravelTime="364.67" meanSpeed="18.92" meanSpeedRelative="0.59" duration="5"/>
    <step time="63000.00" loaded="76531" inserted="70986" running="417" waiting="5545" ended="70569" arrived="70569" collisions="181" teleports="181" halting="3" stopped="0" meanWaitingTime="1570.34" meanTravelTime="364.88" meanSpeed="20.08" meanSpeedRelative="0.63" duration="5"/>
    <step time="63300.00" loaded="76602" inserted="71275" running="361" waiting="5327" ended="70914" arrived="70914" collisions="183" teleports="183" halting="2" stopped="0" meanWaitingTime="1586.69" meanTravelTime="365.10" meanSpeed="21.59" meanSpeedRelative="0.67" duration="2"/>
    <step time="63600.00" loaded="76679" inserted="71557" running="326" waiting="5122" ended="71231" arrived="71231" collisions="183" teleports="183" halting="5" stopped="0" meanWaitingTime="1602.97" meanTravelTime="365.09" meanSpeed="21.97" meanSpeedRelative="0.69" duration="3"/>
    <step time="63900.00" loaded="76751" inserted="71790" running="263" waiting="4961" ended="71527" arrived="71527" collisions="183" teleports="183" halting="8" stopped="0" meanWaitingTime="1620.13" meanTravelTime="364.99" meanSpeed="21.12" meanSpeedRelative="0.66" duration="3"/>
    <step time="64200.00" loaded="76828" inserted="72023" running="235" waiting="4805" ended="71788" arrived="71788" collisions="186" teleports="186" halting="1" stopped="0" meanWaitingTime="1638.18" meanTravelTime="364.99" meanSpeed="22.02" meanSpeedRelative="0.69" duration="2"/>
    <step time="64500.00" loaded="76907" inserted="72264" running="222" waiting="4643" ended="72042" arrived="72042" collisions="186" teleports="186" halting="2" stopped="0" meanWaitingTime="1654.91" meanTravelTime="364.79" meanSpeed="22.32" meanSpeedRelative="0.70" duration="2"/>
    <step time="64800.00" loaded="76975" inserted="72497" running="211" waiting="4478" ended="72286" arrived="72286" collisions="186" teleports="186" halting="5" stopped="0" meanWaitingTime="1673.71" meanTravelTime="364.51" meanSpeed="21.31" meanSpeedRelative="0.67" duration="96"/>
    <step time="65100.00" loaded="77033" inserted="72716" running="208" waiting="4317" ended="72508" arrived="72508" collisions="186" teleports="186" halting="6" stopped="0" meanWaitingTime="1691.21" meanTravelTime="364.20" meanSpeed="21.32" meanSpeedRelative="0.67" duration="2"/>
    <step time="65400.00" loaded="77087" inserted="72962" running="239" waiting="4125" ended="72723" arrived="72723" collisions="186" teleports="186" halting="5" stopped="0" meanWaitingTime="1710.58" meanTravelTime="363.95" meanSpeed="21.38" meanSpeedRelative="0.67" duration="2"/>
    <step time="65700.00" loaded="77150" inserted="73207" running="230" waiting="3943" ended="72977" arrived="72977" collisions="186" teleports="186" halting="2" stopped="0" meanWaitingTime="1728.89" meanTravelTime="363.67" meanSpeed="21.87" meanSpeedRelative="0.68" duration="2"/>
    <step time="66000.00" loaded="77206" inserted="73453" running="235" waiting="3753" ended="73218" arrived="73218" collisions="186" teleports="186" halting="3" stopped="0" meanWaitingTime="1747.37" meanTravelTime="363.42" meanSpeed="21.69" meanSpeedRelative="0.68" duration="2"/>
    <step time="66300.00" loaded="77254" inserted="73700" running="220" waiting="3554" ended="73480" arrived="73480" collisions="186" teleports="186" halting="6" stopped="0" meanWaitingTime="1765.44" meanTravelTime="363.08" meanSpeed="21.42" meanSpeedRelative="0.67" duration="2"/>
    <step time="66600.00" loaded="77310" inserted="73952" running="233" waiting="3358" ended="73719" arrived="73719" collisions="186" teleports="186" halting="2" stopped="0" meanWaitingTime="1782.07" meanTravelTime="362.82" meanSpeed="21.89" meanSpeedRelative="0.68" duration="1"/>
    <step time="66900.00" loaded="77373" inserted="74128" running="158" waiting="3245" ended="73970" arrived="73970" collisions="186" teleports="186" halting="4" stopped="0" meanWaitingTime="1796.27" meanTravelTime="362.56" meanSpeed="23.37" meanSpeedRelative="0.73" duration="2"/>
    <step time="67200.00" loaded="77413" inserted="74305" running="140" waiting="3108" ended="74165" arrived="74165" collisions="186" teleports="186" halting="4" stopped="0" meanWaitingTime="1812.54" meanTravelTime="362.26" meanSpeed="22.24" meanSpeedRelative="0.70" duration="2"/>
    <step time="67500.00" loaded="77468" inserted="74474" running="131" waiting="2994" ended="74343" arrived="74343" collisions="186" teleports="186" halting="1" stopped="0" meanWaitingTime="1826.91" meanTravelTime="361.98" meanSpeed="22.00" meanSpeedRelative="0.69" duration="1"/>
    <step time="67800.00" loaded="77507" inserted="74645" running="129" waiting="2862" ended="74516" arrived="74516" collisions="186" teleports="186" halting="4" stopped="0" meanWaitingTime="1842.75" meanTravelTime="361.68" meanSpeed="21.09" meanSpeedRelative="0.66" duration="1"/>
    <step time="68100.00" loaded="77559" inserted="74812" running="127" waiting="2747" ended="74685" arrived="74685" collisions="187" teleports="187" halting="6" stopped="0" meanWaitingTime="1857.32" meanTravelTime="361.40" meanSpeed="19.69" meanSpeedRelative="0.62" duration="1"/>
    <step time="68400.00" loaded="77595" inserted="74968" running="113" waiting="2627" ended="74855" arrived="74855" collisions="187" teleports="187" halting="0" stopped="0" meanWaitingTime="1871.30" meanTravelTime="361.13" meanSpeed="21.24" meanSpeedRelative="0.66" duration="91"/>
    <step time="68700.00" loaded="77754" inserted="75209" running="164" waiting="2545" ended="75045" arrived="75045" collisions="187" teleports="187" halting="2" stopped="0" meanWaitingTime="1884.39" meanTravelTime="360.71" meanSpeed="22.92" meanSpeedRelative="0.72" duration="1"/>
    <step time="69000.00" loaded="77889" inserted="75440" running="194" waiting="2449" ended="75246" arrived="75246" collisions="188" teleports="188" halting="5" stopped="0" meanWaitingTime="1897.75" meanTravelTime="360.38" meanSpeed="22.45" meanSpeedRelative="0.70" duration="2"/>
    <step time="69300.00" loaded="78033" inserted="75676" running="188" waiting="2357" ended="75488" arrived="75488" collisions="189" teleports="189" halting="2" stopped="0" meanWaitingTime="1909.75" meanTravelTime="359.94" meanSpeed="22.58" meanSpeedRelative="0.71" duration="2"/>
    <step time="69600.00" loaded="78184" inserted="75904" running="196" waiting="2280" ended="75708" arrived="75708" collisions="190" teleports="190" halting="0" stopped="0" meanWaitingTime="1921.33" meanTravelTime="359.59" meanSpeed="22.61" meanSpeedRelative="0.71" duration="2"/>
    <step time="69900.00" loaded="78367" inserted="76163" running="215" waiting="2204" ended="75948" arrived="75948" collisions="190" teleports="190" halting="3" stopped="0" meanWaitingTime="1933.16" meanTravelTime="359.25" meanSpeed="22.88" meanSpeedRelative="0.71" duration="2"/>
    <step time="70200.00" loaded="78530" inserted="76413" running="222" waiting="2117" ended="76191" arrived="76191" collisions="190" teleports="190" halting="5" stopped="0" meanWaitingTime="1945.33" meanTravelTime="358.91" meanSpeed="21.60" meanSpeedRelative="0.67" duration="1"/>
    <step time="70500.00" loaded="78674" inserted="76636" running="207" waiting="2038" ended="76429" arrived="76429" collisions="190" teleports="190" halting="6" stopped="0" meanWaitingTime="1955.50" meanTravelTime="358.65" meanSpeed="22.55" meanSpeedRelative="0.70" duration="1"/>
    <step time="70800.00" loaded="78843" inserted="76862" running="194" waiting="1981" ended="76668" arrived="76668" collisions="190" teleports="190" halting="2" stopped="0" meanWaitingTime="1963.73" meanTravelTime="358.41" meanSpeed="22.39" meanSpeedRelative="0.70" duration="2"/>
    <step time="71100.00" loaded="79015" inserted="77112" running="208" waiting="1903" ended="76904" arrived="76904" collisions="190" teleports="190" halting="0" stopped="0" meanWaitingTime="1971.55" meanTravelTime="358.10" meanSpeed="22.47" meanSpeedRelative="0.70" duration="2"/>
    <step time="71400.00" loaded="79178" inserted="77355" running="205" waiting="1823" ended="77150" arrived="77150" collisions="191" teleports="191" halting="3" stopped="0" meanWaitingTime="1977.74" meanTravelTime="357.75" meanSpeed="22.75" meanSpeedRelative="0.71" duration="2"/>
    <step time="71700.00" loaded="79332" inserted="77571" running="181" waiting="1761" ended="77390" arrived="77390" collisions="191" teleports="191" halting="6" stopped="0" meanWaitingTime="1984.61" meanTravelTime="357.47" meanSpeed="23.51" meanSpeedRelative="0.73" duration="1"/>
    <step time="72000.00" loaded="79486" inserted="77736" running="170" waiting="1750" ended="77566" arrived="77566" collisions="191" teleports="191" halting="2" stopped="0" meanWaitingTime="1988.61" meanTravelTime="357.33" meanSpeed="23.74" meanSpeedRelative="0.74" duration="83"/>
    <step time="72300.00" loaded="79631" inserted="77890" running="155" waiting="1741" ended="77735" arrived="77735" collisions="191" teleports="191" halting="5" stopped="0" meanWaitingTime="1992.81" meanTravelTime="357.17" meanSpeed="22.54" meanSpeedRelative="0.70" duration="1"/>
    <step time="72600.00" loaded="79770" inserted="78046" running="135" waiting="1724" ended="77911" arrived="77911" collisions="192" teleports="192" halting="3" stopped="0" meanWaitingTime="1996.90" meanTravelTime="357.12" meanSpeed="22.89" meanSpeedRelative="0.72" duration="1"/>
    <step time="72900.00" loaded="79914" inserted="78204" running="163" waiting="1710" ended="78041" arrived="78041" collisions="192" teleports="192" halting="5" stopped="0" meanWaitingTime="2001.52" meanTravelTime="356.99" meanSpeed="22.77" meanSpeedRelative="0.71" duration="1"/>
    <step time="73200.00" loaded="80047" inserted="78354" running="162" waiting="1693" ended="78192" arrived="78192" collisions="192" teleports="192" halting="1" stopped="0" meanWaitingTime="2005.90" meanTravelTime="356.85" meanSpeed="22.84" meanSpeedRelative="0.71" duration="1"/>
    <step time="73500.00" loaded="80183" inserted="78517" running="171" waiting="1666" ended="78346" arrived="78346" collisions="193" teleports="193" halting="5" stopped="0" meanWaitingTime="2010.91" meanTravelTime="356.80" meanSpeed="22.74" meanSpeedRelative="0.71" duration="2"/>
    <step time="73800.00" loaded="80311" inserted="78654" running="150" waiting="1657" ended="78504" arrived="78504" collisions="194" teleports="194" halting="5" stopped="0" meanWaitingTime="2015.06" meanTravelTime="356.72" meanSpeed="22.62" meanSpeedRelative="0.71" duration="1"/>
    <step time="74100.00" loaded="80440" inserted="78802" running="147" waiting="1638" ended="78655" arrived="78655" collisions="194" teleports="194" halting="4" stopped="0" meanWaitingTime="2019.92" meanTravelTime="356.63" meanSpeed="23.09" meanSpeedRelative="0.72" duration="1"/>
    <step time="74400.00" loaded="80583" inserted="78954" running="142" waiting="1629" ended="78812" arrived="78812" collisions="194" teleports="194" halting="9" stopped="0" meanWaitingTime="2024.25" meanTravelTime="356.45" meanSpeed="22.83" meanSpeedRelative="0.71" duration="3"/>
    <step time="74700.00" loaded="80712" inserted="79107" running="155" waiting="1605" ended="78952" arrived="78952" collisions="195" teleports="195" halting="5" stopped="0" meanWaitingTime="2028.85" meanTravelTime="356.36" meanSpeed="22.61" meanSpeedRelative="0.71" duration="1"/>
    <step time="75000.00" loaded="80835" inserted="79245" running="132" waiting="1590" ended="79113" arrived="79113" collisions="195" teleports="195" halting="2" stopped="0" meanWaitingTime="2033.18" meanTravelTime="356.29" meanSpeed="22.60" meanSpeedRelative="0.71" duration="1"/>
    <step time="75300.00" loaded="80986" inserted="79408" running="140" waiting="1578" ended="79268" arrived="79268" collisions="195" teleports="195" halting="5" stopped="0" meanWaitingTime="2038.85" meanTravelTime="356.10" meanSpeed="22.08" meanSpeedRelative="0.69" duration="1"/>
    <step time="75600.00" loaded="81112" inserted="79555" running="154" waiting="1557" ended="79401" arrived="79401" collisions="195" teleports="195" halting="7" stopped="0" meanWaitingTime="2044.07" meanTravelTime="355.98" meanSpeed="22.96" meanSpeedRelative="0.72" duration="82"/>
    <step time="75900.00" loaded="81313" inserted="79758" running="178" waiting="1555" ended="79580" arrived="79580" collisions="196" teleports="196" halting="1" stopped="0" meanWaitingTime="2048.12" meanTravelTime="355.78" meanSpeed="23.44" meanSpeedRelative="0.73" duration="1"/>
    <step time="76200.00" loaded="81530" inserted="79978" running="204" waiting="1552" ended="79774" arrived="79774" collisions="196" teleports="196" halting="6" stopped="0" meanWaitingTime="2053.01" meanTravelTime="355.63" meanSpeed="23.20" meanSpeedRelative="0.72" duration="1"/>
    <step time="76500.00" loaded="81728" inserted="80176" running="200" waiting="1552" ended="79976" arrived="79976" collisions="197" teleports="197" halting="9" stopped="0" meanWaitingTime="2058.17" meanTravelTime="355.46" meanSpeed="22.71" meanSpeedRelative="0.71" duration="1"/>
    <step time="76800.00" loaded="81911" inserted="80371" running="191" waiting="1540" ended="80180" arrived="80180" collisions="197" teleports="197" halting="0" stopped="0" meanWaitingTime="2062.89" meanTravelTime="355.32" meanSpeed="23.05" meanSpeedRelative="0.72" duration="2"/>
    <step time="77100.00" loaded="82112" inserted="80576" running="201" waiting="1536" ended="80375" arrived="80375" collisions="197" teleports="197" halting="3" stopped="0" meanWaitingTime="2067.47" meanTravelTime="355.13" meanSpeed="22.64" meanSpeedRelative="0.71" duration="2"/>
    <step time="77400.00" loaded="82293" inserted="80769" running="180" waiting="1524" ended="80589" arrived="80589" collisions="197" teleports="197" halting="10" stopped="0" meanWaitingTime="2073.62" meanTravelTime="354.88" meanSpeed="21.57" meanSpeedRelative="0.67" duration="1"/>
    <step time="77700.00" loaded="82491" inserted="80976" running="202" waiting="1515" ended="80774" arrived="80774" collisions="197" teleports="197" halting="1" stopped="0" meanWaitingTime="2078.10" meanTravelTime="354.77" meanSpeed="22.65" meanSpeedRelative="0.71" duration="1"/>
    <step time="78000.00" loaded="82677" inserted="81169" running="198" waiting="1508" ended="80971" arrived="80971" collisions="197" teleports="197" halting="1" stopped="0" meanWaitingTime="2083.15" meanTravelTime="354.63" meanSpeed="23.42" meanSpeedRelative="0.73" duration="1"/>
    <step time="78300.00" loaded="82868" inserted="81369" running="188" waiting="1499" ended="81181" arrived="81181" collisions="197" teleports="197" halting="6" stopped="0" meanWaitingTime="2087.69" meanTravelTime="354.54" meanSpeed="22.42" meanSpeedRelative="0.70" duration="2"/>
    <step time="78600.00" loaded="83066" inserted="81568" running="173" waiting="1498" ended="81395" arrived="81395" collisions="197" teleports="197" halting="8" stopped="0" meanWaitingTime="2092.22" meanTravelTime="354.31" meanSpeed="21.82" meanSpeedRelative="0.68" duration="1"/>
    <step time="78900.00" loaded="83270" inserted="81764" running="173" waiting="1506" ended="81591" arrived="81591" collisions="197" teleports="197" halting="0" stopped="0" meanWaitingTime="2096.94" meanTravelTime="354.13" meanSpeed="22.58" meanSpeedRelative="0.71" duration="2"/>
    <step time="79200.00" loaded="83500" inserted="82007" running="221" waiting="1493" ended="81786" arrived="81786" collisions="198" teleports="198" halting="2" stopped="0" meanWaitingTime="2100.43" meanTravelTime="353.94" meanSpeed="23.38" meanSpeedRelative="0.73" duration="83"/>
    <step time="79500.00" loaded="83671" inserted="82195" running="184" waiting="1476" ended="82011" arrived="82011" collisions="198" teleports="198" halting="7" stopped="0" meanWaitingTime="2103.46" meanTravelTime="353.78" meanSpeed="23.43" meanSpeedRelative="0.73" duration="1"/>
    <step time="79800.00" loaded="83834" inserted="82372" running="163" waiting="1462" ended="82209" arrived="82209" collisions="198" teleports="198" halting="5" stopped="0" meanWaitingTime="2106.78" meanTravelTime="353.58" meanSpeed="23.17" meanSpeedRelative="0.72" duration="1"/>
    <step time="80100.00" loaded="83997" inserted="82555" running="156" waiting="1442" ended="82399" arrived="82399" collisions="198" teleports="198" halting="3" stopped="0" meanWaitingTime="2110.37" meanTravelTime="353.48" meanSpeed="22.53" meanSpeedRelative="0.70" duration="1"/>
    <step time="80400.00" loaded="84178" inserted="82752" running="185" waiting="1426" ended="82567" arrived="82567" collisions="198" teleports="198" halting="4" stopped="0" meanWaitingTime="2113.11" meanTravelTime="353.27" meanSpeed="22.72" meanSpeedRelative="0.71" duration="2"/>
    <step time="80700.00" loaded="84338" inserted="82922" running="166" waiting="1416" ended="82756" arrived="82756" collisions="198" teleports="198" halting="7" stopped="0" meanWaitingTime="2115.61" meanTravelTime="353.06" meanSpeed="22.81" meanSpeedRelative="0.71" duration="1"/>
    <step time="81000.00" loaded="84501" inserted="83088" running="145" waiting="1413" ended="82943" arrived="82943" collisions="198" teleports="198" halting="3" stopped="0" meanWaitingTime="2117.52" meanTravelTime="352.92" meanSpeed="22.78" meanSpeedRelative="0.71" duration="1"/>
    <step time="81300.00" loaded="84676" inserted="83282" running="166" waiting="1394" ended="83116" arrived="83116" collisions="198" teleports="198" halting="4" stopped="0" meanWaitingTime="2119.14" meanTravelTime="352.81" meanSpeed="21.87" meanSpeedRelative="0.68" duration="1"/>
    <step time="81600.00" loaded="84830" inserted="83444" running="160" waiting="1386" ended="83284" arrived="83284" collisions="198" teleports="198" halting="9" stopped="0" meanWaitingTime="2120.78" meanTravelTime="352.68" meanSpeed="21.92" meanSpeedRelative="0.69" duration="2"/>
    <step time="81900.00" loaded="85020" inserted="83645" running="198" waiting="1375" ended="83447" arrived="83447" collisions="198" teleports="198" halting="0" stopped="0" meanWaitingTime="2120.99" meanTravelTime="352.53" meanSpeed="23.07" meanSpeedRelative="0.72" duration="1"/>
    <step time="82200.00" loaded="85196" inserted="83826" running="189" waiting="1370" ended="83637" arrived="83637" collisions="198" teleports="198" halting="2" stopped="0" meanWaitingTime="2122.01" meanTravelTime="352.41" meanSpeed="23.50" meanSpeedRelative="0.73" duration="1"/>
    <step time="82500.00" loaded="85351" inserted="83992" running="163" waiting="1359" ended="83829" arrived="83829" collisions="199" teleports="199" halting="5" stopped="0" meanWaitingTime="2123.08" meanTravelTime="352.33" meanSpeed="23.02" meanSpeedRelative="0.72" duration="1"/>
</summary>
