<?xml version="1.0" encoding="UTF-8"?>

<!-- generated on 2025-08-08 05:26:14 by Eclipse SUMO sumo Version 1.23.1
<sumoConfiguration xmlns:xsi="http://www.w3.org/2001/XMLSchema-instance" xsi:noNamespaceSchemaLocation="http://sumo.dlr.de/xsd/sumoConfiguration.xsd">

    <input>
        <net-file value="Desktop\Master Thesis\Network_fin.net.xml"/>
        <route-files value="Desktop\Master Thesis\demand_model_amsterdam.rou.xml"/>
        <additional-files value="Desktop\Master Thesis\Additionnal.add.xml"/>
    </input>

    <output>
        <summary-output value="outputf/summary_coor_alinea_2neigh_method2_K80_target5_66189.xml"/>
        <summary-output.period value="300"/>
        <tripinfo-output value="outputf/tripinfo_coor_alinea_2neigh_method2_K80_target5_66189.xml"/>
    </output>

    <time>
        <begin value="0"/>
        <end value="82800"/>
        <step-length value="1"/>
    </time>

    <processing>
        <time-to-teleport value="-1"/>
    </processing>

    <report>
        <verbose value="true"/>
        <no-step-log value="true"/>
    </report>

    <emissions>
        <device.emissions.period value="10"/>
    </emissions>

    <traci_server>
        <remote-port value="50303"/>
    </traci_server>

    <random_number>
        <seed value="66189"/>
    </random_number>

</sumoConfiguration>
-->

<summary xmlns:xsi="http://www.w3.org/2001/XMLSchema-instance" xsi:noNamespaceSchemaLocation="http://sumo.dlr.de/xsd/summary_file.xsd">
    <step time="0.00" loaded="2" inserted="1" running="1" waiting="1" ended="0" arrived="0" collisions="0" teleports="0" halting="1" stopped="0" meanWaitingTime="0.00" meanTravelTime="-1.00" meanSpeed="0.00" meanSpeedRelative="0.00" duration="1"/>
    <step time="300.00" loaded="188" inserted="188" running="114" waiting="0" ended="74" arrived="74" collisions="0" teleports="0" halting="1" stopped="0" meanWaitingTime="0.77" meanTravelTime="111.73" meanSpeed="25.20" meanSpeedRelative="0.79" duration="2"/>
    <step time="600.00" loaded="367" inserted="367" running="147" waiting="0" ended="220" arrived="220" collisions="0" teleports="0" halting="0" stopped="0" meanWaitingTime="0.50" meanTravelTime="166.80" meanSpeed="25.41" meanSpeedRelative="0.79" duration="2"/>
    <step time="900.00" loaded="564" inserted="564" running="189" waiting="0" ended="375" arrived="375" collisions="0" teleports="0" halting="0" stopped="0" meanWaitingTime="0.47" meanTravelTime="200.72" meanSpeed="25.07" meanSpeedRelative="0.78" duration="2"/>
    <step time="1200.00" loaded="766" inserted="766" running="185" waiting="0" ended="581" arrived="581" collisions="0" teleports="0" halting="1" stopped="0" meanWaitingTime="0.49" meanTravelTime="217.89" meanSpeed="24.43" meanSpeedRelative="0.76" duration="2"/>
    <step time="1500.00" loaded="926" inserted="926" running="153" waiting="0" ended="773" arrived="773" collisions="0" teleports="0" halting="0" stopped="0" meanWaitingTime="0.48" meanTravelTime="235.04" meanSpeed="24.26" meanSpeedRelative="0.76" duration="1"/>
    <step time="1800.00" loaded="1108" inserted="1108" running="173" waiting="0" ended="935" arrived="935" collisions="1" teleports="1" halting="0" stopped="0" meanWaitingTime="0.49" meanTravelTime="241.37" meanSpeed="25.32" meanSpeedRelative="0.79" duration="1"/>
    <step time="2100.00" loaded="1302" inserted="1302" running="169" waiting="0" ended="1133" arrived="1133" collisions="1" teleports="1" halting="3" stopped="0" meanWaitingTime="0.47" meanTravelTime="248.22" meanSpeed="23.72" meanSpeedRelative="0.74" duration="1"/>
    <step time="2400.00" loaded="1497" inserted="1497" running="186" waiting="0" ended="1311" arrived="1311" collisions="1" teleports="1" halting="1" stopped="0" meanWaitingTime="0.48" meanTravelTime="249.44" meanSpeed="25.06" meanSpeedRelative="0.78" duration="1"/>
    <step time="2700.00" loaded="1680" inserted="1680" running="159" waiting="0" ended="1521" arrived="1521" collisions="2" teleports="2" halting="0" stopped="0" meanWaitingTime="0.46" meanTravelTime="254.81" meanSpeed="25.42" meanSpeedRelative="0.79" duration="0"/>
    <step time="3000.00" loaded="1865" inserted="1865" running="161" waiting="0" ended="1704" arrived="1704" collisions="2" teleports="2" halting="0" stopped="0" meanWaitingTime="0.46" meanTravelTime="256.28" meanSpeed="26.10" meanSpeedRelative="0.82" duration="1"/>
    <step time="3300.00" loaded="2033" inserted="2028" running="148" waiting="5" ended="1880" arrived="1880" collisions="2" teleports="2" halting="1" stopped="0" meanWaitingTime="0.60" meanTravelTime="257.01" meanSpeed="24.62" meanSpeedRelative="0.77" duration="1"/>
    <step time="3600.00" loaded="2234" inserted="2219" running="178" waiting="15" ended="2041" arrived="2041" collisions="3" teleports="3" halting="2" stopped="0" meanWaitingTime="1.81" meanTravelTime="257.96" meanSpeed="24.01" meanSpeedRelative="0.75" duration="85"/>
    <step time="3900.00" loaded="2355" inserted="2342" running="111" waiting="13" ended="2231" arrived="2231" collisions="3" teleports="3" halting="7" stopped="0" meanWaitingTime="3.67" meanTravelTime="259.83" meanSpeed="24.07" meanSpeedRelative="0.75" duration="0"/>
    <step time="4200.00" loaded="2464" inserted="2455" running="97" waiting="9" ended="2358" arrived="2358" collisions="3" teleports="3" halting="0" stopped="0" meanWaitingTime="5.30" meanTravelTime="260.15" meanSpeed="24.09" meanSpeedRelative="0.75" duration="1"/>
    <step time="4500.00" loaded="2583" inserted="2567" running="105" waiting="16" ended="2462" arrived="2462" collisions="3" teleports="3" halting="0" stopped="0" meanWaitingTime="6.09" meanTravelTime="262.06" meanSpeed="25.05" meanSpeedRelative="0.78" duration="0"/>
    <step time="4800.00" loaded="2689" inserted="2674" running="99" waiting="15" ended="2575" arrived="2575" collisions="3" teleports="3" halting="5" stopped="0" meanWaitingTime="7.42" meanTravelTime="261.73" meanSpeed="24.28" meanSpeedRelative="0.76" duration="1"/>
    <step time="5100.00" loaded="2794" inserted="2784" running="90" waiting="10" ended="2694" arrived="2694" collisions="3" teleports="3" halting="0" stopped="0" meanWaitingTime="8.81" meanTravelTime="261.82" meanSpeed="23.78" meanSpeedRelative="0.74" duration="1"/>
    <step time="5400.00" loaded="2911" inserted="2907" running="109" waiting="4" ended="2798" arrived="2798" collisions="3" teleports="3" halting="0" stopped="0" meanWaitingTime="9.24" meanTravelTime="261.59" meanSpeed="24.86" meanSpeedRelative="0.78" duration="1"/>
    <step time="5700.00" loaded="3013" inserted="3013" running="100" waiting="0" ended="2913" arrived="2913" collisions="3" teleports="3" halting="1" stopped="0" meanWaitingTime="8.96" meanTravelTime="261.75" meanSpeed="26.15" meanSpeedRelative="0.82" duration="1"/>
    <step time="6000.00" loaded="3119" inserted="3119" running="96" waiting="0" ended="3023" arrived="3023" collisions="3" teleports="3" halting="0" stopped="0" meanWaitingTime="8.66" meanTravelTime="261.70" meanSpeed="26.03" meanSpeedRelative="0.81" duration="1"/>
    <step time="6300.00" loaded="3226" inserted="3226" running="94" waiting="0" ended="3132" arrived="3132" collisions="3" teleports="3" halting="0" stopped="0" meanWaitingTime="8.38" meanTravelTime="261.45" meanSpeed="25.13" meanSpeedRelative="0.79" duration="0"/>
    <step time="6600.00" loaded="3335" inserted="3335" running="84" waiting="0" ended="3251" arrived="3251" collisions="3" teleports="3" halting="2" stopped="0" meanWaitingTime="8.12" meanTravelTime="261.28" meanSpeed="25.69" meanSpeedRelative="0.80" duration="1"/>
    <step time="6900.00" loaded="3440" inserted="3440" running="89" waiting="0" ended="3351" arrived="3351" collisions="3" teleports="3" halting="0" stopped="0" meanWaitingTime="7.88" meanTravelTime="261.05" meanSpeed="26.29" meanSpeedRelative="0.82" duration="1"/>
    <step time="7200.00" loaded="3566" inserted="3566" running="94" waiting="0" ended="3472" arrived="3472" collisions="3" teleports="3" halting="2" stopped="0" meanWaitingTime="7.62" meanTravelTime="260.48" meanSpeed="25.08" meanSpeedRelative="0.78" duration="87"/>
    <step time="7500.00" loaded="3730" inserted="3730" running="121" waiting="0" ended="3609" arrived="3609" collisions="3" teleports="3" halting="1" stopped="0" meanWaitingTime="7.30" meanTravelTime="260.15" meanSpeed="25.14" meanSpeedRelative="0.79" duration="1"/>
    <step time="7800.00" loaded="3896" inserted="3885" running="126" waiting="11" ended="3759" arrived="3759" collisions="3" teleports="3" halting="5" stopped="0" meanWaitingTime="7.14" meanTravelTime="258.10" meanSpeed="24.28" meanSpeedRelative="0.76" duration="1"/>
    <step time="8100.00" loaded="4058" inserted="4044" running="129" waiting="14" ended="3915" arrived="3915" collisions="3" teleports="3" halting="0" stopped="0" meanWaitingTime="7.67" meanTravelTime="258.38" meanSpeed="24.15" meanSpeedRelative="0.75" duration="1"/>
    <step time="8400.00" loaded="4210" inserted="4202" running="138" waiting="8" ended="4064" arrived="4064" collisions="3" teleports="3" halting="3" stopped="0" meanWaitingTime="8.12" meanTravelTime="258.40" meanSpeed="24.11" meanSpeedRelative="0.75" duration="1"/>
    <step time="8700.00" loaded="4369" inserted="4359" running="131" waiting="10" ended="4228" arrived="4228" collisions="3" teleports="3" halting="5" stopped="0" meanWaitingTime="8.54" meanTravelTime="257.73" meanSpeed="24.41" meanSpeedRelative="0.76" duration="0"/>
    <step time="9000.00" loaded="4518" inserted="4503" running="126" waiting="15" ended="4377" arrived="4377" collisions="3" teleports="3" halting="0" stopped="0" meanWaitingTime="8.88" meanTravelTime="257.57" meanSpeed="24.45" meanSpeedRelative="0.76" duration="1"/>
    <step time="9300.00" loaded="4662" inserted="4650" running="117" waiting="12" ended="4533" arrived="4533" collisions="3" teleports="3" halting="1" stopped="0" meanWaitingTime="9.45" meanTravelTime="257.88" meanSpeed="24.97" meanSpeedRelative="0.78" duration="1"/>
    <step time="9600.00" loaded="4822" inserted="4810" running="131" waiting="12" ended="4679" arrived="4679" collisions="3" teleports="3" halting="5" stopped="0" meanWaitingTime="9.88" meanTravelTime="258.35" meanSpeed="24.09" meanSpeedRelative="0.75" duration="2"/>
    <step time="9900.00" loaded="4972" inserted="4954" running="121" waiting="18" ended="4833" arrived="4833" collisions="3" teleports="3" halting="1" stopped="0" meanWaitingTime="10.30" meanTravelTime="258.82" meanSpeed="24.30" meanSpeedRelative="0.76" duration="1"/>
    <step time="10200.00" loaded="5133" inserted="5105" running="113" waiting="28" ended="4992" arrived="4992" collisions="3" teleports="3" halting="1" stopped="0" meanWaitingTime="11.01" meanTravelTime="258.09" meanSpeed="24.27" meanSpeedRelative="0.76" duration="1"/>
    <step time="10500.00" loaded="5273" inserted="5247" running="109" waiting="26" ended="5138" arrived="5138" collisions="3" teleports="3" halting="2" stopped="0" meanWaitingTime="12.10" meanTravelTime="257.66" meanSpeed="23.81" meanSpeedRelative="0.74" duration="1"/>
    <step time="10800.00" loaded="5421" inserted="5380" running="106" waiting="41" ended="5274" arrived="5274" collisions="4" teleports="4" halting="1" stopped="0" meanWaitingTime="13.07" meanTravelTime="257.43" meanSpeed="24.03" meanSpeedRelative="0.75" duration="86"/>
    <step time="11100.00" loaded="5576" inserted="5528" running="134" waiting="48" ended="5394" arrived="5394" collisions="4" teleports="4" halting="1" stopped="0" meanWaitingTime="14.59" meanTravelTime="256.78" meanSpeed="24.07" meanSpeedRelative="0.75" duration="1"/>
    <step time="11400.00" loaded="5729" inserted="5674" running="123" waiting="55" ended="5551" arrived="5551" collisions="4" teleports="4" halting="3" stopped="0" meanWaitingTime="16.56" meanTravelTime="257.00" meanSpeed="24.24" meanSpeedRelative="0.76" duration="1"/>
    <step time="11700.00" loaded="5883" inserted="5826" running="109" waiting="57" ended="5717" arrived="5717" collisions="4" teleports="4" halting="1" stopped="0" meanWaitingTime="18.44" meanTravelTime="256.35" meanSpeed="23.52" meanSpeedRelative="0.74" duration="0"/>
    <step time="12000.00" loaded="6040" inserted="5983" running="116" waiting="57" ended="5867" arrived="5867" collisions="5" teleports="5" halting="1" stopped="0" meanWaitingTime="20.58" meanTravelTime="255.33" meanSpeed="25.60" meanSpeedRelative="0.80" duration="1"/>
    <step time="12300.00" loaded="6184" inserted="6124" running="109" waiting="60" ended="6015" arrived="6015" collisions="5" teleports="5" halting="3" stopped="0" meanWaitingTime="23.16" meanTravelTime="254.64" meanSpeed="24.12" meanSpeedRelative="0.75" duration="0"/>
    <step time="12600.00" loaded="6340" inserted="6273" running="121" waiting="67" ended="6152" arrived="6152" collisions="5" teleports="5" halting="7" stopped="0" meanWaitingTime="24.96" meanTravelTime="254.39" meanSpeed="23.45" meanSpeedRelative="0.73" duration="1"/>
    <step time="12900.00" loaded="6495" inserted="6428" running="114" waiting="67" ended="6314" arrived="6314" collisions="5" teleports="5" halting="0" stopped="0" meanWaitingTime="27.09" meanTravelTime="253.25" meanSpeed="24.63" meanSpeedRelative="0.77" duration="1"/>
    <step time="13200.00" loaded="6661" inserted="6584" running="128" waiting="77" ended="6456" arrived="6456" collisions="5" teleports="5" halting="1" stopped="0" meanWaitingTime="29.83" meanTravelTime="252.88" meanSpeed="24.92" meanSpeedRelative="0.78" duration="1"/>
    <step time="13500.00" loaded="6816" inserted="6740" running="121" waiting="76" ended="6619" arrived="6619" collisions="5" teleports="5" halting="6" stopped="0" meanWaitingTime="31.86" meanTravelTime="252.26" meanSpeed="23.90" meanSpeedRelative="0.75" duration="0"/>
    <step time="13800.00" loaded="6956" inserted="6873" running="101" waiting="83" ended="6772" arrived="6772" collisions="5" teleports="5" halting="2" stopped="0" meanWaitingTime="33.76" meanTravelTime="251.78" meanSpeed="25.50" meanSpeedRelative="0.80" duration="0"/>
    <step time="14100.00" loaded="7092" inserted="7001" running="97" waiting="91" ended="6904" arrived="6904" collisions="5" teleports="5" halting="2" stopped="0" meanWaitingTime="36.23" meanTravelTime="251.69" meanSpeed="24.55" meanSpeedRelative="0.77" duration="0"/>
    <step time="14400.00" loaded="7246" inserted="7147" running="107" waiting="99" ended="7040" arrived="7040" collisions="5" teleports="5" halting="2" stopped="0" meanWaitingTime="39.17" meanTravelTime="251.31" meanSpeed="24.51" meanSpeedRelative="0.77" duration="88"/>
    <step time="14700.00" loaded="7350" inserted="7247" running="81" waiting="103" ended="7166" arrived="7166" collisions="5" teleports="5" halting="3" stopped="0" meanWaitingTime="41.78" meanTravelTime="251.10" meanSpeed="24.34" meanSpeedRelative="0.76" duration="1"/>
    <step time="15000.00" loaded="7446" inserted="7340" running="67" waiting="106" ended="7273" arrived="7273" collisions="5" teleports="5" halting="1" stopped="0" meanWaitingTime="44.39" meanTravelTime="251.04" meanSpeed="23.84" meanSpeedRelative="0.75" duration="0"/>
    <step time="15300.00" loaded="7544" inserted="7444" running="87" waiting="100" ended="7357" arrived="7357" collisions="5" teleports="5" halting="2" stopped="0" meanWaitingTime="47.47" meanTravelTime="250.68" meanSpeed="24.55" meanSpeedRelative="0.77" duration="1"/>
    <step time="15600.00" loaded="7624" inserted="7526" running="66" waiting="98" ended="7460" arrived="7460" collisions="5" teleports="5" halting="3" stopped="0" meanWaitingTime="50.72" meanTravelTime="250.76" meanSpeed="23.89" meanSpeedRelative="0.75" duration="0"/>
    <step time="15900.00" loaded="7722" inserted="7632" running="68" waiting="90" ended="7564" arrived="7564" collisions="5" teleports="5" halting="2" stopped="0" meanWaitingTime="54.22" meanTravelTime="250.22" meanSpeed="22.79" meanSpeedRelative="0.71" duration="1"/>
    <step time="16200.00" loaded="7814" inserted="7725" running="67" waiting="89" ended="7658" arrived="7658" collisions="5" teleports="5" halting="4" stopped="0" meanWaitingTime="57.25" meanTravelTime="250.03" meanSpeed="23.50" meanSpeedRelative="0.73" duration="1"/>
    <step time="16500.00" loaded="7903" inserted="7825" running="74" waiting="78" ended="7751" arrived="7751" collisions="5" teleports="5" halting="1" stopped="0" meanWaitingTime="60.68" meanTravelTime="249.37" meanSpeed="24.14" meanSpeedRelative="0.75" duration="0"/>
    <step time="16800.00" loaded="8002" inserted="7928" running="74" waiting="74" ended="7854" arrived="7854" collisions="5" teleports="5" halting="1" stopped="0" meanWaitingTime="63.66" meanTravelTime="249.14" meanSpeed="24.45" meanSpeedRelative="0.76" duration="1"/>
    <step time="17100.00" loaded="8089" inserted="8026" running="79" waiting="63" ended="7947" arrived="7947" collisions="5" teleports="5" halting="3" stopped="0" meanWaitingTime="66.52" meanTravelTime="248.95" meanSpeed="23.39" meanSpeedRelative="0.73" duration="0"/>
    <step time="17400.00" loaded="8198" inserted="8136" running="84" waiting="62" ended="8052" arrived="8052" collisions="5" teleports="5" halting="1" stopped="0" meanWaitingTime="68.80" meanTravelTime="248.28" meanSpeed="24.50" meanSpeedRelative="0.77" duration="0"/>
    <step time="17700.00" loaded="8291" inserted="8228" running="74" waiting="63" ended="8154" arrived="8154" collisions="5" teleports="5" halting="2" stopped="0" meanWaitingTime="70.77" meanTravelTime="248.68" meanSpeed="23.63" meanSpeedRelative="0.74" duration="0"/>
    <step time="18000.00" loaded="8380" inserted="8321" running="61" waiting="59" ended="8260" arrived="8260" collisions="5" teleports="5" halting="1" stopped="0" meanWaitingTime="72.48" meanTravelTime="248.33" meanSpeed="23.67" meanSpeedRelative="0.74" duration="83"/>
    <step time="18300.00" loaded="8577" inserted="8506" running="115" waiting="71" ended="8391" arrived="8391" collisions="5" teleports="5" halting="5" stopped="0" meanWaitingTime="73.38" meanTravelTime="247.37" meanSpeed="23.43" meanSpeedRelative="0.73" duration="0"/>
    <step time="18600.00" loaded="8783" inserted="8692" running="136" waiting="91" ended="8556" arrived="8556" collisions="5" teleports="5" halting="4" stopped="0" meanWaitingTime="73.96" meanTravelTime="246.11" meanSpeed="24.06" meanSpeedRelative="0.75" duration="1"/>
    <step time="18900.00" loaded="8949" inserted="8856" running="136" waiting="93" ended="8720" arrived="8720" collisions="5" teleports="5" halting="3" stopped="0" meanWaitingTime="74.80" meanTravelTime="246.22" meanSpeed="24.56" meanSpeedRelative="0.77" duration="1"/>
    <step time="19200.00" loaded="9141" inserted="9056" running="154" waiting="85" ended="8902" arrived="8902" collisions="5" teleports="5" halting="2" stopped="0" meanWaitingTime="75.69" meanTravelTime="246.07" meanSpeed="24.64" meanSpeedRelative="0.77" duration="1"/>
    <step time="19500.00" loaded="9326" inserted="9222" running="134" waiting="104" ended="9088" arrived="9088" collisions="5" teleports="5" halting="3" stopped="0" meanWaitingTime="76.65" meanTravelTime="245.90" meanSpeed="24.56" meanSpeedRelative="0.77" duration="1"/>
    <step time="19800.00" loaded="9536" inserted="9411" running="174" waiting="125" ended="9237" arrived="9237" collisions="5" teleports="5" halting="1" stopped="0" meanWaitingTime="77.73" meanTravelTime="246.07" meanSpeed="24.13" meanSpeedRelative="0.75" duration="1"/>
    <step time="20100.00" loaded="9721" inserted="9585" running="156" waiting="136" ended="9429" arrived="9429" collisions="6" teleports="6" halting="2" stopped="0" meanWaitingTime="79.27" meanTravelTime="246.42" meanSpeed="24.23" meanSpeedRelative="0.76" duration="1"/>
    <step time="20400.00" loaded="9910" inserted="9766" running="153" waiting="144" ended="9613" arrived="9613" collisions="6" teleports="6" halting="6" stopped="0" meanWaitingTime="80.35" meanTravelTime="246.10" meanSpeed="23.56" meanSpeedRelative="0.74" duration="1"/>
    <step time="20700.00" loaded="10111" inserted="9947" running="145" waiting="164" ended="9802" arrived="9802" collisions="6" teleports="6" halting="2" stopped="0" meanWaitingTime="82.00" meanTravelTime="246.40" meanSpeed="24.08" meanSpeedRelative="0.75" duration="0"/>
    <step time="21000.00" loaded="10301" inserted="10126" running="137" waiting="175" ended="9989" arrived="9989" collisions="6" teleports="6" halting="3" stopped="0" meanWaitingTime="84.24" meanTravelTime="246.23" meanSpeed="23.55" meanSpeedRelative="0.74" duration="1"/>
    <step time="21300.00" loaded="10484" inserted="10299" running="141" waiting="185" ended="10158" arrived="10158" collisions="6" teleports="6" halting="1" stopped="0" meanWaitingTime="86.75" meanTravelTime="246.00" meanSpeed="24.09" meanSpeedRelative="0.75" duration="1"/>
    <step time="21600.00" loaded="10692" inserted="10501" running="161" waiting="191" ended="10340" arrived="10340" collisions="6" teleports="6" halting="5" stopped="0" meanWaitingTime="88.87" meanTravelTime="245.77" meanSpeed="24.09" meanSpeedRelative="0.75" duration="83"/>
    <step time="21900.00" loaded="11141" inserted="10877" running="311" waiting="264" ended="10566" arrived="10566" collisions="7" teleports="7" halting="0" stopped="0" meanWaitingTime="91.56" meanTravelTime="245.41" meanSpeed="23.40" meanSpeedRelative="0.73" duration="2"/>
    <step time="22200.00" loaded="11608" inserted="11294" running="394" waiting="314" ended="10900" arrived="10900" collisions="8" teleports="8" halting="4" stopped="0" meanWaitingTime="95.80" meanTravelTime="245.90" meanSpeed="21.19" meanSpeedRelative="0.66" duration="2"/>
    <step time="22500.00" loaded="12065" inserted="11679" running="394" waiting="386" ended="11285" arrived="11285" collisions="10" teleports="10" halting="11" stopped="0" meanWaitingTime="100.30" meanTravelTime="247.44" meanSpeed="21.51" meanSpeedRelative="0.67" duration="2"/>
    <step time="22800.00" loaded="12503" inserted="12085" running="440" waiting="418" ended="11645" arrived="11645" collisions="11" teleports="11" halting="9" stopped="0" meanWaitingTime="104.18" meanTravelTime="249.11" meanSpeed="20.62" meanSpeedRelative="0.64" duration="2"/>
    <step time="23100.00" loaded="13003" inserted="12491" running="454" waiting="512" ended="12037" arrived="12037" collisions="12" teleports="12" halting="7" stopped="0" meanWaitingTime="108.87" meanTravelTime="251.25" meanSpeed="19.75" meanSpeedRelative="0.62" duration="3"/>
    <step time="23400.00" loaded="13460" inserted="12875" running="420" waiting="585" ended="12455" arrived="12455" collisions="12" teleports="12" halting="2" stopped="0" meanWaitingTime="114.01" meanTravelTime="254.77" meanSpeed="20.88" meanSpeedRelative="0.65" duration="3"/>
    <step time="23700.00" loaded="13912" inserted="13254" running="434" waiting="658" ended="12820" arrived="12820" collisions="14" teleports="14" halting="6" stopped="0" meanWaitingTime="119.79" meanTravelTime="256.69" meanSpeed="20.11" meanSpeedRelative="0.63" duration="2"/>
    <step time="24000.00" loaded="14387" inserted="13653" running="447" waiting="734" ended="13206" arrived="13206" collisions="15" teleports="15" halting="5" stopped="0" meanWaitingTime="127.13" meanTravelTime="259.11" meanSpeed="20.27" meanSpeedRelative="0.63" duration="2"/>
    <step time="24300.00" loaded="14850" inserted="14026" running="413" waiting="824" ended="13613" arrived="13613" collisions="15" teleports="15" halting="5" stopped="0" meanWaitingTime="134.98" meanTravelTime="261.22" meanSpeed="20.36" meanSpeedRelative="0.64" duration="2"/>
    <step time="24600.00" loaded="15332" inserted="14432" running="422" waiting="900" ended="14010" arrived="14010" collisions="15" teleports="15" halting="3" stopped="0" meanWaitingTime="143.67" meanTravelTime="263.48" meanSpeed="20.99" meanSpeedRelative="0.66" duration="2"/>
    <step time="24900.00" loaded="15799" inserted="14839" running="434" waiting="960" ended="14405" arrived="14405" collisions="15" teleports="15" halting="5" stopped="0" meanWaitingTime="152.49" meanTravelTime="264.62" meanSpeed="21.35" meanSpeedRelative="0.67" duration="3"/>
    <step time="25200.00" loaded="16289" inserted="15249" running="451" waiting="1040" ended="14798" arrived="14798" collisions="15" teleports="15" halting="12" stopped="0" meanWaitingTime="162.24" meanTravelTime="266.15" meanSpeed="19.92" meanSpeedRelative="0.62" duration="88"/>
    <step time="25500.00" loaded="16841" inserted="15707" running="494" waiting="1134" ended="15213" arrived="15213" collisions="16" teleports="16" halting="7" stopped="0" meanWaitingTime="172.73" meanTravelTime="267.61" meanSpeed="19.98" meanSpeedRelative="0.62" duration="3"/>
    <step time="25800.00" loaded="17408" inserted="16154" running="501" waiting="1254" ended="15653" arrived="15653" collisions="17" teleports="17" halting="5" stopped="0" meanWaitingTime="183.57" meanTravelTime="269.20" meanSpeed="20.16" meanSpeedRelative="0.63" duration="3"/>
    <step time="26100.00" loaded="17934" inserted="16595" running="516" waiting="1339" ended="16079" arrived="16079" collisions="18" teleports="18" halting="4" stopped="0" meanWaitingTime="194.88" meanTravelTime="270.82" meanSpeed="18.84" meanSpeedRelative="0.59" duration="3"/>
    <step time="26400.00" loaded="18526" inserted="17046" running="522" waiting="1480" ended="16524" arrived="16524" collisions="18" teleports="18" halting="7" stopped="0" meanWaitingTime="206.69" meanTravelTime="272.90" meanSpeed="19.34" meanSpeedRelative="0.60" duration="2"/>
    <step time="26700.00" loaded="19077" inserted="17511" running="534" waiting="1566" ended="16977" arrived="16977" collisions="19" teleports="19" halting="8" stopped="0" meanWaitingTime="219.67" meanTravelTime="275.14" meanSpeed="18.28" meanSpeedRelative="0.57" duration="3"/>
    <step time="27000.00" loaded="19635" inserted="17977" running="551" waiting="1658" ended="17426" arrived="17426" collisions="21" teleports="21" halting="2" stopped="0" meanWaitingTime="233.91" meanTravelTime="276.52" meanSpeed="18.82" meanSpeedRelative="0.59" duration="3"/>
    <step time="27300.00" loaded="20207" inserted="18424" running="553" waiting="1783" ended="17871" arrived="17871" collisions="23" teleports="23" halting="3" stopped="0" meanWaitingTime="247.28" meanTravelTime="278.83" meanSpeed="18.03" meanSpeedRelative="0.56" duration="4"/>
    <step time="27600.00" loaded="20786" inserted="18872" running="515" waiting="1914" ended="18357" arrived="18357" collisions="24" teleports="24" halting="4" stopped="0" meanWaitingTime="259.35" meanTravelTime="281.04" meanSpeed="18.82" meanSpeedRelative="0.59" duration="4"/>
    <step time="27900.00" loaded="21329" inserted="19304" running="502" waiting="2025" ended="18802" arrived="18802" collisions="26" teleports="26" halting="8" stopped="0" meanWaitingTime="273.93" meanTravelTime="282.62" meanSpeed="18.74" meanSpeedRelative="0.59" duration="3"/>
    <step time="28200.00" loaded="21869" inserted="19745" running="505" waiting="2124" ended="19240" arrived="19240" collisions="27" teleports="27" halting="9" stopped="0" meanWaitingTime="289.13" meanTravelTime="283.77" meanSpeed="19.29" meanSpeedRelative="0.60" duration="3"/>
    <step time="28500.00" loaded="22431" inserted="20201" running="546" waiting="2230" ended="19655" arrived="19655" collisions="28" teleports="28" halting="5" stopped="0" meanWaitingTime="305.25" meanTravelTime="285.29" meanSpeed="18.07" meanSpeedRelative="0.56" duration="4"/>
    <step time="28800.00" loaded="22987" inserted="20680" running="540" waiting="2307" ended="20140" arrived="20140" collisions="31" teleports="31" halting="12" stopped="0" meanWaitingTime="321.88" meanTravelTime="286.66" meanSpeed="18.69" meanSpeedRelative="0.58" duration="91"/>
    <step time="29100.00" loaded="23336" inserted="21083" running="492" waiting="2253" ended="20591" arrived="20591" collisions="31" teleports="31" halting="6" stopped="0" meanWaitingTime="336.46" meanTravelTime="288.16" meanSpeed="19.28" meanSpeedRelative="0.60" duration="3"/>
    <step time="29400.00" loaded="23713" inserted="21480" running="470" waiting="2233" ended="21010" arrived="21010" collisions="31" teleports="31" halting="5" stopped="0" meanWaitingTime="353.01" meanTravelTime="289.66" meanSpeed="19.72" meanSpeedRelative="0.62" duration="3"/>
    <step time="29700.00" loaded="24064" inserted="21875" running="454" waiting="2189" ended="21421" arrived="21421" collisions="33" teleports="33" halting="10" stopped="0" meanWaitingTime="369.06" meanTravelTime="291.03" meanSpeed="20.22" meanSpeedRelative="0.63" duration="2"/>
    <step time="30000.00" loaded="24442" inserted="22277" running="435" waiting="2165" ended="21842" arrived="21842" collisions="33" teleports="33" halting="7" stopped="0" meanWaitingTime="385.77" meanTravelTime="291.98" meanSpeed="19.98" meanSpeedRelative="0.62" duration="3"/>
    <step time="30300.00" loaded="24795" inserted="22677" running="429" waiting="2118" ended="22248" arrived="22248" collisions="33" teleports="33" halting="5" stopped="0" meanWaitingTime="403.15" meanTravelTime="292.59" meanSpeed="20.82" meanSpeedRelative="0.65" duration="4"/>
    <step time="30600.00" loaded="25157" inserted="23086" running="421" waiting="2071" ended="22665" arrived="22665" collisions="34" teleports="34" halting="4" stopped="0" meanWaitingTime="419.52" meanTravelTime="293.07" meanSpeed="21.00" meanSpeedRelative="0.66" duration="3"/>
    <step time="30900.00" loaded="25518" inserted="23496" running="436" waiting="2022" ended="23060" arrived="23060" collisions="35" teleports="35" halting="9" stopped="0" meanWaitingTime="434.38" meanTravelTime="293.53" meanSpeed="20.37" meanSpeedRelative="0.64" duration="3"/>
    <step time="31200.00" loaded="25885" inserted="23885" running="403" waiting="2000" ended="23482" arrived="23482" collisions="35" teleports="35" halting="6" stopped="0" meanWaitingTime="448.67" meanTravelTime="294.04" meanSpeed="19.75" meanSpeedRelative="0.62" duration="3"/>
    <step time="31500.00" loaded="26224" inserted="24247" running="344" waiting="1977" ended="23903" arrived="23903" collisions="35" teleports="35" halting="5" stopped="0" meanWaitingTime="462.73" meanTravelTime="294.28" meanSpeed="21.48" meanSpeedRelative="0.67" duration="2"/>
    <step time="31800.00" loaded="26591" inserted="24634" running="364" waiting="1957" ended="24270" arrived="24270" collisions="35" teleports="35" halting="3" stopped="0" meanWaitingTime="476.81" meanTravelTime="294.30" meanSpeed="21.17" meanSpeedRelative="0.66" duration="2"/>
    <step time="32100.00" loaded="26931" inserted="25003" running="365" waiting="1928" ended="24638" arrived="24638" collisions="35" teleports="35" halting="8" stopped="0" meanWaitingTime="491.08" meanTravelTime="293.93" meanSpeed="20.72" meanSpeedRelative="0.65" duration="3"/>
    <step time="32400.00" loaded="27309" inserted="25374" running="364" waiting="1935" ended="25010" arrived="25010" collisions="35" teleports="35" halting="9" stopped="0" meanWaitingTime="504.59" meanTravelTime="294.13" meanSpeed="20.91" meanSpeedRelative="0.65" duration="87"/>
    <step time="32700.00" loaded="27558" inserted="25718" running="348" waiting="1840" ended="25370" arrived="25370" collisions="35" teleports="35" halting="5" stopped="0" meanWaitingTime="518.76" meanTravelTime="294.21" meanSpeed="20.38" meanSpeedRelative="0.64" duration="2"/>
    <step time="33000.00" loaded="27814" inserted="26059" running="332" waiting="1755" ended="25727" arrived="25727" collisions="35" teleports="35" halting="7" stopped="0" meanWaitingTime="531.93" meanTravelTime="294.25" meanSpeed="21.52" meanSpeedRelative="0.67" duration="2"/>
    <step time="33300.00" loaded="28068" inserted="26371" running="314" waiting="1697" ended="26057" arrived="26057" collisions="35" teleports="35" halting="4" stopped="0" meanWaitingTime="544.25" meanTravelTime="294.48" meanSpeed="21.50" meanSpeedRelative="0.67" duration="2"/>
    <step time="33600.00" loaded="28342" inserted="26663" running="262" waiting="1679" ended="26401" arrived="26401" collisions="35" teleports="35" halting="5" stopped="0" meanWaitingTime="556.76" meanTravelTime="294.21" meanSpeed="22.49" meanSpeedRelative="0.70" duration="2"/>
    <step time="33900.00" loaded="28606" inserted="26969" running="277" waiting="1637" ended="26692" arrived="26692" collisions="35" teleports="35" halting="2" stopped="0" meanWaitingTime="567.94" meanTravelTime="293.97" meanSpeed="23.19" meanSpeedRelative="0.72" duration="2"/>
    <step time="34200.00" loaded="28874" inserted="27265" running="276" waiting="1609" ended="26989" arrived="26989" collisions="35" teleports="35" halting="2" stopped="0" meanWaitingTime="580.44" meanTravelTime="293.85" meanSpeed="23.02" meanSpeedRelative="0.72" duration="2"/>
    <step time="34500.00" loaded="29126" inserted="27541" running="247" waiting="1585" ended="27294" arrived="27294" collisions="35" teleports="35" halting="5" stopped="0" meanWaitingTime="592.74" meanTravelTime="293.74" meanSpeed="21.99" meanSpeedRelative="0.69" duration="2"/>
    <step time="34800.00" loaded="29387" inserted="27849" running="267" waiting="1538" ended="27582" arrived="27582" collisions="35" teleports="35" halting="2" stopped="0" meanWaitingTime="605.13" meanTravelTime="293.31" meanSpeed="22.39" meanSpeedRelative="0.70" duration="1"/>
    <step time="35100.00" loaded="29673" inserted="28177" running="283" waiting="1496" ended="27894" arrived="27894" collisions="35" teleports="35" halting="1" stopped="0" meanWaitingTime="616.60" meanTravelTime="292.95" meanSpeed="22.24" meanSpeedRelative="0.70" duration="3"/>
    <step time="35400.00" loaded="29962" inserted="28488" running="297" waiting="1474" ended="28191" arrived="28191" collisions="36" teleports="36" halting="4" stopped="0" meanWaitingTime="627.39" meanTravelTime="292.82" meanSpeed="22.90" meanSpeedRelative="0.72" duration="2"/>
    <step time="35700.00" loaded="30234" inserted="28788" running="277" waiting="1446" ended="28511" arrived="28511" collisions="36" teleports="36" halting="6" stopped="0" meanWaitingTime="638.46" meanTravelTime="292.71" meanSpeed="22.51" meanSpeedRelative="0.70" duration="2"/>
    <step time="36000.00" loaded="30512" inserted="29075" running="252" waiting="1437" ended="28823" arrived="28823" collisions="36" teleports="36" halting="7" stopped="0" meanWaitingTime="648.29" meanTravelTime="292.57" meanSpeed="22.18" meanSpeedRelative="0.69" duration="83"/>
    <step time="36300.00" loaded="31000" inserted="29496" running="377" waiting="1504" ended="29119" arrived="29119" collisions="38" teleports="38" halting="2" stopped="0" meanWaitingTime="656.22" meanTravelTime="292.23" meanSpeed="21.89" meanSpeedRelative="0.68" duration="2"/>
    <step time="36600.00" loaded="31483" inserted="29931" running="434" waiting="1552" ended="29497" arrived="29497" collisions="38" teleports="38" halting="4" stopped="0" meanWaitingTime="663.86" meanTravelTime="291.82" meanSpeed="20.98" meanSpeedRelative="0.66" duration="4"/>
    <step time="36900.00" loaded="31962" inserted="30360" running="430" waiting="1602" ended="29930" arrived="29930" collisions="38" teleports="38" halting="5" stopped="0" meanWaitingTime="671.59" meanTravelTime="291.90" meanSpeed="20.62" meanSpeedRelative="0.64" duration="3"/>
    <step time="37200.00" loaded="32439" inserted="30805" running="450" waiting="1634" ended="30355" arrived="30355" collisions="38" teleports="38" halting="4" stopped="0" meanWaitingTime="680.85" meanTravelTime="291.96" meanSpeed="20.54" meanSpeedRelative="0.64" duration="2"/>
    <step time="37500.00" loaded="32921" inserted="31235" running="441" waiting="1686" ended="30794" arrived="30794" collisions="39" teleports="39" halting="8" stopped="0" meanWaitingTime="689.19" meanTravelTime="292.25" meanSpeed="20.26" meanSpeedRelative="0.63" duration="3"/>
    <step time="37800.00" loaded="33383" inserted="31656" running="440" waiting="1727" ended="31216" arrived="31216" collisions="39" teleports="39" halting="6" stopped="0" meanWaitingTime="696.35" meanTravelTime="292.53" meanSpeed="20.34" meanSpeedRelative="0.64" duration="3"/>
    <step time="38100.00" loaded="33808" inserted="32049" running="413" waiting="1759" ended="31636" arrived="31636" collisions="39" teleports="39" halting="2" stopped="0" meanWaitingTime="703.13" meanTravelTime="292.75" meanSpeed="21.44" meanSpeedRelative="0.67" duration="2"/>
    <step time="38400.00" loaded="34267" inserted="32475" running="419" waiting="1792" ended="32056" arrived="32056" collisions="39" teleports="39" halting="3" stopped="0" meanWaitingTime="709.83" meanTravelTime="292.99" meanSpeed="21.98" meanSpeedRelative="0.69" duration="3"/>
    <step time="38700.00" loaded="34728" inserted="32913" running="435" waiting="1815" ended="32478" arrived="32478" collisions="39" teleports="39" halting="13" stopped="0" meanWaitingTime="717.31" meanTravelTime="292.95" meanSpeed="20.17" meanSpeedRelative="0.63" duration="2"/>
    <step time="39000.00" loaded="35224" inserted="33336" running="425" waiting="1888" ended="32911" arrived="32911" collisions="39" teleports="39" halting="4" stopped="0" meanWaitingTime="723.19" meanTravelTime="293.26" meanSpeed="21.27" meanSpeedRelative="0.66" duration="3"/>
    <step time="39300.00" loaded="35676" inserted="33754" running="453" waiting="1922" ended="33301" arrived="33301" collisions="40" teleports="40" halting="4" stopped="0" meanWaitingTime="729.38" meanTravelTime="293.32" meanSpeed="19.97" meanSpeedRelative="0.62" duration="3"/>
    <step time="39600.00" loaded="36140" inserted="34171" running="464" waiting="1969" ended="33707" arrived="33707" collisions="40" teleports="40" halting="9" stopped="0" meanWaitingTime="735.86" meanTravelTime="293.52" meanSpeed="20.64" meanSpeedRelative="0.65" duration="92"/>
    <step time="39900.00" loaded="36671" inserted="34629" running="495" waiting="2042" ended="34134" arrived="34134" collisions="40" teleports="40" halting="6" stopped="0" meanWaitingTime="741.82" meanTravelTime="293.92" meanSpeed="19.98" meanSpeedRelative="0.62" duration="3"/>
    <step time="40200.00" loaded="37180" inserted="35094" running="508" waiting="2086" ended="34586" arrived="34586" collisions="43" teleports="43" halting="5" stopped="0" meanWaitingTime="747.95" meanTravelTime="294.38" meanSpeed="19.86" meanSpeedRelative="0.62" duration="4"/>
    <step time="40500.00" loaded="37698" inserted="35553" running="534" waiting="2145" ended="35019" arrived="35019" collisions="46" teleports="46" halting="7" stopped="0" meanWaitingTime="752.54" meanTravelTime="294.94" meanSpeed="18.76" meanSpeedRelative="0.59" duration="3"/>
    <step time="40800.00" loaded="38230" inserted="36009" running="540" waiting="2221" ended="35469" arrived="35469" collisions="48" teleports="48" halting="5" stopped="0" meanWaitingTime="756.59" meanTravelTime="295.54" meanSpeed="19.17" meanSpeedRelative="0.60" duration="4"/>
    <step time="41100.00" loaded="38739" inserted="36459" running="526" waiting="2280" ended="35933" arrived="35933" collisions="50" teleports="50" halting="2" stopped="0" meanWaitingTime="760.89" meanTravelTime="296.25" meanSpeed="19.69" meanSpeedRelative="0.62" duration="4"/>
    <step time="41400.00" loaded="39257" inserted="36903" running="537" waiting="2354" ended="36366" arrived="36366" collisions="51" teleports="51" halting="3" stopped="0" meanWaitingTime="766.02" meanTravelTime="296.79" meanSpeed="19.63" meanSpeedRelative="0.61" duration="3"/>
    <step time="41700.00" loaded="39785" inserted="37354" running="532" waiting="2431" ended="36822" arrived="36822" collisions="54" teleports="54" halting="4" stopped="0" meanWaitingTime="772.10" meanTravelTime="297.61" meanSpeed="19.35" meanSpeedRelative="0.60" duration="3"/>
    <step time="42000.00" loaded="40296" inserted="37811" running="543" waiting="2485" ended="37268" arrived="37268" collisions="54" teleports="54" halting="9" stopped="0" meanWaitingTime="777.88" meanTravelTime="298.28" meanSpeed="19.40" meanSpeedRelative="0.61" duration="5"/>
    <step time="42300.00" loaded="40835" inserted="38292" running="554" waiting="2543" ended="37738" arrived="37738" collisions="55" teleports="55" halting="4" stopped="0" meanWaitingTime="785.24" meanTravelTime="298.96" meanSpeed="18.87" meanSpeedRelative="0.59" duration="3"/>
    <step time="42600.00" loaded="41360" inserted="38771" running="528" waiting="2589" ended="38243" arrived="38243" collisions="56" teleports="56" halting="2" stopped="0" meanWaitingTime="791.96" meanTravelTime="299.51" meanSpeed="19.94" meanSpeedRelative="0.62" duration="3"/>
    <step time="42900.00" loaded="41898" inserted="39243" running="542" waiting="2655" ended="38701" arrived="38701" collisions="59" teleports="59" halting="7" stopped="0" meanWaitingTime="797.39" meanTravelTime="299.96" meanSpeed="19.43" meanSpeedRelative="0.61" duration="4"/>
    <step time="43200.00" loaded="42491" inserted="39726" running="568" waiting="2765" ended="39158" arrived="39158" collisions="59" teleports="59" halting="6" stopped="0" meanWaitingTime="805.06" meanTravelTime="300.64" meanSpeed="19.11" meanSpeedRelative="0.60" duration="93"/>
    <step time="43500.00" loaded="43028" inserted="40210" running="577" waiting="2818" ended="39633" arrived="39633" collisions="61" teleports="61" halting="5" stopped="0" meanWaitingTime="812.70" meanTravelTime="301.27" meanSpeed="18.96" meanSpeedRelative="0.59" duration="3"/>
    <step time="43800.00" loaded="43583" inserted="40693" running="581" waiting="2890" ended="40112" arrived="40112" collisions="65" teleports="65" halting="9" stopped="0" meanWaitingTime="821.25" meanTravelTime="301.83" meanSpeed="18.85" meanSpeedRelative="0.59" duration="5"/>
    <step time="44100.00" loaded="44092" inserted="41164" running="592" waiting="2928" ended="40572" arrived="40572" collisions="66" teleports="66" halting="6" stopped="0" meanWaitingTime="830.08" meanTravelTime="302.55" meanSpeed="17.76" meanSpeedRelative="0.55" duration="5"/>
    <step time="44400.00" loaded="44606" inserted="41649" running="595" waiting="2957" ended="41054" arrived="41054" collisions="68" teleports="68" halting="9" stopped="0" meanWaitingTime="837.80" meanTravelTime="303.20" meanSpeed="17.64" meanSpeedRelative="0.55" duration="4"/>
    <step time="44700.00" loaded="45176" inserted="42156" running="617" waiting="3020" ended="41539" arrived="41539" collisions="71" teleports="71" halting="10" stopped="0" meanWaitingTime="846.20" meanTravelTime="304.12" meanSpeed="17.45" meanSpeedRelative="0.55" duration="5"/>
    <step time="45000.00" loaded="45766" inserted="42647" running="633" waiting="3119" ended="42014" arrived="42014" collisions="71" teleports="71" halting="7" stopped="0" meanWaitingTime="854.86" meanTravelTime="304.77" meanSpeed="17.35" meanSpeedRelative="0.54" duration="4"/>
    <step time="45300.00" loaded="46298" inserted="43101" running="610" waiting="3197" ended="42491" arrived="42491" collisions="72" teleports="72" halting="4" stopped="0" meanWaitingTime="863.31" meanTravelTime="305.76" meanSpeed="17.02" meanSpeedRelative="0.53" duration="3"/>
    <step time="45600.00" loaded="46849" inserted="43575" running="620" waiting="3274" ended="42955" arrived="42955" collisions="75" teleports="75" halting="6" stopped="0" meanWaitingTime="870.74" meanTravelTime="306.75" meanSpeed="16.61" meanSpeedRelative="0.52" duration="5"/>
    <step time="45900.00" loaded="47390" inserted="44047" running="617" waiting="3343" ended="43430" arrived="43430" collisions="75" teleports="75" halting="4" stopped="0" meanWaitingTime="879.25" meanTravelTime="307.75" meanSpeed="17.98" meanSpeedRelative="0.56" duration="5"/>
    <step time="46200.00" loaded="47917" inserted="44535" running="649" waiting="3382" ended="43886" arrived="43886" collisions="77" teleports="77" halting="6" stopped="0" meanWaitingTime="888.47" meanTravelTime="308.69" meanSpeed="17.15" meanSpeedRelative="0.54" duration="4"/>
    <step time="46500.00" loaded="48475" inserted="45032" running="670" waiting="3443" ended="44362" arrived="44362" collisions="78" teleports="78" halting="5" stopped="0" meanWaitingTime="896.96" meanTravelTime="309.49" meanSpeed="17.28" meanSpeedRelative="0.54" duration="5"/>
    <step time="46800.00" loaded="49002" inserted="45508" running="671" waiting="3494" ended="44837" arrived="44837" collisions="81" teleports="81" halting="10" stopped="0" meanWaitingTime="905.26" meanTravelTime="310.65" meanSpeed="17.02" meanSpeedRelative="0.53" duration="96"/>
    <step time="47100.00" loaded="49541" inserted="45980" running="643" waiting="3561" ended="45337" arrived="45337" collisions="83" teleports="83" halting="0" stopped="0" meanWaitingTime="914.00" meanTravelTime="311.61" meanSpeed="16.70" meanSpeedRelative="0.52" duration="4"/>
    <step time="47400.00" loaded="50038" inserted="46436" running="636" waiting="3602" ended="45800" arrived="45800" collisions="84" teleports="84" halting="9" stopped="0" meanWaitingTime="922.29" meanTravelTime="312.82" meanSpeed="17.66" meanSpeedRelative="0.55" duration="5"/>
    <step time="47700.00" loaded="50570" inserted="46898" running="617" waiting="3672" ended="46281" arrived="46281" collisions="86" teleports="86" halting="9" stopped="0" meanWaitingTime="931.59" meanTravelTime="313.72" meanSpeed="17.61" meanSpeedRelative="0.55" duration="4"/>
    <step time="48000.00" loaded="51078" inserted="47375" running="615" waiting="3703" ended="46760" arrived="46760" collisions="86" teleports="86" halting="12" stopped="0" meanWaitingTime="941.88" meanTravelTime="314.65" meanSpeed="17.02" meanSpeedRelative="0.53" duration="3"/>
    <step time="48300.00" loaded="51610" inserted="47880" running="663" waiting="3730" ended="47217" arrived="47217" collisions="87" teleports="87" halting="5" stopped="0" meanWaitingTime="951.41" meanTravelTime="315.26" meanSpeed="17.05" meanSpeedRelative="0.53" duration="4"/>
    <step time="48600.00" loaded="52161" inserted="48399" running="703" waiting="3762" ended="47696" arrived="47696" collisions="90" teleports="90" halting="9" stopped="0" meanWaitingTime="960.57" meanTravelTime="316.17" meanSpeed="16.26" meanSpeedRelative="0.51" duration="7"/>
    <step time="48900.00" loaded="52683" inserted="48877" running="683" waiting="3806" ended="48194" arrived="48194" collisions="90" teleports="90" halting="10" stopped="0" meanWaitingTime="969.87" meanTravelTime="316.98" meanSpeed="16.64" meanSpeedRelative="0.52" duration="5"/>
    <step time="49200.00" loaded="53199" inserted="49373" running="688" waiting="3826" ended="48685" arrived="48685" collisions="91" teleports="91" halting="2" stopped="0" meanWaitingTime="979.17" meanTravelTime="317.95" meanSpeed="16.57" meanSpeedRelative="0.52" duration="6"/>
    <step time="49500.00" loaded="53717" inserted="49854" running="699" waiting="3863" ended="49155" arrived="49155" collisions="93" teleports="93" halting="6" stopped="0" meanWaitingTime="988.38" meanTravelTime="318.98" meanSpeed="16.61" meanSpeedRelative="0.52" duration="4"/>
    <step time="49800.00" loaded="54299" inserted="50322" running="670" waiting="3977" ended="49652" arrived="49652" collisions="95" teleports="95" halting="4" stopped="0" meanWaitingTime="997.53" meanTravelTime="320.18" meanSpeed="16.29" meanSpeedRelative="0.51" duration="5"/>
    <step time="50100.00" loaded="54817" inserted="50795" running="684" waiting="4022" ended="50111" arrived="50111" collisions="97" teleports="97" halting="5" stopped="0" meanWaitingTime="1006.88" meanTravelTime="321.09" meanSpeed="16.20" meanSpeedRelative="0.51" duration="7"/>
    <step time="50400.00" loaded="55348" inserted="51282" running="697" waiting="4066" ended="50585" arrived="50585" collisions="98" teleports="98" halting="7" stopped="0" meanWaitingTime="1016.52" meanTravelTime="322.06" meanSpeed="16.83" meanSpeedRelative="0.53" duration="96"/>
    <step time="50700.00" loaded="56088" inserted="51846" running="762" waiting="4242" ended="51084" arrived="51084" collisions="101" teleports="101" halting="10" stopped="0" meanWaitingTime="1026.13" meanTravelTime="322.99" meanSpeed="16.08" meanSpeedRelative="0.50" duration="7"/>
    <step time="51000.00" loaded="56804" inserted="52389" running="808" waiting="4415" ended="51581" arrived="51581" collisions="106" teleports="106" halting="5" stopped="0" meanWaitingTime="1035.92" meanTravelTime="324.05" meanSpeed="15.57" meanSpeedRelative="0.49" duration="8"/>
    <step time="51300.00" loaded="57518" inserted="52942" running="875" waiting="4576" ended="52067" arrived="52067" collisions="106" teleports="106" halting="11" stopped="0" meanWaitingTime="1045.89" meanTravelTime="325.19" meanSpeed="14.53" meanSpeedRelative="0.45" duration="8"/>
    <step time="51600.00" loaded="58228" inserted="53464" running="880" waiting="4764" ended="52584" arrived="52584" collisions="110" teleports="110" halting="8" stopped="0" meanWaitingTime="1055.51" meanTravelTime="326.85" meanSpeed="13.31" meanSpeedRelative="0.42" duration="7"/>
    <step time="51900.00" loaded="58903" inserted="53977" running="876" waiting="4926" ended="53101" arrived="53101" collisions="115" teleports="115" halting="7" stopped="0" meanWaitingTime="1065.28" meanTravelTime="328.40" meanSpeed="14.02" meanSpeedRelative="0.44" duration="8"/>
    <step time="52200.00" loaded="59677" inserted="54539" running="889" waiting="5138" ended="53650" arrived="53650" collisions="117" teleports="117" halting="5" stopped="0" meanWaitingTime="1074.21" meanTravelTime="330.30" meanSpeed="13.83" meanSpeedRelative="0.43" duration="8"/>
    <step time="52500.00" loaded="60388" inserted="55086" running="925" waiting="5302" ended="54161" arrived="54161" collisions="124" teleports="124" halting="13" stopped="0" meanWaitingTime="1083.67" meanTravelTime="331.84" meanSpeed="12.95" meanSpeedRelative="0.40" duration="8"/>
    <step time="52800.00" loaded="61115" inserted="55643" running="964" waiting="5472" ended="54679" arrived="54679" collisions="125" teleports="125" halting="14" stopped="0" meanWaitingTime="1093.53" meanTravelTime="333.54" meanSpeed="12.30" meanSpeedRelative="0.38" duration="7"/>
    <step time="53100.00" loaded="61865" inserted="56194" running="1029" waiting="5671" ended="55165" arrived="55165" collisions="131" teleports="131" halting="7" stopped="0" meanWaitingTime="1103.48" meanTravelTime="335.27" meanSpeed="12.39" meanSpeedRelative="0.39" duration="9"/>
    <step time="53400.00" loaded="62592" inserted="56725" running="1006" waiting="5867" ended="55719" arrived="55719" collisions="133" teleports="133" halting="5" stopped="0" meanWaitingTime="1114.45" meanTravelTime="337.15" meanSpeed="12.19" meanSpeedRelative="0.38" duration="8"/>
    <step time="53700.00" loaded="63311" inserted="57281" running="1051" waiting="6030" ended="56230" arrived="56230" collisions="134" teleports="134" halting="7" stopped="0" meanWaitingTime="1126.74" meanTravelTime="339.06" meanSpeed="11.89" meanSpeedRelative="0.37" duration="10"/>
    <step time="54000.00" loaded="64054" inserted="57821" running="1067" waiting="6233" ended="56754" arrived="56754" collisions="138" teleports="138" halting="7" stopped="0" meanWaitingTime="1137.65" meanTravelTime="341.41" meanSpeed="11.08" meanSpeedRelative="0.35" duration="96"/>
    <step time="54300.00" loaded="64513" inserted="58316" running="1060" waiting="6197" ended="57256" arrived="57256" collisions="140" teleports="140" halting="12" stopped="0" meanWaitingTime="1148.94" meanTravelTime="343.79" meanSpeed="11.32" meanSpeedRelative="0.35" duration="9"/>
    <step time="54600.00" loaded="64982" inserted="58830" running="1031" waiting="6152" ended="57799" arrived="57799" collisions="150" teleports="150" halting="9" stopped="0" meanWaitingTime="1161.26" meanTravelTime="346.32" meanSpeed="12.39" meanSpeedRelative="0.39" duration="9"/>
    <step time="54900.00" loaded="65462" inserted="59329" running="988" waiting="6133" ended="58341" arrived="58341" collisions="152" teleports="152" halting="4" stopped="0" meanWaitingTime="1174.30" meanTravelTime="348.49" meanSpeed="12.72" meanSpeedRelative="0.40" duration="10"/>
    <step time="55200.00" loaded="65911" inserted="59784" running="906" waiting="6127" ended="58878" arrived="58878" collisions="154" teleports="154" halting="8" stopped="0" meanWaitingTime="1186.82" meanTravelTime="350.71" meanSpeed="12.61" meanSpeedRelative="0.39" duration="6"/>
    <step time="55500.00" loaded="66361" inserted="60226" running="886" waiting="6135" ended="59340" arrived="59340" collisions="158" teleports="158" halting="8" stopped="0" meanWaitingTime="1199.10" meanTravelTime="352.54" meanSpeed="12.78" meanSpeedRelative="0.40" duration="8"/>
    <step time="55800.00" loaded="66834" inserted="60685" running="851" waiting="6149" ended="59834" arrived="59834" collisions="162" teleports="162" halting="11" stopped="0" meanWaitingTime="1211.81" meanTravelTime="354.38" meanSpeed="13.43" meanSpeedRelative="0.42" duration="7"/>
    <step time="56100.00" loaded="67284" inserted="61137" running="787" waiting="6147" ended="60350" arrived="60350" collisions="163" teleports="163" halting="10" stopped="0" meanWaitingTime="1225.65" meanTravelTime="356.05" meanSpeed="13.18" meanSpeedRelative="0.41" duration="7"/>
    <step time="56400.00" loaded="67713" inserted="61581" running="772" waiting="6132" ended="60809" arrived="60809" collisions="163" teleports="163" halting="6" stopped="0" meanWaitingTime="1238.77" meanTravelTime="357.48" meanSpeed="13.68" meanSpeedRelative="0.43" duration="7"/>
    <step time="56700.00" loaded="68195" inserted="62059" running="816" waiting="6136" ended="61243" arrived="61243" collisions="165" teleports="165" halting="5" stopped="0" meanWaitingTime="1252.40" meanTravelTime="358.64" meanSpeed="13.82" meanSpeedRelative="0.43" duration="8"/>
    <step time="57000.00" loaded="68631" inserted="62522" running="818" waiting="6109" ended="61704" arrived="61704" collisions="167" teleports="167" halting="12" stopped="0" meanWaitingTime="1265.86" meanTravelTime="359.84" meanSpeed="14.01" meanSpeedRelative="0.44" duration="7"/>
    <step time="57300.00" loaded="69093" inserted="63002" running="795" waiting="6091" ended="62207" arrived="62207" collisions="167" teleports="167" halting="7" stopped="0" meanWaitingTime="1279.27" meanTravelTime="360.76" meanSpeed="14.31" meanSpeedRelative="0.45" duration="6"/>
    <step time="57600.00" loaded="69550" inserted="63458" running="795" waiting="6092" ended="62663" arrived="62663" collisions="169" teleports="169" halting="7" stopped="0" meanWaitingTime="1293.43" meanTravelTime="361.96" meanSpeed="13.84" meanSpeedRelative="0.43" duration="88"/>
    <step time="57900.00" loaded="70123" inserted="63970" running="825" waiting="6153" ended="63145" arrived="63145" collisions="170" teleports="170" halting="10" stopped="0" meanWaitingTime="1306.69" meanTravelTime="363.09" meanSpeed="14.19" meanSpeedRelative="0.44" duration="9"/>
    <step time="58200.00" loaded="70623" inserted="64454" running="829" waiting="6169" ended="63625" arrived="63625" collisions="172" teleports="172" halting="7" stopped="0" meanWaitingTime="1319.86" meanTravelTime="364.06" meanSpeed="13.76" meanSpeedRelative="0.43" duration="7"/>
    <step time="58500.00" loaded="71182" inserted="64951" running="844" waiting="6231" ended="64107" arrived="64107" collisions="180" teleports="180" halting="4" stopped="0" meanWaitingTime="1332.03" meanTravelTime="365.35" meanSpeed="13.77" meanSpeedRelative="0.43" duration="8"/>
    <step time="58800.00" loaded="71733" inserted="65442" running="830" waiting="6291" ended="64612" arrived="64612" collisions="180" teleports="180" halting="8" stopped="0" meanWaitingTime="1344.33" meanTravelTime="366.40" meanSpeed="14.35" meanSpeedRelative="0.45" duration="8"/>
    <step time="59100.00" loaded="72304" inserted="65948" running="805" waiting="6356" ended="65143" arrived="65143" collisions="187" teleports="187" halting="3" stopped="0" meanWaitingTime="1356.70" meanTravelTime="367.50" meanSpeed="14.93" meanSpeedRelative="0.47" duration="8"/>
    <step time="59400.00" loaded="72876" inserted="66479" running="818" waiting="6397" ended="65661" arrived="65661" collisions="192" teleports="192" halting="5" stopped="0" meanWaitingTime="1368.81" meanTravelTime="368.19" meanSpeed="15.05" meanSpeedRelative="0.47" duration="6"/>
    <step time="59700.00" loaded="73451" inserted="66974" running="798" waiting="6477" ended="66176" arrived="66176" collisions="194" teleports="194" halting="9" stopped="0" meanWaitingTime="1380.90" meanTravelTime="369.25" meanSpeed="14.79" meanSpeedRelative="0.46" duration="8"/>
    <step time="60000.00" loaded="73995" inserted="67439" running="779" waiting="6556" ended="66660" arrived="66660" collisions="196" teleports="196" halting="10" stopped="0" meanWaitingTime="1392.34" meanTravelTime="370.20" meanSpeed="15.05" meanSpeedRelative="0.47" duration="9"/>
    <step time="60300.00" loaded="74601" inserted="67943" running="785" waiting="6658" ended="67158" arrived="67158" collisions="199" teleports="199" halting="11" stopped="0" meanWaitingTime="1405.49" meanTravelTime="371.08" meanSpeed="14.75" meanSpeedRelative="0.46" duration="8"/>
    <step time="60600.00" loaded="75163" inserted="68459" running="847" waiting="6704" ended="67612" arrived="67612" collisions="200" teleports="200" halting="14" stopped="0" meanWaitingTime="1418.06" meanTravelTime="371.80" meanSpeed="14.27" meanSpeedRelative="0.45" duration="6"/>
    <step time="60900.00" loaded="75726" inserted="68930" running="817" waiting="6796" ended="68113" arrived="68113" collisions="200" teleports="200" halting="15" stopped="0" meanWaitingTime="1429.88" meanTravelTime="372.71" meanSpeed="14.30" meanSpeedRelative="0.45" duration="8"/>
    <step time="61200.00" loaded="76269" inserted="69423" running="810" waiting="6846" ended="68613" arrived="68613" collisions="205" teleports="205" halting="15" stopped="0" meanWaitingTime="1440.34" meanTravelTime="373.66" meanSpeed="14.43" meanSpeedRelative="0.45" duration="84"/>
    <step time="61500.00" loaded="76331" inserted="69754" running="698" waiting="6577" ended="69056" arrived="69056" collisions="206" teleports="206" halting="8" stopped="0" meanWaitingTime="1455.94" meanTravelTime="374.80" meanSpeed="14.74" meanSpeedRelative="0.46" duration="7"/>
    <step time="61800.00" loaded="76417" inserted="70105" running="644" waiting="6312" ended="69461" arrived="69461" collisions="208" teleports="208" halting="7" stopped="0" meanWaitingTime="1473.32" meanTravelTime="375.73" meanSpeed="14.61" meanSpeedRelative="0.46" duration="6"/>
    <step time="62100.00" loaded="76481" inserted="70458" running="598" waiting="6023" ended="69860" arrived="69860" collisions="212" teleports="212" halting="3" stopped="0" meanWaitingTime="1492.12" meanTravelTime="376.63" meanSpeed="15.17" meanSpeedRelative="0.47" duration="5"/>
    <step time="62400.00" loaded="76557" inserted="70808" running="548" waiting="5749" ended="70260" arrived="70260" collisions="215" teleports="215" halting="3" stopped="0" meanWaitingTime="1509.99" meanTravelTime="377.51" meanSpeed="16.70" meanSpeedRelative="0.52" duration="6"/>
    <step time="62700.00" loaded="76624" inserted="71180" running="540" waiting="5444" ended="70640" arrived="70640" collisions="215" teleports="215" halting="7" stopped="0" meanWaitingTime="1529.79" meanTravelTime="377.93" meanSpeed="16.42" meanSpeedRelative="0.51" duration="6"/>
    <step time="63000.00" loaded="76692" inserted="71539" running="535" waiting="5153" ended="71004" arrived="71004" collisions="218" teleports="218" halting="6" stopped="0" meanWaitingTime="1549.19" meanTravelTime="378.27" meanSpeed="16.71" meanSpeedRelative="0.52" duration="5"/>
    <step time="63300.00" loaded="76767" inserted="71859" running="468" waiting="4908" ended="71391" arrived="71391" collisions="218" teleports="218" halting="5" stopped="0" meanWaitingTime="1567.48" meanTravelTime="378.72" meanSpeed="17.57" meanSpeedRelative="0.55" duration="4"/>
    <step time="63600.00" loaded="76856" inserted="72156" running="391" waiting="4700" ended="71765" arrived="71765" collisions="218" teleports="218" halting="3" stopped="0" meanWaitingTime="1585.85" meanTravelTime="378.90" meanSpeed="16.76" meanSpeedRelative="0.52" duration="5"/>
    <step time="63900.00" loaded="76935" inserted="72454" running="377" waiting="4481" ended="72077" arrived="72077" collisions="218" teleports="218" halting="6" stopped="0" meanWaitingTime="1603.96" meanTravelTime="378.98" meanSpeed="16.24" meanSpeedRelative="0.51" duration="3"/>
    <step time="64200.00" loaded="77003" inserted="72715" running="355" waiting="4288" ended="72360" arrived="72360" collisions="218" teleports="218" halting="1" stopped="0" meanWaitingTime="1620.87" meanTravelTime="378.98" meanSpeed="17.20" meanSpeedRelative="0.54" duration="3"/>
    <step time="64500.00" loaded="77065" inserted="72948" running="288" waiting="4117" ended="72660" arrived="72660" collisions="218" teleports="218" halting="3" stopped="0" meanWaitingTime="1636.90" meanTravelTime="379.06" meanSpeed="19.39" meanSpeedRelative="0.61" duration="4"/>
    <step time="64800.00" loaded="77118" inserted="73174" running="238" waiting="3944" ended="72936" arrived="72936" collisions="219" teleports="219" halting="3" stopped="0" meanWaitingTime="1653.43" meanTravelTime="379.09" meanSpeed="21.87" meanSpeedRelative="0.68" duration="93"/>
    <step time="65100.00" loaded="77168" inserted="73402" running="241" waiting="3766" ended="73161" arrived="73161" collisions="220" teleports="220" halting="4" stopped="0" meanWaitingTime="1670.19" meanTravelTime="378.93" meanSpeed="20.80" meanSpeedRelative="0.65" duration="3"/>
    <step time="65400.00" loaded="77209" inserted="73641" running="228" waiting="3568" ended="73413" arrived="73413" collisions="220" teleports="220" halting="4" stopped="0" meanWaitingTime="1687.65" meanTravelTime="378.70" meanSpeed="21.30" meanSpeedRelative="0.67" duration="2"/>
    <step time="65700.00" loaded="77269" inserted="73868" running="228" waiting="3401" ended="73640" arrived="73640" collisions="220" teleports="220" halting="1" stopped="0" meanWaitingTime="1701.74" meanTravelTime="378.49" meanSpeed="21.86" meanSpeedRelative="0.68" duration="2"/>
    <step time="66000.00" loaded="77311" inserted="74098" running="232" waiting="3213" ended="73866" arrived="73866" collisions="220" teleports="220" halting="3" stopped="0" meanWaitingTime="1717.11" meanTravelTime="378.26" meanSpeed="21.60" meanSpeedRelative="0.68" duration="2"/>
    <step time="66300.00" loaded="77362" inserted="74320" running="200" waiting="3042" ended="74120" arrived="74120" collisions="220" teleports="220" halting="5" stopped="0" meanWaitingTime="1730.61" meanTravelTime="377.93" meanSpeed="22.86" meanSpeedRelative="0.71" duration="2"/>
    <step time="66600.00" loaded="77417" inserted="74495" running="138" waiting="2922" ended="74357" arrived="74357" collisions="220" teleports="220" halting="2" stopped="0" meanWaitingTime="1744.87" meanTravelTime="377.63" meanSpeed="21.53" meanSpeedRelative="0.67" duration="1"/>
    <step time="66900.00" loaded="77472" inserted="74672" running="132" waiting="2800" ended="74540" arrived="74540" collisions="220" teleports="220" halting="3" stopped="0" meanWaitingTime="1758.77" meanTravelTime="377.33" meanSpeed="21.58" meanSpeedRelative="0.67" duration="2"/>
    <step time="67200.00" loaded="77526" inserted="74840" running="139" waiting="2686" ended="74701" arrived="74701" collisions="220" teleports="220" halting="8" stopped="0" meanWaitingTime="1771.47" meanTravelTime="377.06" meanSpeed="20.82" meanSpeedRelative="0.65" duration="1"/>
    <step time="67500.00" loaded="77575" inserted="75009" running="116" waiting="2566" ended="74893" arrived="74893" collisions="220" teleports="220" halting="2" stopped="0" meanWaitingTime="1785.60" meanTravelTime="376.69" meanSpeed="20.81" meanSpeedRelative="0.65" duration="1"/>
    <step time="67800.00" loaded="77631" inserted="75178" running="124" waiting="2453" ended="75054" arrived="75054" collisions="220" teleports="220" halting="2" stopped="0" meanWaitingTime="1797.99" meanTravelTime="376.35" meanSpeed="22.08" meanSpeedRelative="0.69" duration="1"/>
    <step time="68100.00" loaded="77680" inserted="75357" running="130" waiting="2323" ended="75227" arrived="75227" collisions="220" teleports="220" halting="6" stopped="0" meanWaitingTime="1812.45" meanTravelTime="375.99" meanSpeed="21.32" meanSpeedRelative="0.67" duration="1"/>
    <step time="68400.00" loaded="77716" inserted="75541" running="140" waiting="2175" ended="75401" arrived="75401" collisions="220" teleports="220" halting="1" stopped="0" meanWaitingTime="1827.90" meanTravelTime="375.59" meanSpeed="22.02" meanSpeedRelative="0.69" duration="91"/>
    <step time="68700.00" loaded="77870" inserted="75771" running="185" waiting="2099" ended="75586" arrived="75586" collisions="220" teleports="220" halting="2" stopped="0" meanWaitingTime="1838.68" meanTravelTime="375.21" meanSpeed="22.05" meanSpeedRelative="0.69" duration="2"/>
    <step time="69000.00" loaded="78036" inserted="76019" running="212" waiting="2017" ended="75807" arrived="75807" collisions="220" teleports="220" halting="3" stopped="0" meanWaitingTime="1849.38" meanTravelTime="374.81" meanSpeed="22.09" meanSpeedRelative="0.69" duration="2"/>
    <step time="69300.00" loaded="78187" inserted="76255" running="205" waiting="1932" ended="76050" arrived="76050" collisions="220" teleports="220" halting="2" stopped="0" meanWaitingTime="1858.35" meanTravelTime="374.42" meanSpeed="22.47" meanSpeedRelative="0.70" duration="1"/>
    <step time="69600.00" loaded="78340" inserted="76487" running="194" waiting="1853" ended="76293" arrived="76293" collisions="220" teleports="220" halting="2" stopped="0" meanWaitingTime="1864.99" meanTravelTime="374.09" meanSpeed="22.56" meanSpeedRelative="0.70" duration="1"/>
    <step time="69900.00" loaded="78495" inserted="76716" running="189" waiting="1779" ended="76527" arrived="76527" collisions="220" teleports="220" halting="6" stopped="0" meanWaitingTime="1871.49" meanTravelTime="373.71" meanSpeed="22.36" meanSpeedRelative="0.70" duration="1"/>
    <step time="70200.00" loaded="78658" inserted="76902" running="177" waiting="1756" ended="76725" arrived="76725" collisions="221" teleports="221" halting="6" stopped="0" meanWaitingTime="1875.85" meanTravelTime="373.45" meanSpeed="22.98" meanSpeedRelative="0.72" duration="2"/>
    <step time="70500.00" loaded="78839" inserted="77091" running="174" waiting="1748" ended="76917" arrived="76917" collisions="221" teleports="221" halting="4" stopped="0" meanWaitingTime="1879.17" meanTravelTime="373.26" meanSpeed="22.74" meanSpeedRelative="0.71" duration="1"/>
    <step time="70800.00" loaded="78995" inserted="77267" running="182" waiting="1728" ended="77085" arrived="77085" collisions="222" teleports="222" halting="1" stopped="0" meanWaitingTime="1882.59" meanTravelTime="373.09" meanSpeed="23.53" meanSpeedRelative="0.74" duration="1"/>
    <step time="71100.00" loaded="79134" inserted="77418" running="162" waiting="1716" ended="77256" arrived="77256" collisions="222" teleports="222" halting="3" stopped="0" meanWaitingTime="1886.71" meanTravelTime="372.96" meanSpeed="23.29" meanSpeedRelative="0.73" duration="1"/>
    <step time="71400.00" loaded="79295" inserted="77593" running="157" waiting="1702" ended="77436" arrived="77436" collisions="222" teleports="222" halting="5" stopped="0" meanWaitingTime="1890.67" meanTravelTime="372.82" meanSpeed="23.06" meanSpeedRelative="0.72" duration="1"/>
    <step time="71700.00" loaded="79426" inserted="77741" running="151" waiting="1685" ended="77590" arrived="77590" collisions="222" teleports="222" halting="8" stopped="0" meanWaitingTime="1895.40" meanTravelTime="372.67" meanSpeed="21.57" meanSpeedRelative="0.67" duration="1"/>
    <step time="72000.00" loaded="79590" inserted="77916" running="165" waiting="1674" ended="77751" arrived="77751" collisions="222" teleports="222" halting="1" stopped="0" meanWaitingTime="1898.91" meanTravelTime="372.49" meanSpeed="22.26" meanSpeedRelative="0.70" duration="84"/>
    <step time="72300.00" loaded="79721" inserted="78068" running="173" waiting="1653" ended="77895" arrived="77895" collisions="222" teleports="222" halting="2" stopped="0" meanWaitingTime="1903.67" meanTravelTime="372.32" meanSpeed="23.05" meanSpeedRelative="0.72" duration="1"/>
    <step time="72600.00" loaded="79856" inserted="78223" running="152" waiting="1633" ended="78071" arrived="78071" collisions="222" teleports="222" halting="8" stopped="0" meanWaitingTime="1908.97" meanTravelTime="372.20" meanSpeed="22.93" meanSpeedRelative="0.72" duration="1"/>
    <step time="72900.00" loaded="79984" inserted="78376" running="134" waiting="1608" ended="78242" arrived="78242" collisions="222" teleports="222" halting="5" stopped="0" meanWaitingTime="1913.57" meanTravelTime="372.07" meanSpeed="21.65" meanSpeedRelative="0.68" duration="1"/>
    <step time="73200.00" loaded="80127" inserted="78531" running="146" waiting="1596" ended="78385" arrived="78385" collisions="222" teleports="222" halting="4" stopped="0" meanWaitingTime="1918.18" meanTravelTime="371.87" meanSpeed="23.11" meanSpeedRelative="0.72" duration="1"/>
    <step time="73500.00" loaded="80262" inserted="78681" running="144" waiting="1581" ended="78537" arrived="78537" collisions="222" teleports="222" halting="5" stopped="0" meanWaitingTime="1923.33" meanTravelTime="371.69" meanSpeed="21.97" meanSpeedRelative="0.69" duration="1"/>
    <step time="73800.00" loaded="80388" inserted="78826" running="133" waiting="1562" ended="78693" arrived="78693" collisions="222" teleports="222" halting="8" stopped="0" meanWaitingTime="1928.88" meanTravelTime="371.49" meanSpeed="22.16" meanSpeedRelative="0.69" duration="1"/>
    <step time="74100.00" loaded="80546" inserted="78997" running="153" waiting="1549" ended="78844" arrived="78844" collisions="223" teleports="223" halting="1" stopped="0" meanWaitingTime="1933.72" meanTravelTime="371.30" meanSpeed="22.67" meanSpeedRelative="0.71" duration="1"/>
    <step time="74400.00" loaded="80686" inserted="79156" running="156" waiting="1530" ended="79000" arrived="79000" collisions="223" teleports="223" halting="3" stopped="0" meanWaitingTime="1938.75" meanTravelTime="371.13" meanSpeed="22.94" meanSpeedRelative="0.72" duration="2"/>
    <step time="74700.00" loaded="80819" inserted="79305" running="147" waiting="1514" ended="79158" arrived="79158" collisions="223" teleports="223" halting="7" stopped="0" meanWaitingTime="1943.95" meanTravelTime="371.00" meanSpeed="22.37" meanSpeedRelative="0.70" duration="1"/>
    <step time="75000.00" loaded="80937" inserted="79443" running="130" waiting="1494" ended="79313" arrived="79313" collisions="223" teleports="223" halting="4" stopped="0" meanWaitingTime="1948.95" meanTravelTime="370.82" meanSpeed="21.55" meanSpeedRelative="0.67" duration="1"/>
    <step time="75300.00" loaded="81080" inserted="79603" running="143" waiting="1477" ended="79460" arrived="79460" collisions="223" teleports="223" halting="1" stopped="0" meanWaitingTime="1954.07" meanTravelTime="370.64" meanSpeed="23.88" meanSpeedRelative="0.75" duration="1"/>
    <step time="75600.00" loaded="81226" inserted="79766" running="160" waiting="1460" ended="79606" arrived="79606" collisions="223" teleports="223" halting="6" stopped="0" meanWaitingTime="1959.78" meanTravelTime="370.44" meanSpeed="21.93" meanSpeedRelative="0.69" duration="82"/>
    <step time="75900.00" loaded="81412" inserted="79961" running="177" waiting="1451" ended="79784" arrived="79784" collisions="223" teleports="223" halting="8" stopped="0" meanWaitingTime="1964.60" meanTravelTime="370.23" meanSpeed="22.23" meanSpeedRelative="0.69" duration="1"/>
    <step time="76200.00" loaded="81625" inserted="80186" running="213" waiting="1439" ended="79973" arrived="79973" collisions="223" teleports="223" halting="2" stopped="0" meanWaitingTime="1969.54" meanTravelTime="369.99" meanSpeed="22.62" meanSpeedRelative="0.71" duration="1"/>
    <step time="76500.00" loaded="81820" inserted="80393" running="200" waiting="1427" ended="80193" arrived="80193" collisions="223" teleports="223" halting="4" stopped="0" meanWaitingTime="1974.40" meanTravelTime="369.73" meanSpeed="23.46" meanSpeedRelative="0.73" duration="1"/>
    <step time="76800.00" loaded="82035" inserted="80615" running="212" waiting="1420" ended="80403" arrived="80403" collisions="223" teleports="223" halting="8" stopped="0" meanWaitingTime="1978.57" meanTravelTime="369.55" meanSpeed="22.06" meanSpeedRelative="0.69" duration="1"/>
    <step time="77100.00" loaded="82219" inserted="80801" running="203" waiting="1418" ended="80598" arrived="80598" collisions="223" teleports="223" halting="0" stopped="0" meanWaitingTime="1983.51" meanTravelTime="369.36" meanSpeed="22.44" meanSpeedRelative="0.70" duration="2"/>
    <step time="77400.00" loaded="82406" inserted="80997" running="184" waiting="1409" ended="80813" arrived="80813" collisions="223" teleports="223" halting="2" stopped="0" meanWaitingTime="1989.66" meanTravelTime="369.16" meanSpeed="22.69" meanSpeedRelative="0.71" duration="1"/>
    <step time="77700.00" loaded="82617" inserted="81208" running="193" waiting="1409" ended="81015" arrived="81015" collisions="223" teleports="223" halting="5" stopped="0" meanWaitingTime="1995.06" meanTravelTime="368.96" meanSpeed="23.04" meanSpeedRelative="0.72" duration="1"/>
    <step time="78000.00" loaded="82798" inserted="81395" running="200" waiting="1403" ended="81195" arrived="81195" collisions="223" teleports="223" halting="7" stopped="0" meanWaitingTime="1999.34" meanTravelTime="368.79" meanSpeed="23.42" meanSpeedRelative="0.73" duration="1"/>
    <step time="78300.00" loaded="82980" inserted="81585" running="175" waiting="1395" ended="81410" arrived="81410" collisions="223" teleports="223" halting="6" stopped="0" meanWaitingTime="2003.88" meanTravelTime="368.52" meanSpeed="22.84" meanSpeedRelative="0.71" duration="2"/>
    <step time="78600.00" loaded="83195" inserted="81793" running="195" waiting="1402" ended="81598" arrived="81598" collisions="223" teleports="223" halting="1" stopped="0" meanWaitingTime="2007.13" meanTravelTime="368.37" meanSpeed="22.83" meanSpeedRelative="0.71" duration="2"/>
    <step time="78900.00" loaded="83382" inserted="81983" running="178" waiting="1399" ended="81805" arrived="81805" collisions="223" teleports="223" halting="6" stopped="0" meanWaitingTime="2010.71" meanTravelTime="368.15" meanSpeed="22.73" meanSpeedRelative="0.71" duration="1"/>
    <step time="79200.00" loaded="83552" inserted="82162" running="183" waiting="1390" ended="81979" arrived="81979" collisions="223" teleports="223" halting="6" stopped="0" meanWaitingTime="2013.19" meanTravelTime="367.95" meanSpeed="23.53" meanSpeedRelative="0.74" duration="82"/>
    <step time="79500.00" loaded="83744" inserted="82350" running="191" waiting="1394" ended="82159" arrived="82159" collisions="223" teleports="223" halting="4" stopped="0" meanWaitingTime="2015.59" meanTravelTime="367.81" meanSpeed="23.30" meanSpeedRelative="0.73" duration="2"/>
    <step time="79800.00" loaded="83927" inserted="82555" running="203" waiting="1372" ended="82352" arrived="82352" collisions="223" teleports="223" halting="1" stopped="0" meanWaitingTime="2017.86" meanTravelTime="367.63" meanSpeed="23.55" meanSpeedRelative="0.74" duration="1"/>
    <step time="80100.00" loaded="84113" inserted="82756" running="193" waiting="1357" ended="82563" arrived="82563" collisions="223" teleports="223" halting="4" stopped="0" meanWaitingTime="2019.74" meanTravelTime="367.46" meanSpeed="23.03" meanSpeedRelative="0.72" duration="1"/>
    <step time="80400.00" loaded="84283" inserted="82933" running="182" waiting="1350" ended="82751" arrived="82751" collisions="223" teleports="223" halting="11" stopped="0" meanWaitingTime="2021.19" meanTravelTime="367.27" meanSpeed="23.03" meanSpeedRelative="0.72" duration="2"/>
    <step time="80700.00" loaded="84457" inserted="83110" running="158" waiting="1347" ended="82952" arrived="82952" collisions="223" teleports="223" halting="1" stopped="0" meanWaitingTime="2022.88" meanTravelTime="367.10" meanSpeed="22.86" meanSpeedRelative="0.71" duration="2"/>
    <step time="81000.00" loaded="84606" inserted="83266" running="148" waiting="1340" ended="83118" arrived="83118" collisions="223" teleports="223" halting="5" stopped="0" meanWaitingTime="2024.82" meanTravelTime="366.94" meanSpeed="22.59" meanSpeedRelative="0.71" duration="1"/>
    <step time="81300.00" loaded="84792" inserted="83458" running="177" waiting="1334" ended="83281" arrived="83281" collisions="223" teleports="223" halting="4" stopped="0" meanWaitingTime="2025.50" meanTravelTime="366.72" meanSpeed="22.31" meanSpeedRelative="0.70" duration="1"/>
    <step time="81600.00" loaded="84952" inserted="83624" running="166" waiting="1328" ended="83458" arrived="83458" collisions="223" teleports="223" halting="2" stopped="0" meanWaitingTime="2026.91" meanTravelTime="366.55" meanSpeed="22.26" meanSpeedRelative="0.70" duration="2"/>
    <step time="81900.00" loaded="85147" inserted="83820" running="170" waiting="1327" ended="83650" arrived="83650" collisions="223" teleports="223" halting="4" stopped="0" meanWaitingTime="2027.74" meanTravelTime="366.31" meanSpeed="23.14" meanSpeedRelative="0.72" duration="1"/>
    <step time="82200.00" loaded="85329" inserted="84006" running="177" waiting="1323" ended="83829" arrived="83829" collisions="223" teleports="223" halting="8" stopped="0" meanWaitingTime="2028.61" meanTravelTime="366.18" meanSpeed="22.27" meanSpeedRelative="0.70" duration="1"/>
    <step time="82500.00" loaded="85501" inserted="84179" running="169" waiting="1322" ended="84010" arrived="84010" collisions="223" teleports="223" halting="5" stopped="0" meanWaitingTime="2030.18" meanTravelTime="366.02" meanSpeed="21.97" meanSpeedRelative="0.69" duration="1"/>
</summary>
