<?xml version="1.0" encoding="UTF-8"?>

<!-- generated on 2025-08-08 07:02:29 by Eclipse SUMO sumo Version 1.23.1
<sumoConfiguration xmlns:xsi="http://www.w3.org/2001/XMLSchema-instance" xsi:noNamespaceSchemaLocation="http://sumo.dlr.de/xsd/sumoConfiguration.xsd">

    <input>
        <net-file value="Desktop\Master Thesis\Network_fin.net.xml"/>
        <route-files value="Desktop\Master Thesis\demand_model_amsterdam.rou.xml"/>
        <additional-files value="Desktop\Master Thesis\Additionnal.add.xml"/>
    </input>

    <output>
        <summary-output value="outputf/summary_coor_alinea_2neigh_method2_K80_target5_92372.xml"/>
        <summary-output.period value="300"/>
        <tripinfo-output value="outputf/tripinfo_coor_alinea_2neigh_method2_K80_target5_92372.xml"/>
    </output>

    <time>
        <begin value="0"/>
        <end value="82800"/>
        <step-length value="1"/>
    </time>

    <processing>
        <time-to-teleport value="-1"/>
    </processing>

    <report>
        <verbose value="true"/>
        <no-step-log value="true"/>
    </report>

    <emissions>
        <device.emissions.period value="10"/>
    </emissions>

    <traci_server>
        <remote-port value="50579"/>
    </traci_server>

    <random_number>
        <seed value="92372"/>
    </random_number>

</sumoConfiguration>
-->

<summary xmlns:xsi="http://www.w3.org/2001/XMLSchema-instance" xsi:noNamespaceSchemaLocation="http://sumo.dlr.de/xsd/summary_file.xsd">
    <step time="0.00" loaded="0" inserted="0" running="0" waiting="0" ended="0" arrived="0" collisions="0" teleports="0" halting="0" stopped="0" meanWaitingTime="-1.00" meanTravelTime="-1.00" meanSpeed="-1.00" meanSpeedRelative="-1.00" duration="0"/>
    <step time="300.00" loaded="181" inserted="181" running="101" waiting="0" ended="80" arrived="80" collisions="0" teleports="0" halting="1" stopped="0" meanWaitingTime="0.54" meanTravelTime="97.45" meanSpeed="25.09" meanSpeedRelative="0.78" duration="1"/>
    <step time="600.00" loaded="369" inserted="367" running="141" waiting="2" ended="226" arrived="226" collisions="0" teleports="0" halting="0" stopped="0" meanWaitingTime="0.47" meanTravelTime="144.00" meanSpeed="24.57" meanSpeedRelative="0.77" duration="2"/>
    <step time="900.00" loaded="560" inserted="560" running="158" waiting="0" ended="402" arrived="402" collisions="0" teleports="0" halting="0" stopped="0" meanWaitingTime="0.43" meanTravelTime="171.27" meanSpeed="25.23" meanSpeedRelative="0.79" duration="2"/>
    <step time="1200.00" loaded="733" inserted="733" running="167" waiting="0" ended="566" arrived="566" collisions="0" teleports="0" halting="2" stopped="0" meanWaitingTime="0.43" meanTravelTime="192.59" meanSpeed="25.67" meanSpeedRelative="0.80" duration="1"/>
    <step time="1500.00" loaded="903" inserted="903" running="158" waiting="0" ended="745" arrived="745" collisions="0" teleports="0" halting="1" stopped="0" meanWaitingTime="0.44" meanTravelTime="213.33" meanSpeed="25.15" meanSpeedRelative="0.79" duration="1"/>
    <step time="1800.00" loaded="1104" inserted="1104" running="168" waiting="0" ended="936" arrived="936" collisions="0" teleports="0" halting="2" stopped="0" meanWaitingTime="0.43" meanTravelTime="220.57" meanSpeed="25.25" meanSpeedRelative="0.79" duration="1"/>
    <step time="2100.00" loaded="1309" inserted="1309" running="177" waiting="0" ended="1132" arrived="1132" collisions="0" teleports="0" halting="1" stopped="0" meanWaitingTime="0.43" meanTravelTime="226.95" meanSpeed="24.43" meanSpeedRelative="0.76" duration="1"/>
    <step time="2400.00" loaded="1486" inserted="1486" running="158" waiting="0" ended="1328" arrived="1328" collisions="0" teleports="0" halting="1" stopped="0" meanWaitingTime="0.44" meanTravelTime="229.48" meanSpeed="25.60" meanSpeedRelative="0.80" duration="1"/>
    <step time="2700.00" loaded="1667" inserted="1667" running="140" waiting="0" ended="1527" arrived="1527" collisions="0" teleports="0" halting="4" stopped="0" meanWaitingTime="0.45" meanTravelTime="234.60" meanSpeed="23.94" meanSpeedRelative="0.75" duration="1"/>
    <step time="3000.00" loaded="1836" inserted="1836" running="131" waiting="0" ended="1705" arrived="1705" collisions="1" teleports="1" halting="0" stopped="0" meanWaitingTime="0.43" meanTravelTime="236.23" meanSpeed="25.15" meanSpeedRelative="0.79" duration="1"/>
    <step time="3300.00" loaded="2018" inserted="2017" running="158" waiting="1" ended="1859" arrived="1859" collisions="2" teleports="2" halting="0" stopped="0" meanWaitingTime="0.47" meanTravelTime="235.09" meanSpeed="23.85" meanSpeedRelative="0.75" duration="1"/>
    <step time="3600.00" loaded="2205" inserted="2195" running="159" waiting="10" ended="2036" arrived="2036" collisions="2" teleports="2" halting="3" stopped="0" meanWaitingTime="0.96" meanTravelTime="237.15" meanSpeed="24.40" meanSpeedRelative="0.76" duration="85"/>
    <step time="3900.00" loaded="2319" inserted="2319" running="123" waiting="0" ended="2196" arrived="2196" collisions="2" teleports="2" halting="4" stopped="0" meanWaitingTime="2.00" meanTravelTime="239.10" meanSpeed="24.19" meanSpeedRelative="0.76" duration="1"/>
    <step time="4200.00" loaded="2422" inserted="2422" running="95" waiting="0" ended="2327" arrived="2327" collisions="2" teleports="2" halting="1" stopped="0" meanWaitingTime="1.93" meanTravelTime="242.16" meanSpeed="25.60" meanSpeedRelative="0.80" duration="0"/>
    <step time="4500.00" loaded="2529" inserted="2529" running="95" waiting="0" ended="2434" arrived="2434" collisions="2" teleports="2" halting="1" stopped="0" meanWaitingTime="1.87" meanTravelTime="244.63" meanSpeed="25.79" meanSpeedRelative="0.81" duration="0"/>
    <step time="4800.00" loaded="2662" inserted="2661" running="108" waiting="1" ended="2553" arrived="2553" collisions="2" teleports="2" halting="1" stopped="0" meanWaitingTime="1.80" meanTravelTime="244.92" meanSpeed="24.59" meanSpeedRelative="0.77" duration="1"/>
    <step time="5100.00" loaded="2766" inserted="2766" running="82" waiting="0" ended="2684" arrived="2684" collisions="2" teleports="2" halting="1" stopped="0" meanWaitingTime="1.74" meanTravelTime="243.97" meanSpeed="25.29" meanSpeedRelative="0.79" duration="1"/>
    <step time="5400.00" loaded="2868" inserted="2868" running="93" waiting="0" ended="2775" arrived="2775" collisions="2" teleports="2" halting="1" stopped="0" meanWaitingTime="1.69" meanTravelTime="245.54" meanSpeed="25.85" meanSpeedRelative="0.81" duration="1"/>
    <step time="5700.00" loaded="2974" inserted="2974" running="88" waiting="0" ended="2886" arrived="2886" collisions="2" teleports="2" halting="2" stopped="0" meanWaitingTime="1.64" meanTravelTime="245.38" meanSpeed="26.43" meanSpeedRelative="0.83" duration="1"/>
    <step time="6000.00" loaded="3081" inserted="3081" running="90" waiting="0" ended="2991" arrived="2991" collisions="2" teleports="2" halting="0" stopped="0" meanWaitingTime="1.59" meanTravelTime="244.50" meanSpeed="24.78" meanSpeedRelative="0.77" duration="0"/>
    <step time="6300.00" loaded="3191" inserted="3191" running="98" waiting="0" ended="3093" arrived="3093" collisions="2" teleports="2" halting="1" stopped="0" meanWaitingTime="1.54" meanTravelTime="243.33" meanSpeed="26.04" meanSpeedRelative="0.81" duration="0"/>
    <step time="6600.00" loaded="3313" inserted="3313" running="104" waiting="0" ended="3209" arrived="3209" collisions="2" teleports="2" halting="1" stopped="0" meanWaitingTime="1.49" meanTravelTime="244.74" meanSpeed="25.41" meanSpeedRelative="0.79" duration="1"/>
    <step time="6900.00" loaded="3414" inserted="3414" running="91" waiting="0" ended="3323" arrived="3323" collisions="2" teleports="2" halting="1" stopped="0" meanWaitingTime="1.46" meanTravelTime="245.27" meanSpeed="25.48" meanSpeedRelative="0.80" duration="1"/>
    <step time="7200.00" loaded="3528" inserted="3519" running="88" waiting="9" ended="3431" arrived="3431" collisions="2" teleports="2" halting="0" stopped="0" meanWaitingTime="1.50" meanTravelTime="245.84" meanSpeed="25.90" meanSpeedRelative="0.81" duration="86"/>
    <step time="7500.00" loaded="3685" inserted="3671" running="122" waiting="14" ended="3549" arrived="3549" collisions="2" teleports="2" halting="1" stopped="0" meanWaitingTime="2.00" meanTravelTime="245.67" meanSpeed="24.79" meanSpeedRelative="0.77" duration="1"/>
    <step time="7800.00" loaded="3845" inserted="3833" running="140" waiting="12" ended="3693" arrived="3693" collisions="2" teleports="2" halting="5" stopped="0" meanWaitingTime="2.89" meanTravelTime="246.17" meanSpeed="24.38" meanSpeedRelative="0.76" duration="1"/>
    <step time="8100.00" loaded="4018" inserted="3990" running="139" waiting="28" ended="3851" arrived="3851" collisions="2" teleports="2" halting="0" stopped="0" meanWaitingTime="3.68" meanTravelTime="246.18" meanSpeed="24.82" meanSpeedRelative="0.78" duration="1"/>
    <step time="8400.00" loaded="4169" inserted="4136" running="149" waiting="33" ended="3987" arrived="3987" collisions="2" teleports="2" halting="0" stopped="0" meanWaitingTime="5.37" meanTravelTime="246.11" meanSpeed="25.50" meanSpeedRelative="0.80" duration="1"/>
    <step time="8700.00" loaded="4317" inserted="4284" running="123" waiting="33" ended="4161" arrived="4161" collisions="2" teleports="2" halting="3" stopped="0" meanWaitingTime="7.20" meanTravelTime="248.44" meanSpeed="24.32" meanSpeedRelative="0.76" duration="1"/>
    <step time="9000.00" loaded="4477" inserted="4431" running="129" waiting="46" ended="4302" arrived="4302" collisions="2" teleports="2" halting="4" stopped="0" meanWaitingTime="9.09" meanTravelTime="248.33" meanSpeed="24.32" meanSpeedRelative="0.76" duration="0"/>
    <step time="9300.00" loaded="4637" inserted="4586" running="128" waiting="51" ended="4458" arrived="4458" collisions="2" teleports="2" halting="0" stopped="0" meanWaitingTime="11.14" meanTravelTime="248.50" meanSpeed="24.58" meanSpeedRelative="0.77" duration="1"/>
    <step time="9600.00" loaded="4793" inserted="4735" running="126" waiting="58" ended="4609" arrived="4609" collisions="2" teleports="2" halting="1" stopped="0" meanWaitingTime="13.53" meanTravelTime="249.23" meanSpeed="24.41" meanSpeedRelative="0.76" duration="1"/>
    <step time="9900.00" loaded="4953" inserted="4897" running="126" waiting="56" ended="4771" arrived="4771" collisions="2" teleports="2" halting="2" stopped="0" meanWaitingTime="16.28" meanTravelTime="248.84" meanSpeed="24.03" meanSpeedRelative="0.75" duration="1"/>
    <step time="10200.00" loaded="5102" inserted="5036" running="117" waiting="66" ended="4919" arrived="4919" collisions="2" teleports="2" halting="2" stopped="0" meanWaitingTime="18.76" meanTravelTime="249.16" meanSpeed="24.98" meanSpeedRelative="0.78" duration="1"/>
    <step time="10500.00" loaded="5246" inserted="5175" running="113" waiting="71" ended="5062" arrived="5062" collisions="2" teleports="2" halting="1" stopped="0" meanWaitingTime="21.59" meanTravelTime="248.94" meanSpeed="24.30" meanSpeedRelative="0.76" duration="1"/>
    <step time="10800.00" loaded="5391" inserted="5313" running="103" waiting="78" ended="5210" arrived="5210" collisions="2" teleports="2" halting="2" stopped="0" meanWaitingTime="24.36" meanTravelTime="248.29" meanSpeed="25.16" meanSpeedRelative="0.79" duration="87"/>
    <step time="11100.00" loaded="5531" inserted="5449" running="108" waiting="82" ended="5341" arrived="5341" collisions="2" teleports="2" halting="3" stopped="0" meanWaitingTime="27.72" meanTravelTime="248.42" meanSpeed="24.17" meanSpeedRelative="0.76" duration="1"/>
    <step time="11400.00" loaded="5674" inserted="5593" running="117" waiting="81" ended="5476" arrived="5476" collisions="2" teleports="2" halting="0" stopped="0" meanWaitingTime="30.50" meanTravelTime="247.85" meanSpeed="24.78" meanSpeedRelative="0.77" duration="1"/>
    <step time="11700.00" loaded="5832" inserted="5750" running="126" waiting="82" ended="5624" arrived="5624" collisions="2" teleports="2" halting="4" stopped="0" meanWaitingTime="33.90" meanTravelTime="247.89" meanSpeed="23.37" meanSpeedRelative="0.73" duration="1"/>
    <step time="12000.00" loaded="5972" inserted="5889" running="116" waiting="83" ended="5773" arrived="5773" collisions="2" teleports="2" halting="4" stopped="0" meanWaitingTime="37.07" meanTravelTime="247.52" meanSpeed="24.37" meanSpeedRelative="0.76" duration="1"/>
    <step time="12300.00" loaded="6105" inserted="6022" running="101" waiting="83" ended="5921" arrived="5921" collisions="2" teleports="2" halting="0" stopped="0" meanWaitingTime="39.96" meanTravelTime="247.44" meanSpeed="24.56" meanSpeedRelative="0.77" duration="0"/>
    <step time="12600.00" loaded="6250" inserted="6168" running="115" waiting="82" ended="6053" arrived="6053" collisions="2" teleports="2" halting="2" stopped="0" meanWaitingTime="43.06" meanTravelTime="247.33" meanSpeed="23.84" meanSpeedRelative="0.74" duration="1"/>
    <step time="12900.00" loaded="6391" inserted="6309" running="112" waiting="82" ended="6197" arrived="6197" collisions="3" teleports="3" halting="1" stopped="0" meanWaitingTime="46.00" meanTravelTime="246.70" meanSpeed="24.01" meanSpeedRelative="0.75" duration="1"/>
    <step time="13200.00" loaded="6539" inserted="6437" running="106" waiting="102" ended="6331" arrived="6331" collisions="3" teleports="3" halting="1" stopped="0" meanWaitingTime="49.06" meanTravelTime="246.76" meanSpeed="24.45" meanSpeedRelative="0.76" duration="1"/>
    <step time="13500.00" loaded="6675" inserted="6577" running="93" waiting="98" ended="6484" arrived="6484" collisions="3" teleports="3" halting="5" stopped="0" meanWaitingTime="51.98" meanTravelTime="246.44" meanSpeed="23.12" meanSpeedRelative="0.72" duration="0"/>
    <step time="13800.00" loaded="6834" inserted="6733" running="120" waiting="101" ended="6613" arrived="6613" collisions="3" teleports="3" halting="2" stopped="0" meanWaitingTime="54.22" meanTravelTime="245.70" meanSpeed="23.91" meanSpeedRelative="0.75" duration="1"/>
    <step time="14100.00" loaded="6988" inserted="6877" running="116" waiting="111" ended="6761" arrived="6761" collisions="3" teleports="3" halting="1" stopped="0" meanWaitingTime="57.41" meanTravelTime="245.34" meanSpeed="24.80" meanSpeedRelative="0.78" duration="0"/>
    <step time="14400.00" loaded="7164" inserted="7042" running="114" waiting="122" ended="6928" arrived="6928" collisions="3" teleports="3" halting="3" stopped="0" meanWaitingTime="60.33" meanTravelTime="245.42" meanSpeed="25.11" meanSpeedRelative="0.78" duration="87"/>
    <step time="14700.00" loaded="7263" inserted="7148" running="95" waiting="115" ended="7053" arrived="7053" collisions="3" teleports="3" halting="0" stopped="0" meanWaitingTime="62.90" meanTravelTime="245.32" meanSpeed="24.88" meanSpeedRelative="0.78" duration="0"/>
    <step time="15000.00" loaded="7371" inserted="7257" running="92" waiting="114" ended="7165" arrived="7165" collisions="3" teleports="3" halting="2" stopped="0" meanWaitingTime="66.51" meanTravelTime="245.18" meanSpeed="24.01" meanSpeedRelative="0.75" duration="0"/>
    <step time="15300.00" loaded="7477" inserted="7359" running="75" waiting="118" ended="7284" arrived="7284" collisions="3" teleports="3" halting="2" stopped="0" meanWaitingTime="69.07" meanTravelTime="245.13" meanSpeed="23.19" meanSpeedRelative="0.72" duration="1"/>
    <step time="15600.00" loaded="7559" inserted="7442" running="63" waiting="117" ended="7379" arrived="7379" collisions="3" teleports="3" halting="2" stopped="0" meanWaitingTime="72.52" meanTravelTime="245.53" meanSpeed="22.98" meanSpeedRelative="0.72" duration="0"/>
    <step time="15900.00" loaded="7661" inserted="7552" running="76" waiting="109" ended="7476" arrived="7476" collisions="4" teleports="4" halting="1" stopped="0" meanWaitingTime="76.66" meanTravelTime="245.06" meanSpeed="24.56" meanSpeedRelative="0.77" duration="0"/>
    <step time="16200.00" loaded="7781" inserted="7676" running="92" waiting="105" ended="7584" arrived="7584" collisions="4" teleports="4" halting="3" stopped="0" meanWaitingTime="79.89" meanTravelTime="244.81" meanSpeed="23.48" meanSpeedRelative="0.73" duration="0"/>
    <step time="16500.00" loaded="7884" inserted="7784" running="83" waiting="100" ended="7701" arrived="7701" collisions="4" teleports="4" halting="3" stopped="0" meanWaitingTime="83.20" meanTravelTime="243.95" meanSpeed="23.78" meanSpeedRelative="0.74" duration="0"/>
    <step time="16800.00" loaded="7987" inserted="7897" running="91" waiting="90" ended="7806" arrived="7806" collisions="4" teleports="4" halting="0" stopped="0" meanWaitingTime="86.81" meanTravelTime="243.66" meanSpeed="24.29" meanSpeedRelative="0.76" duration="0"/>
    <step time="17100.00" loaded="8084" inserted="8000" running="91" waiting="84" ended="7909" arrived="7909" collisions="4" teleports="4" halting="3" stopped="0" meanWaitingTime="89.94" meanTravelTime="243.73" meanSpeed="23.86" meanSpeedRelative="0.75" duration="1"/>
    <step time="17400.00" loaded="8183" inserted="8105" running="81" waiting="78" ended="8024" arrived="8024" collisions="4" teleports="4" halting="4" stopped="0" meanWaitingTime="92.42" meanTravelTime="243.95" meanSpeed="23.42" meanSpeedRelative="0.73" duration="0"/>
    <step time="17700.00" loaded="8285" inserted="8211" running="74" waiting="74" ended="8137" arrived="8137" collisions="4" teleports="4" halting="0" stopped="0" meanWaitingTime="95.02" meanTravelTime="243.99" meanSpeed="23.92" meanSpeedRelative="0.75" duration="1"/>
    <step time="18000.00" loaded="8384" inserted="8312" running="74" waiting="72" ended="8238" arrived="8238" collisions="4" teleports="4" halting="3" stopped="0" meanWaitingTime="97.24" meanTravelTime="243.33" meanSpeed="24.68" meanSpeedRelative="0.77" duration="80"/>
    <step time="18300.00" loaded="8595" inserted="8510" running="139" waiting="85" ended="8371" arrived="8371" collisions="4" teleports="4" halting="7" stopped="0" meanWaitingTime="98.13" meanTravelTime="242.86" meanSpeed="23.30" meanSpeedRelative="0.73" duration="1"/>
    <step time="18600.00" loaded="8805" inserted="8710" running="154" waiting="95" ended="8556" arrived="8556" collisions="4" teleports="4" halting="0" stopped="0" meanWaitingTime="98.72" meanTravelTime="241.83" meanSpeed="24.42" meanSpeedRelative="0.76" duration="1"/>
    <step time="18900.00" loaded="8989" inserted="8885" running="142" waiting="104" ended="8743" arrived="8743" collisions="4" teleports="4" halting="2" stopped="0" meanWaitingTime="98.97" meanTravelTime="241.68" meanSpeed="25.04" meanSpeedRelative="0.78" duration="1"/>
    <step time="19200.00" loaded="9182" inserted="9062" running="157" waiting="120" ended="8905" arrived="8905" collisions="4" teleports="4" halting="1" stopped="0" meanWaitingTime="99.55" meanTravelTime="242.14" meanSpeed="24.03" meanSpeedRelative="0.75" duration="1"/>
    <step time="19500.00" loaded="9372" inserted="9237" running="147" waiting="135" ended="9090" arrived="9090" collisions="4" teleports="4" halting="1" stopped="0" meanWaitingTime="100.49" meanTravelTime="242.59" meanSpeed="25.88" meanSpeedRelative="0.81" duration="1"/>
    <step time="19800.00" loaded="9588" inserted="9440" running="160" waiting="148" ended="9280" arrived="9280" collisions="4" teleports="4" halting="2" stopped="0" meanWaitingTime="101.59" meanTravelTime="242.26" meanSpeed="24.14" meanSpeedRelative="0.75" duration="1"/>
    <step time="20100.00" loaded="9774" inserted="9619" running="137" waiting="155" ended="9482" arrived="9482" collisions="4" teleports="4" halting="6" stopped="0" meanWaitingTime="102.96" meanTravelTime="242.31" meanSpeed="22.85" meanSpeedRelative="0.71" duration="1"/>
    <step time="20400.00" loaded="9986" inserted="9817" running="157" waiting="169" ended="9660" arrived="9660" collisions="4" teleports="4" halting="1" stopped="0" meanWaitingTime="104.72" meanTravelTime="242.51" meanSpeed="24.42" meanSpeedRelative="0.76" duration="1"/>
    <step time="20700.00" loaded="10186" inserted="10010" running="179" waiting="176" ended="9831" arrived="9831" collisions="4" teleports="4" halting="5" stopped="0" meanWaitingTime="107.03" meanTravelTime="242.50" meanSpeed="23.31" meanSpeedRelative="0.73" duration="1"/>
    <step time="21000.00" loaded="10363" inserted="10182" running="157" waiting="181" ended="10025" arrived="10025" collisions="4" teleports="4" halting="5" stopped="0" meanWaitingTime="108.91" meanTravelTime="243.31" meanSpeed="24.08" meanSpeedRelative="0.75" duration="1"/>
    <step time="21300.00" loaded="10564" inserted="10368" running="158" waiting="196" ended="10210" arrived="10210" collisions="5" teleports="5" halting="6" stopped="0" meanWaitingTime="110.41" meanTravelTime="243.51" meanSpeed="23.71" meanSpeedRelative="0.74" duration="1"/>
    <step time="21600.00" loaded="10764" inserted="10564" running="179" waiting="200" ended="10385" arrived="10385" collisions="5" teleports="5" halting="1" stopped="0" meanWaitingTime="113.39" meanTravelTime="244.08" meanSpeed="23.96" meanSpeedRelative="0.75" duration="80"/>
    <step time="21900.00" loaded="11237" inserted="10973" running="310" waiting="264" ended="10663" arrived="10663" collisions="6" teleports="6" halting="1" stopped="0" meanWaitingTime="115.98" meanTravelTime="243.87" meanSpeed="22.79" meanSpeedRelative="0.71" duration="2"/>
    <step time="22200.00" loaded="11720" inserted="11397" running="395" waiting="323" ended="11002" arrived="11002" collisions="6" teleports="6" halting="7" stopped="0" meanWaitingTime="119.51" meanTravelTime="243.68" meanSpeed="21.25" meanSpeedRelative="0.66" duration="2"/>
    <step time="22500.00" loaded="12185" inserted="11785" running="392" waiting="400" ended="11393" arrived="11393" collisions="6" teleports="6" halting="4" stopped="0" meanWaitingTime="122.15" meanTravelTime="244.85" meanSpeed="21.14" meanSpeedRelative="0.66" duration="2"/>
    <step time="22800.00" loaded="12655" inserted="12201" running="419" waiting="454" ended="11782" arrived="11782" collisions="6" teleports="6" halting="10" stopped="0" meanWaitingTime="125.56" meanTravelTime="246.40" meanSpeed="20.58" meanSpeedRelative="0.64" duration="2"/>
    <step time="23100.00" loaded="13155" inserted="12617" running="442" waiting="538" ended="12175" arrived="12175" collisions="9" teleports="9" halting="3" stopped="0" meanWaitingTime="128.70" meanTravelTime="248.44" meanSpeed="20.49" meanSpeedRelative="0.64" duration="3"/>
    <step time="23400.00" loaded="13593" inserted="12973" running="406" waiting="620" ended="12567" arrived="12567" collisions="11" teleports="11" halting="6" stopped="0" meanWaitingTime="133.48" meanTravelTime="250.93" meanSpeed="20.75" meanSpeedRelative="0.65" duration="4"/>
    <step time="23700.00" loaded="14038" inserted="13350" running="402" waiting="688" ended="12948" arrived="12948" collisions="12" teleports="12" halting="1" stopped="0" meanWaitingTime="138.85" meanTravelTime="252.99" meanSpeed="20.70" meanSpeedRelative="0.65" duration="3"/>
    <step time="24000.00" loaded="14487" inserted="13754" running="413" waiting="733" ended="13341" arrived="13341" collisions="12" teleports="12" halting="9" stopped="0" meanWaitingTime="145.08" meanTravelTime="255.10" meanSpeed="20.44" meanSpeedRelative="0.64" duration="3"/>
    <step time="24300.00" loaded="14947" inserted="14149" running="436" waiting="798" ended="13713" arrived="13713" collisions="12" teleports="12" halting="7" stopped="0" meanWaitingTime="151.55" meanTravelTime="256.51" meanSpeed="21.30" meanSpeedRelative="0.67" duration="2"/>
    <step time="24600.00" loaded="15441" inserted="14566" running="460" waiting="875" ended="14106" arrived="14106" collisions="12" teleports="12" halting="2" stopped="0" meanWaitingTime="158.97" meanTravelTime="258.69" meanSpeed="20.57" meanSpeedRelative="0.64" duration="2"/>
    <step time="24900.00" loaded="15941" inserted="14987" running="465" waiting="954" ended="14522" arrived="14522" collisions="14" teleports="14" halting="4" stopped="0" meanWaitingTime="168.48" meanTravelTime="260.42" meanSpeed="19.75" meanSpeedRelative="0.62" duration="2"/>
    <step time="25200.00" loaded="16415" inserted="15386" running="460" waiting="1029" ended="14926" arrived="14926" collisions="14" teleports="14" halting="5" stopped="0" meanWaitingTime="177.35" meanTravelTime="262.05" meanSpeed="19.47" meanSpeedRelative="0.61" duration="85"/>
    <step time="25500.00" loaded="17018" inserted="15827" running="508" waiting="1191" ended="15319" arrived="15319" collisions="16" teleports="16" halting="11" stopped="0" meanWaitingTime="186.36" meanTravelTime="263.92" meanSpeed="19.51" meanSpeedRelative="0.61" duration="3"/>
    <step time="25800.00" loaded="17554" inserted="16304" running="544" waiting="1250" ended="15760" arrived="15760" collisions="17" teleports="17" halting="4" stopped="0" meanWaitingTime="198.19" meanTravelTime="266.28" meanSpeed="19.25" meanSpeedRelative="0.60" duration="4"/>
    <step time="26100.00" loaded="18119" inserted="16754" running="552" waiting="1365" ended="16202" arrived="16202" collisions="17" teleports="17" halting="9" stopped="0" meanWaitingTime="209.39" meanTravelTime="269.01" meanSpeed="18.70" meanSpeedRelative="0.58" duration="4"/>
    <step time="26400.00" loaded="18693" inserted="17223" running="552" waiting="1470" ended="16671" arrived="16671" collisions="19" teleports="19" halting="5" stopped="0" meanWaitingTime="221.03" meanTravelTime="271.77" meanSpeed="18.83" meanSpeedRelative="0.59" duration="4"/>
    <step time="26700.00" loaded="19269" inserted="17680" running="508" waiting="1589" ended="17172" arrived="17172" collisions="20" teleports="20" halting="1" stopped="0" meanWaitingTime="235.05" meanTravelTime="273.97" meanSpeed="18.78" meanSpeedRelative="0.59" duration="3"/>
    <step time="27000.00" loaded="19837" inserted="18164" running="518" waiting="1673" ended="17646" arrived="17646" collisions="21" teleports="21" halting="4" stopped="0" meanWaitingTime="249.02" meanTravelTime="275.67" meanSpeed="18.83" meanSpeedRelative="0.59" duration="4"/>
    <step time="27300.00" loaded="20406" inserted="18632" running="531" waiting="1774" ended="18101" arrived="18101" collisions="22" teleports="22" halting="10" stopped="0" meanWaitingTime="263.39" meanTravelTime="276.82" meanSpeed="18.36" meanSpeedRelative="0.57" duration="3"/>
    <step time="27600.00" loaded="20946" inserted="19090" running="541" waiting="1856" ended="18549" arrived="18549" collisions="22" teleports="22" halting="4" stopped="0" meanWaitingTime="278.62" meanTravelTime="278.33" meanSpeed="18.27" meanSpeedRelative="0.57" duration="3"/>
    <step time="27900.00" loaded="21485" inserted="19559" running="548" waiting="1926" ended="19011" arrived="19011" collisions="23" teleports="23" halting="8" stopped="0" meanWaitingTime="292.80" meanTravelTime="280.43" meanSpeed="18.36" meanSpeedRelative="0.57" duration="3"/>
    <step time="28200.00" loaded="22033" inserted="20012" running="548" waiting="2021" ended="19464" arrived="19464" collisions="25" teleports="25" halting="5" stopped="0" meanWaitingTime="307.98" meanTravelTime="282.15" meanSpeed="19.10" meanSpeedRelative="0.60" duration="4"/>
    <step time="28500.00" loaded="22629" inserted="20484" running="527" waiting="2145" ended="19957" arrived="19957" collisions="26" teleports="26" halting="4" stopped="0" meanWaitingTime="323.04" meanTravelTime="283.60" meanSpeed="18.47" meanSpeedRelative="0.58" duration="3"/>
    <step time="28800.00" loaded="23189" inserted="20949" running="554" waiting="2240" ended="20395" arrived="20395" collisions="26" teleports="26" halting="10" stopped="0" meanWaitingTime="339.31" meanTravelTime="285.06" meanSpeed="18.21" meanSpeedRelative="0.57" duration="89"/>
    <step time="29100.00" loaded="23561" inserted="21375" running="538" waiting="2186" ended="20837" arrived="20837" collisions="27" teleports="27" halting="6" stopped="0" meanWaitingTime="355.43" meanTravelTime="286.67" meanSpeed="17.67" meanSpeedRelative="0.55" duration="4"/>
    <step time="29400.00" loaded="23901" inserted="21772" running="504" waiting="2129" ended="21268" arrived="21268" collisions="27" teleports="27" halting="8" stopped="0" meanWaitingTime="371.69" meanTravelTime="288.40" meanSpeed="18.24" meanSpeedRelative="0.57" duration="4"/>
    <step time="29700.00" loaded="24276" inserted="22234" running="534" waiting="2042" ended="21700" arrived="21700" collisions="28" teleports="28" halting="6" stopped="0" meanWaitingTime="389.24" meanTravelTime="290.17" meanSpeed="18.44" meanSpeedRelative="0.58" duration="3"/>
    <step time="30000.00" loaded="24603" inserted="22666" running="503" waiting="1937" ended="22163" arrived="22163" collisions="28" teleports="28" halting="7" stopped="0" meanWaitingTime="405.96" meanTravelTime="291.52" meanSpeed="18.04" meanSpeedRelative="0.56" duration="3"/>
    <step time="30300.00" loaded="24963" inserted="23099" running="521" waiting="1864" ended="22578" arrived="22578" collisions="30" teleports="30" halting="7" stopped="0" meanWaitingTime="421.40" meanTravelTime="292.55" meanSpeed="18.36" meanSpeedRelative="0.57" duration="2"/>
    <step time="30600.00" loaded="25310" inserted="23496" running="467" waiting="1814" ended="23029" arrived="23029" collisions="31" teleports="31" halting="8" stopped="0" meanWaitingTime="435.91" meanTravelTime="293.88" meanSpeed="18.49" meanSpeedRelative="0.58" duration="3"/>
    <step time="30900.00" loaded="25653" inserted="23868" running="389" waiting="1785" ended="23479" arrived="23479" collisions="31" teleports="31" halting="8" stopped="0" meanWaitingTime="448.31" meanTravelTime="294.59" meanSpeed="19.52" meanSpeedRelative="0.61" duration="3"/>
    <step time="31200.00" loaded="25995" inserted="24256" running="382" waiting="1739" ended="23874" arrived="23874" collisions="31" teleports="31" halting="10" stopped="0" meanWaitingTime="460.98" meanTravelTime="295.00" meanSpeed="21.33" meanSpeedRelative="0.67" duration="2"/>
    <step time="31500.00" loaded="26373" inserted="24670" running="402" waiting="1703" ended="24268" arrived="24268" collisions="31" teleports="31" halting="5" stopped="0" meanWaitingTime="473.45" meanTravelTime="294.88" meanSpeed="20.91" meanSpeedRelative="0.65" duration="2"/>
    <step time="31800.00" loaded="26724" inserted="25051" running="391" waiting="1673" ended="24660" arrived="24660" collisions="34" teleports="34" halting="3" stopped="0" meanWaitingTime="485.63" meanTravelTime="294.86" meanSpeed="21.03" meanSpeedRelative="0.66" duration="2"/>
    <step time="32100.00" loaded="27082" inserted="25429" running="387" waiting="1653" ended="25042" arrived="25042" collisions="35" teleports="35" halting="8" stopped="0" meanWaitingTime="497.56" meanTravelTime="295.07" meanSpeed="20.75" meanSpeedRelative="0.65" duration="2"/>
    <step time="32400.00" loaded="27439" inserted="25829" running="401" waiting="1610" ended="25428" arrived="25428" collisions="35" teleports="35" halting="2" stopped="0" meanWaitingTime="507.75" meanTravelTime="295.05" meanSpeed="20.97" meanSpeedRelative="0.66" duration="90"/>
    <step time="32700.00" loaded="27714" inserted="26153" running="355" waiting="1561" ended="25798" arrived="25798" collisions="36" teleports="36" halting="6" stopped="0" meanWaitingTime="517.92" meanTravelTime="295.29" meanSpeed="21.48" meanSpeedRelative="0.67" duration="2"/>
    <step time="33000.00" loaded="27969" inserted="26439" running="283" waiting="1530" ended="26156" arrived="26156" collisions="37" teleports="37" halting="7" stopped="0" meanWaitingTime="527.65" meanTravelTime="295.70" meanSpeed="22.04" meanSpeedRelative="0.69" duration="1"/>
    <step time="33300.00" loaded="28218" inserted="26740" running="281" waiting="1478" ended="26459" arrived="26459" collisions="37" teleports="37" halting="7" stopped="0" meanWaitingTime="538.19" meanTravelTime="295.66" meanSpeed="21.59" meanSpeedRelative="0.67" duration="2"/>
    <step time="33600.00" loaded="28499" inserted="27058" running="284" waiting="1441" ended="26774" arrived="26774" collisions="38" teleports="38" halting="4" stopped="0" meanWaitingTime="547.88" meanTravelTime="295.50" meanSpeed="22.00" meanSpeedRelative="0.69" duration="2"/>
    <step time="33900.00" loaded="28764" inserted="27358" running="263" waiting="1406" ended="27095" arrived="27095" collisions="38" teleports="38" halting="8" stopped="0" meanWaitingTime="557.22" meanTravelTime="295.25" meanSpeed="21.72" meanSpeedRelative="0.68" duration="2"/>
    <step time="34200.00" loaded="29052" inserted="27681" running="282" waiting="1371" ended="27399" arrived="27399" collisions="38" teleports="38" halting="5" stopped="0" meanWaitingTime="566.83" meanTravelTime="295.14" meanSpeed="22.12" meanSpeedRelative="0.69" duration="2"/>
    <step time="34500.00" loaded="29300" inserted="27972" running="263" waiting="1328" ended="27709" arrived="27709" collisions="38" teleports="38" halting="1" stopped="0" meanWaitingTime="577.53" meanTravelTime="294.74" meanSpeed="22.82" meanSpeedRelative="0.71" duration="2"/>
    <step time="34800.00" loaded="29591" inserted="28302" running="282" waiting="1289" ended="28020" arrived="28020" collisions="38" teleports="38" halting="5" stopped="0" meanWaitingTime="587.21" meanTravelTime="294.39" meanSpeed="22.50" meanSpeedRelative="0.70" duration="2"/>
    <step time="35100.00" loaded="29862" inserted="28598" running="271" waiting="1264" ended="28327" arrived="28327" collisions="39" teleports="39" halting="1" stopped="0" meanWaitingTime="596.25" meanTravelTime="293.99" meanSpeed="23.22" meanSpeedRelative="0.73" duration="2"/>
    <step time="35400.00" loaded="30122" inserted="28889" running="258" waiting="1233" ended="28631" arrived="28631" collisions="40" teleports="40" halting="3" stopped="0" meanWaitingTime="603.87" meanTravelTime="293.79" meanSpeed="23.18" meanSpeedRelative="0.72" duration="1"/>
    <step time="35700.00" loaded="30372" inserted="29175" running="257" waiting="1197" ended="28918" arrived="28918" collisions="40" teleports="40" halting="4" stopped="0" meanWaitingTime="611.18" meanTravelTime="293.40" meanSpeed="22.43" meanSpeedRelative="0.70" duration="1"/>
    <step time="36000.00" loaded="30623" inserted="29446" running="248" waiting="1177" ended="29198" arrived="29198" collisions="40" teleports="40" halting="3" stopped="0" meanWaitingTime="617.73" meanTravelTime="293.28" meanSpeed="23.10" meanSpeedRelative="0.72" duration="85"/>
    <step time="36300.00" loaded="31120" inserted="29889" running="364" waiting="1231" ended="29525" arrived="29525" collisions="41" teleports="41" halting="8" stopped="0" meanWaitingTime="622.75" meanTravelTime="292.83" meanSpeed="21.54" meanSpeedRelative="0.67" duration="3"/>
    <step time="36600.00" loaded="31582" inserted="30320" running="412" waiting="1262" ended="29908" arrived="29908" collisions="41" teleports="41" halting="8" stopped="0" meanWaitingTime="628.53" meanTravelTime="292.51" meanSpeed="21.16" meanSpeedRelative="0.66" duration="3"/>
    <step time="36900.00" loaded="32048" inserted="30765" running="427" waiting="1283" ended="30338" arrived="30338" collisions="42" teleports="42" halting="10" stopped="0" meanWaitingTime="634.04" meanTravelTime="292.24" meanSpeed="20.24" meanSpeedRelative="0.63" duration="2"/>
    <step time="37200.00" loaded="32480" inserted="31177" running="436" waiting="1303" ended="30741" arrived="30741" collisions="45" teleports="45" halting="5" stopped="0" meanWaitingTime="638.89" meanTravelTime="292.21" meanSpeed="20.83" meanSpeedRelative="0.65" duration="3"/>
    <step time="37500.00" loaded="32957" inserted="31626" running="471" waiting="1331" ended="31155" arrived="31155" collisions="46" teleports="46" halting="10" stopped="0" meanWaitingTime="643.98" meanTravelTime="292.55" meanSpeed="19.81" meanSpeedRelative="0.62" duration="3"/>
    <step time="37800.00" loaded="33414" inserted="32034" running="446" waiting="1380" ended="31588" arrived="31588" collisions="47" teleports="47" halting="5" stopped="0" meanWaitingTime="648.76" meanTravelTime="292.85" meanSpeed="21.13" meanSpeedRelative="0.66" duration="3"/>
    <step time="38100.00" loaded="33873" inserted="32440" running="438" waiting="1433" ended="32002" arrived="32002" collisions="47" teleports="47" halting="8" stopped="0" meanWaitingTime="653.05" meanTravelTime="293.38" meanSpeed="20.15" meanSpeedRelative="0.63" duration="3"/>
    <step time="38400.00" loaded="34345" inserted="32866" running="447" waiting="1479" ended="32419" arrived="32419" collisions="47" teleports="47" halting="7" stopped="0" meanWaitingTime="656.92" meanTravelTime="293.54" meanSpeed="20.98" meanSpeedRelative="0.66" duration="3"/>
    <step time="38700.00" loaded="34831" inserted="33311" running="472" waiting="1520" ended="32839" arrived="32839" collisions="47" teleports="47" halting="8" stopped="0" meanWaitingTime="661.30" meanTravelTime="294.08" meanSpeed="19.42" meanSpeedRelative="0.61" duration="2"/>
    <step time="39000.00" loaded="35294" inserted="33747" running="453" waiting="1547" ended="33294" arrived="33294" collisions="47" teleports="47" halting="4" stopped="0" meanWaitingTime="666.26" meanTravelTime="294.62" meanSpeed="20.20" meanSpeedRelative="0.63" duration="2"/>
    <step time="39300.00" loaded="35723" inserted="34136" running="414" waiting="1587" ended="33722" arrived="33722" collisions="49" teleports="49" halting="8" stopped="0" meanWaitingTime="670.33" meanTravelTime="294.74" meanSpeed="20.53" meanSpeedRelative="0.64" duration="2"/>
    <step time="39600.00" loaded="36202" inserted="34543" running="426" waiting="1659" ended="34117" arrived="34117" collisions="50" teleports="50" halting="6" stopped="0" meanWaitingTime="674.34" meanTravelTime="294.87" meanSpeed="21.31" meanSpeedRelative="0.67" duration="90"/>
    <step time="39900.00" loaded="36733" inserted="34984" running="474" waiting="1749" ended="34510" arrived="34510" collisions="51" teleports="51" halting="10" stopped="0" meanWaitingTime="678.35" meanTravelTime="295.13" meanSpeed="20.70" meanSpeedRelative="0.65" duration="2"/>
    <step time="40200.00" loaded="37227" inserted="35422" running="479" waiting="1805" ended="34943" arrived="34943" collisions="53" teleports="53" halting="6" stopped="0" meanWaitingTime="682.16" meanTravelTime="295.62" meanSpeed="19.10" meanSpeedRelative="0.60" duration="3"/>
    <step time="40500.00" loaded="37779" inserted="35892" running="500" waiting="1887" ended="35392" arrived="35392" collisions="55" teleports="55" halting="6" stopped="0" meanWaitingTime="686.14" meanTravelTime="295.97" meanSpeed="19.69" meanSpeedRelative="0.62" duration="3"/>
    <step time="40800.00" loaded="38308" inserted="36351" running="522" waiting="1957" ended="35829" arrived="35829" collisions="56" teleports="56" halting="5" stopped="0" meanWaitingTime="690.61" meanTravelTime="296.49" meanSpeed="19.53" meanSpeedRelative="0.61" duration="3"/>
    <step time="41100.00" loaded="38827" inserted="36819" running="542" waiting="2008" ended="36277" arrived="36277" collisions="56" teleports="56" halting="6" stopped="0" meanWaitingTime="694.52" meanTravelTime="296.86" meanSpeed="19.44" meanSpeedRelative="0.61" duration="3"/>
    <step time="41400.00" loaded="39350" inserted="37291" running="550" waiting="2059" ended="36741" arrived="36741" collisions="58" teleports="58" halting="7" stopped="0" meanWaitingTime="699.22" meanTravelTime="297.32" meanSpeed="19.22" meanSpeedRelative="0.60" duration="4"/>
    <step time="41700.00" loaded="39859" inserted="37745" running="518" waiting="2114" ended="37227" arrived="37227" collisions="59" teleports="59" halting="3" stopped="0" meanWaitingTime="704.04" meanTravelTime="298.29" meanSpeed="18.93" meanSpeedRelative="0.59" duration="3"/>
    <step time="42000.00" loaded="40370" inserted="38188" running="493" waiting="2182" ended="37695" arrived="37695" collisions="59" teleports="59" halting="10" stopped="0" meanWaitingTime="708.38" meanTravelTime="298.83" meanSpeed="19.86" meanSpeedRelative="0.62" duration="3"/>
    <step time="42300.00" loaded="40866" inserted="38631" running="499" waiting="2235" ended="38132" arrived="38132" collisions="59" teleports="59" halting="12" stopped="0" meanWaitingTime="713.59" meanTravelTime="299.13" meanSpeed="20.23" meanSpeedRelative="0.63" duration="4"/>
    <step time="42600.00" loaded="41348" inserted="39078" running="497" waiting="2270" ended="38581" arrived="38581" collisions="63" teleports="63" halting="6" stopped="0" meanWaitingTime="719.62" meanTravelTime="299.47" meanSpeed="19.89" meanSpeedRelative="0.62" duration="3"/>
    <step time="42900.00" loaded="41891" inserted="39550" running="527" waiting="2341" ended="39023" arrived="39023" collisions="65" teleports="65" halting="9" stopped="0" meanWaitingTime="724.87" meanTravelTime="300.14" meanSpeed="19.25" meanSpeedRelative="0.60" duration="4"/>
    <step time="43200.00" loaded="42420" inserted="40006" running="519" waiting="2414" ended="39487" arrived="39487" collisions="65" teleports="65" halting="8" stopped="0" meanWaitingTime="730.29" meanTravelTime="300.48" meanSpeed="19.29" meanSpeedRelative="0.60" duration="95"/>
    <step time="43500.00" loaded="42983" inserted="40476" running="556" waiting="2507" ended="39920" arrived="39920" collisions="68" teleports="68" halting="4" stopped="0" meanWaitingTime="734.85" meanTravelTime="300.98" meanSpeed="19.41" meanSpeedRelative="0.61" duration="4"/>
    <step time="43800.00" loaded="43524" inserted="40959" running="586" waiting="2565" ended="40373" arrived="40373" collisions="70" teleports="70" halting="4" stopped="0" meanWaitingTime="739.97" meanTravelTime="301.61" meanSpeed="18.37" meanSpeedRelative="0.57" duration="4"/>
    <step time="44100.00" loaded="44035" inserted="41409" running="559" waiting="2626" ended="40850" arrived="40850" collisions="71" teleports="71" halting="6" stopped="0" meanWaitingTime="745.66" meanTravelTime="302.47" meanSpeed="18.23" meanSpeedRelative="0.57" duration="5"/>
    <step time="44400.00" loaded="44551" inserted="41862" running="565" waiting="2689" ended="41297" arrived="41297" collisions="73" teleports="73" halting="11" stopped="0" meanWaitingTime="750.37" meanTravelTime="303.12" meanSpeed="18.06" meanSpeedRelative="0.56" duration="5"/>
    <step time="44700.00" loaded="45066" inserted="42345" running="598" waiting="2721" ended="41747" arrived="41747" collisions="75" teleports="75" halting="9" stopped="0" meanWaitingTime="757.29" meanTravelTime="303.76" meanSpeed="18.52" meanSpeedRelative="0.58" duration="8"/>
    <step time="45000.00" loaded="45618" inserted="42845" running="622" waiting="2773" ended="42223" arrived="42223" collisions="75" teleports="75" halting="2" stopped="0" meanWaitingTime="763.62" meanTravelTime="304.47" meanSpeed="18.45" meanSpeedRelative="0.58" duration="4"/>
    <step time="45300.00" loaded="46162" inserted="43308" running="602" waiting="2854" ended="42706" arrived="42706" collisions="77" teleports="77" halting="3" stopped="0" meanWaitingTime="769.66" meanTravelTime="305.27" meanSpeed="17.88" meanSpeedRelative="0.56" duration="4"/>
    <step time="45600.00" loaded="46698" inserted="43762" running="603" waiting="2936" ended="43159" arrived="43159" collisions="78" teleports="78" halting="2" stopped="0" meanWaitingTime="775.18" meanTravelTime="306.30" meanSpeed="18.34" meanSpeedRelative="0.57" duration="4"/>
    <step time="45900.00" loaded="47251" inserted="44247" running="623" waiting="3004" ended="43624" arrived="43624" collisions="78" teleports="78" halting="5" stopped="0" meanWaitingTime="781.72" meanTravelTime="307.15" meanSpeed="17.91" meanSpeedRelative="0.56" duration="5"/>
    <step time="46200.00" loaded="47784" inserted="44702" running="593" waiting="3082" ended="44109" arrived="44109" collisions="79" teleports="79" halting="10" stopped="0" meanWaitingTime="789.36" meanTravelTime="308.22" meanSpeed="18.07" meanSpeedRelative="0.56" duration="4"/>
    <step time="46500.00" loaded="48311" inserted="45167" running="581" waiting="3144" ended="44586" arrived="44586" collisions="81" teleports="81" halting="11" stopped="0" meanWaitingTime="795.77" meanTravelTime="309.08" meanSpeed="18.23" meanSpeedRelative="0.57" duration="4"/>
    <step time="46800.00" loaded="48840" inserted="45648" running="592" waiting="3192" ended="45056" arrived="45056" collisions="86" teleports="86" halting="9" stopped="0" meanWaitingTime="803.64" meanTravelTime="309.84" meanSpeed="18.74" meanSpeedRelative="0.59" duration="95"/>
    <step time="47100.00" loaded="49370" inserted="46109" running="593" waiting="3261" ended="45516" arrived="45516" collisions="90" teleports="90" halting="4" stopped="0" meanWaitingTime="810.53" meanTravelTime="310.64" meanSpeed="18.15" meanSpeedRelative="0.57" duration="4"/>
    <step time="47400.00" loaded="49891" inserted="46584" running="611" waiting="3307" ended="45973" arrived="45973" collisions="93" teleports="93" halting="8" stopped="0" meanWaitingTime="818.17" meanTravelTime="311.18" meanSpeed="18.64" meanSpeedRelative="0.58" duration="5"/>
    <step time="47700.00" loaded="50429" inserted="47052" running="620" waiting="3377" ended="46432" arrived="46432" collisions="96" teleports="96" halting="2" stopped="0" meanWaitingTime="825.66" meanTravelTime="311.85" meanSpeed="18.33" meanSpeedRelative="0.57" duration="5"/>
    <step time="48000.00" loaded="50934" inserted="47495" running="561" waiting="3439" ended="46934" arrived="46934" collisions="98" teleports="98" halting="5" stopped="0" meanWaitingTime="832.50" meanTravelTime="312.90" meanSpeed="17.78" meanSpeedRelative="0.56" duration="4"/>
    <step time="48300.00" loaded="51469" inserted="47960" running="572" waiting="3509" ended="47388" arrived="47388" collisions="99" teleports="99" halting="11" stopped="0" meanWaitingTime="839.77" meanTravelTime="313.54" meanSpeed="18.56" meanSpeedRelative="0.58" duration="6"/>
    <step time="48600.00" loaded="52025" inserted="48456" running="614" waiting="3569" ended="47842" arrived="47842" collisions="102" teleports="102" halting="8" stopped="0" meanWaitingTime="848.08" meanTravelTime="314.07" meanSpeed="17.91" meanSpeedRelative="0.56" duration="4"/>
    <step time="48900.00" loaded="52563" inserted="48929" running="606" waiting="3634" ended="48323" arrived="48323" collisions="103" teleports="103" halting="6" stopped="0" meanWaitingTime="856.41" meanTravelTime="314.66" meanSpeed="18.02" meanSpeedRelative="0.56" duration="6"/>
    <step time="49200.00" loaded="53100" inserted="49406" running="630" waiting="3694" ended="48776" arrived="48776" collisions="103" teleports="103" halting="11" stopped="0" meanWaitingTime="864.84" meanTravelTime="315.12" meanSpeed="17.97" meanSpeedRelative="0.56" duration="5"/>
    <step time="49500.00" loaded="53609" inserted="49897" running="642" waiting="3712" ended="49255" arrived="49255" collisions="105" teleports="105" halting="12" stopped="0" meanWaitingTime="874.44" meanTravelTime="315.93" meanSpeed="17.97" meanSpeedRelative="0.56" duration="4"/>
    <step time="49800.00" loaded="54148" inserted="50364" running="619" waiting="3784" ended="49745" arrived="49745" collisions="108" teleports="108" halting="3" stopped="0" meanWaitingTime="882.71" meanTravelTime="316.60" meanSpeed="18.00" meanSpeedRelative="0.56" duration="4"/>
    <step time="50100.00" loaded="54668" inserted="50828" running="627" waiting="3840" ended="50201" arrived="50201" collisions="108" teleports="108" halting="8" stopped="0" meanWaitingTime="892.07" meanTravelTime="317.53" meanSpeed="17.51" meanSpeedRelative="0.55" duration="5"/>
    <step time="50400.00" loaded="55165" inserted="51276" running="607" waiting="3889" ended="50669" arrived="50669" collisions="109" teleports="109" halting="4" stopped="0" meanWaitingTime="899.78" meanTravelTime="318.32" meanSpeed="17.99" meanSpeedRelative="0.56" duration="97"/>
    <step time="50700.00" loaded="55865" inserted="51825" running="694" waiting="4040" ended="51131" arrived="51131" collisions="110" teleports="110" halting="6" stopped="0" meanWaitingTime="907.26" meanTravelTime="319.02" meanSpeed="17.25" meanSpeedRelative="0.54" duration="5"/>
    <step time="51000.00" loaded="56620" inserted="52374" running="756" waiting="4246" ended="51618" arrived="51618" collisions="110" teleports="110" halting="5" stopped="0" meanWaitingTime="916.05" meanTravelTime="319.63" meanSpeed="16.45" meanSpeedRelative="0.51" duration="6"/>
    <step time="51300.00" loaded="57350" inserted="52905" running="779" waiting="4445" ended="52126" arrived="52126" collisions="113" teleports="113" halting="11" stopped="0" meanWaitingTime="926.52" meanTravelTime="320.55" meanSpeed="15.83" meanSpeedRelative="0.49" duration="7"/>
    <step time="51600.00" loaded="58094" inserted="53429" running="801" waiting="4665" ended="52628" arrived="52628" collisions="115" teleports="115" halting="7" stopped="0" meanWaitingTime="935.81" meanTravelTime="321.71" meanSpeed="15.62" meanSpeedRelative="0.49" duration="7"/>
    <step time="51900.00" loaded="58819" inserted="53964" running="833" waiting="4855" ended="53131" arrived="53131" collisions="116" teleports="116" halting="6" stopped="0" meanWaitingTime="944.29" meanTravelTime="322.99" meanSpeed="14.68" meanSpeedRelative="0.46" duration="7"/>
    <step time="52200.00" loaded="59515" inserted="54504" running="852" waiting="5011" ended="53652" arrived="53652" collisions="119" teleports="119" halting="9" stopped="0" meanWaitingTime="954.14" meanTravelTime="324.25" meanSpeed="14.49" meanSpeedRelative="0.45" duration="8"/>
    <step time="52500.00" loaded="60204" inserted="55031" running="845" waiting="5173" ended="54186" arrived="54186" collisions="123" teleports="123" halting="5" stopped="0" meanWaitingTime="964.04" meanTravelTime="325.69" meanSpeed="14.43" meanSpeedRelative="0.45" duration="7"/>
    <step time="52800.00" loaded="60944" inserted="55576" running="867" waiting="5368" ended="54709" arrived="54709" collisions="127" teleports="127" halting="11" stopped="0" meanWaitingTime="973.50" meanTravelTime="327.12" meanSpeed="14.01" meanSpeedRelative="0.44" duration="7"/>
    <step time="53100.00" loaded="61699" inserted="56136" running="899" waiting="5563" ended="55237" arrived="55237" collisions="129" teleports="129" halting="14" stopped="0" meanWaitingTime="983.96" meanTravelTime="328.77" meanSpeed="13.69" meanSpeedRelative="0.43" duration="6"/>
    <step time="53400.00" loaded="62434" inserted="56689" running="948" waiting="5745" ended="55741" arrived="55741" collisions="133" teleports="133" halting="16" stopped="0" meanWaitingTime="995.52" meanTravelTime="330.21" meanSpeed="13.16" meanSpeedRelative="0.41" duration="9"/>
    <step time="53700.00" loaded="63135" inserted="57217" running="941" waiting="5918" ended="56276" arrived="56276" collisions="134" teleports="134" halting="11" stopped="0" meanWaitingTime="1006.97" meanTravelTime="331.82" meanSpeed="13.34" meanSpeedRelative="0.42" duration="8"/>
    <step time="54000.00" loaded="63857" inserted="57742" running="936" waiting="6115" ended="56806" arrived="56806" collisions="136" teleports="136" halting="12" stopped="0" meanWaitingTime="1018.12" meanTravelTime="333.48" meanSpeed="12.90" meanSpeedRelative="0.40" duration="90"/>
    <step time="54300.00" loaded="64303" inserted="58165" running="844" waiting="6138" ended="57321" arrived="57321" collisions="137" teleports="137" halting="15" stopped="0" meanWaitingTime="1030.20" meanTravelTime="335.51" meanSpeed="12.81" meanSpeedRelative="0.40" duration="8"/>
    <step time="54600.00" loaded="64801" inserted="58621" running="823" waiting="6180" ended="57798" arrived="57798" collisions="139" teleports="139" halting="8" stopped="0" meanWaitingTime="1041.36" meanTravelTime="337.58" meanSpeed="13.91" meanSpeedRelative="0.43" duration="8"/>
    <step time="54900.00" loaded="65268" inserted="59083" running="811" waiting="6185" ended="58272" arrived="58272" collisions="143" teleports="143" halting="4" stopped="0" meanWaitingTime="1054.19" meanTravelTime="338.99" meanSpeed="14.66" meanSpeedRelative="0.46" duration="6"/>
    <step time="55200.00" loaded="65736" inserted="59551" running="792" waiting="6185" ended="58759" arrived="58759" collisions="146" teleports="146" halting="23" stopped="0" meanWaitingTime="1067.82" meanTravelTime="340.57" meanSpeed="14.47" meanSpeedRelative="0.45" duration="6"/>
    <step time="55500.00" loaded="66184" inserted="60006" running="735" waiting="6178" ended="59271" arrived="59271" collisions="152" teleports="152" halting="11" stopped="0" meanWaitingTime="1081.19" meanTravelTime="341.92" meanSpeed="15.30" meanSpeedRelative="0.48" duration="6"/>
    <step time="55800.00" loaded="66672" inserted="60495" running="740" waiting="6177" ended="59755" arrived="59755" collisions="156" teleports="156" halting="6" stopped="0" meanWaitingTime="1095.27" meanTravelTime="342.79" meanSpeed="14.97" meanSpeedRelative="0.47" duration="6"/>
    <step time="56100.00" loaded="67102" inserted="60938" running="716" waiting="6164" ended="60222" arrived="60222" collisions="162" teleports="162" halting="7" stopped="0" meanWaitingTime="1108.67" meanTravelTime="343.98" meanSpeed="15.57" meanSpeedRelative="0.49" duration="7"/>
    <step time="56400.00" loaded="67548" inserted="61398" running="723" waiting="6150" ended="60675" arrived="60675" collisions="163" teleports="163" halting="11" stopped="0" meanWaitingTime="1122.64" meanTravelTime="344.89" meanSpeed="16.28" meanSpeedRelative="0.51" duration="8"/>
    <step time="56700.00" loaded="67999" inserted="61842" running="698" waiting="6157" ended="61144" arrived="61144" collisions="164" teleports="164" halting="9" stopped="0" meanWaitingTime="1137.15" meanTravelTime="345.76" meanSpeed="16.49" meanSpeedRelative="0.52" duration="7"/>
    <step time="57000.00" loaded="68441" inserted="62296" running="677" waiting="6145" ended="61619" arrived="61619" collisions="166" teleports="166" halting="3" stopped="0" meanWaitingTime="1152.35" meanTravelTime="346.51" meanSpeed="16.95" meanSpeedRelative="0.53" duration="7"/>
    <step time="57300.00" loaded="68887" inserted="62753" running="650" waiting="6134" ended="62103" arrived="62103" collisions="167" teleports="167" halting="4" stopped="0" meanWaitingTime="1167.30" meanTravelTime="347.45" meanSpeed="16.41" meanSpeedRelative="0.51" duration="8"/>
    <step time="57600.00" loaded="69318" inserted="63194" running="641" waiting="6124" ended="62553" arrived="62553" collisions="169" teleports="169" halting="5" stopped="0" meanWaitingTime="1182.26" meanTravelTime="348.15" meanSpeed="16.95" meanSpeedRelative="0.53" duration="84"/>
    <step time="57900.00" loaded="69840" inserted="63699" running="697" waiting="6141" ended="63002" arrived="63002" collisions="170" teleports="170" halting="3" stopped="0" meanWaitingTime="1197.45" meanTravelTime="348.79" meanSpeed="16.04" meanSpeedRelative="0.50" duration="6"/>
    <step time="58200.00" loaded="70444" inserted="64207" running="725" waiting="6237" ended="63482" arrived="63482" collisions="171" teleports="171" halting="3" stopped="0" meanWaitingTime="1212.32" meanTravelTime="349.44" meanSpeed="16.30" meanSpeedRelative="0.51" duration="8"/>
    <step time="58500.00" loaded="70967" inserted="64695" running="715" waiting="6272" ended="63980" arrived="63980" collisions="173" teleports="173" halting="5" stopped="0" meanWaitingTime="1226.31" meanTravelTime="349.93" meanSpeed="16.33" meanSpeedRelative="0.51" duration="7"/>
    <step time="58800.00" loaded="71548" inserted="65228" running="775" waiting="6320" ended="64453" arrived="64453" collisions="174" teleports="174" halting="9" stopped="0" meanWaitingTime="1241.40" meanTravelTime="350.54" meanSpeed="15.26" meanSpeedRelative="0.48" duration="9"/>
    <step time="59100.00" loaded="72121" inserted="65731" running="775" waiting="6390" ended="64956" arrived="64956" collisions="178" teleports="178" halting="3" stopped="0" meanWaitingTime="1256.30" meanTravelTime="351.26" meanSpeed="15.89" meanSpeedRelative="0.50" duration="9"/>
    <step time="59400.00" loaded="72638" inserted="66207" running="758" waiting="6431" ended="65449" arrived="65449" collisions="180" teleports="180" halting="10" stopped="0" meanWaitingTime="1271.67" meanTravelTime="351.90" meanSpeed="15.52" meanSpeedRelative="0.49" duration="6"/>
    <step time="59700.00" loaded="73209" inserted="66729" running="775" waiting="6480" ended="65954" arrived="65954" collisions="182" teleports="182" halting="3" stopped="0" meanWaitingTime="1286.29" meanTravelTime="352.58" meanSpeed="15.53" meanSpeedRelative="0.49" duration="9"/>
    <step time="60000.00" loaded="73773" inserted="67225" running="748" waiting="6548" ended="66477" arrived="66477" collisions="182" teleports="182" halting="6" stopped="0" meanWaitingTime="1299.37" meanTravelTime="353.56" meanSpeed="15.92" meanSpeedRelative="0.50" duration="5"/>
    <step time="60300.00" loaded="74323" inserted="67727" running="764" waiting="6596" ended="66963" arrived="66963" collisions="187" teleports="187" halting="7" stopped="0" meanWaitingTime="1313.92" meanTravelTime="354.22" meanSpeed="15.37" meanSpeedRelative="0.48" duration="7"/>
    <step time="60600.00" loaded="74895" inserted="68230" running="789" waiting="6665" ended="67441" arrived="67441" collisions="190" teleports="190" halting="4" stopped="0" meanWaitingTime="1327.96" meanTravelTime="354.87" meanSpeed="15.44" meanSpeedRelative="0.48" duration="8"/>
    <step time="60900.00" loaded="75501" inserted="68743" running="789" waiting="6758" ended="67954" arrived="67954" collisions="191" teleports="191" halting="7" stopped="0" meanWaitingTime="1342.36" meanTravelTime="355.80" meanSpeed="14.95" meanSpeedRelative="0.47" duration="8"/>
    <step time="61200.00" loaded="76060" inserted="69212" running="768" waiting="6848" ended="68444" arrived="68444" collisions="192" teleports="192" halting="8" stopped="0" meanWaitingTime="1356.82" meanTravelTime="356.70" meanSpeed="15.47" meanSpeedRelative="0.48" duration="85"/>
    <step time="61500.00" loaded="76135" inserted="69532" running="629" waiting="6603" ended="68903" arrived="68903" collisions="192" teleports="192" halting="4" stopped="0" meanWaitingTime="1372.42" meanTravelTime="357.74" meanSpeed="15.99" meanSpeedRelative="0.50" duration="7"/>
    <step time="61800.00" loaded="76210" inserted="69888" running="562" waiting="6322" ended="69326" arrived="69326" collisions="193" teleports="193" halting="2" stopped="0" meanWaitingTime="1390.69" meanTravelTime="358.89" meanSpeed="16.85" meanSpeedRelative="0.53" duration="5"/>
    <step time="62100.00" loaded="76301" inserted="70246" running="515" waiting="6055" ended="69731" arrived="69731" collisions="195" teleports="195" halting="5" stopped="0" meanWaitingTime="1409.64" meanTravelTime="359.54" meanSpeed="18.01" meanSpeedRelative="0.56" duration="4"/>
    <step time="62400.00" loaded="76371" inserted="70597" running="471" waiting="5774" ended="70126" arrived="70126" collisions="196" teleports="196" halting="4" stopped="0" meanWaitingTime="1428.97" meanTravelTime="360.05" meanSpeed="18.06" meanSpeedRelative="0.56" duration="4"/>
    <step time="62700.00" loaded="76439" inserted="70961" running="479" waiting="5478" ended="70482" arrived="70482" collisions="197" teleports="197" halting="5" stopped="0" meanWaitingTime="1447.90" meanTravelTime="360.27" meanSpeed="18.26" meanSpeedRelative="0.57" duration="5"/>
    <step time="63000.00" loaded="76522" inserted="71326" running="464" waiting="5196" ended="70862" arrived="70862" collisions="198" teleports="198" halting="3" stopped="0" meanWaitingTime="1466.76" meanTravelTime="360.51" meanSpeed="18.35" meanSpeedRelative="0.57" duration="4"/>
    <step time="63300.00" loaded="76590" inserted="71625" running="411" waiting="4965" ended="71214" arrived="71214" collisions="198" teleports="198" halting="2" stopped="0" meanWaitingTime="1483.07" meanTravelTime="360.69" meanSpeed="20.48" meanSpeedRelative="0.64" duration="4"/>
    <step time="63600.00" loaded="76660" inserted="71892" running="325" waiting="4768" ended="71567" arrived="71567" collisions="199" teleports="199" halting="3" stopped="0" meanWaitingTime="1497.99" meanTravelTime="360.82" meanSpeed="22.28" meanSpeedRelative="0.70" duration="3"/>
    <step time="63900.00" loaded="76731" inserted="72130" running="266" waiting="4601" ended="71864" arrived="71864" collisions="199" teleports="199" halting="8" stopped="0" meanWaitingTime="1513.60" meanTravelTime="360.95" meanSpeed="22.12" meanSpeedRelative="0.69" duration="3"/>
    <step time="64200.00" loaded="76800" inserted="72389" running="248" waiting="4411" ended="72141" arrived="72141" collisions="199" teleports="199" halting="1" stopped="0" meanWaitingTime="1533.28" meanTravelTime="360.85" meanSpeed="23.01" meanSpeedRelative="0.72" duration="2"/>
    <step time="64500.00" loaded="76868" inserted="72618" running="227" waiting="4250" ended="72391" arrived="72391" collisions="199" teleports="199" halting="2" stopped="0" meanWaitingTime="1549.96" meanTravelTime="360.59" meanSpeed="22.39" meanSpeedRelative="0.70" duration="2"/>
    <step time="64800.00" loaded="76946" inserted="72864" running="228" waiting="4082" ended="72636" arrived="72636" collisions="200" teleports="200" halting="3" stopped="0" meanWaitingTime="1566.43" meanTravelTime="360.38" meanSpeed="21.79" meanSpeedRelative="0.68" duration="92"/>
    <step time="65100.00" loaded="76997" inserted="73108" running="228" waiting="3889" ended="72880" arrived="72880" collisions="200" teleports="200" halting="5" stopped="0" meanWaitingTime="1584.82" meanTravelTime="360.14" meanSpeed="21.54" meanSpeedRelative="0.67" duration="2"/>
    <step time="65400.00" loaded="77052" inserted="73327" running="218" waiting="3725" ended="73109" arrived="73109" collisions="200" teleports="200" halting="1" stopped="0" meanWaitingTime="1600.86" meanTravelTime="359.92" meanSpeed="21.14" meanSpeedRelative="0.66" duration="2"/>
    <step time="65700.00" loaded="77105" inserted="73553" running="208" waiting="3552" ended="73345" arrived="73345" collisions="200" teleports="200" halting="4" stopped="0" meanWaitingTime="1617.13" meanTravelTime="359.70" meanSpeed="21.38" meanSpeedRelative="0.67" duration="1"/>
    <step time="66000.00" loaded="77151" inserted="73787" running="221" waiting="3364" ended="73566" arrived="73566" collisions="200" teleports="200" halting="3" stopped="0" meanWaitingTime="1633.94" meanTravelTime="359.45" meanSpeed="21.19" meanSpeedRelative="0.66" duration="2"/>
    <step time="66300.00" loaded="77196" inserted="74025" running="222" waiting="3171" ended="73803" arrived="73803" collisions="200" teleports="200" halting="6" stopped="0" meanWaitingTime="1649.46" meanTravelTime="359.19" meanSpeed="21.37" meanSpeedRelative="0.67" duration="2"/>
    <step time="66600.00" loaded="77259" inserted="74216" running="178" waiting="3043" ended="74038" arrived="74038" collisions="200" teleports="200" halting="1" stopped="0" meanWaitingTime="1662.44" meanTravelTime="358.93" meanSpeed="21.84" meanSpeedRelative="0.68" duration="2"/>
    <step time="66900.00" loaded="77304" inserted="74391" running="143" waiting="2913" ended="74248" arrived="74248" collisions="200" teleports="200" halting="4" stopped="0" meanWaitingTime="1677.53" meanTravelTime="358.68" meanSpeed="22.13" meanSpeedRelative="0.69" duration="1"/>
    <step time="67200.00" loaded="77358" inserted="74567" running="136" waiting="2791" ended="74431" arrived="74431" collisions="200" teleports="200" halting="5" stopped="0" meanWaitingTime="1691.52" meanTravelTime="358.40" meanSpeed="21.20" meanSpeedRelative="0.66" duration="1"/>
    <step time="67500.00" loaded="77414" inserted="74756" running="141" waiting="2658" ended="74615" arrived="74615" collisions="200" teleports="200" halting="8" stopped="0" meanWaitingTime="1706.41" meanTravelTime="358.08" meanSpeed="20.89" meanSpeedRelative="0.65" duration="2"/>
    <step time="67800.00" loaded="77465" inserted="74956" running="151" waiting="2509" ended="74805" arrived="74805" collisions="201" teleports="201" halting="2" stopped="0" meanWaitingTime="1722.25" meanTravelTime="357.75" meanSpeed="22.32" meanSpeedRelative="0.70" duration="1"/>
    <step time="68100.00" loaded="77519" inserted="75134" running="136" waiting="2385" ended="74998" arrived="74998" collisions="201" teleports="201" halting="5" stopped="0" meanWaitingTime="1735.63" meanTravelTime="357.36" meanSpeed="21.49" meanSpeedRelative="0.67" duration="1"/>
    <step time="68400.00" loaded="77584" inserted="75333" running="154" waiting="2251" ended="75179" arrived="75179" collisions="201" teleports="201" halting="3" stopped="0" meanWaitingTime="1749.68" meanTravelTime="357.11" meanSpeed="21.74" meanSpeedRelative="0.68" duration="90"/>
    <step time="68700.00" loaded="77759" inserted="75587" running="190" waiting="2172" ended="75397" arrived="75397" collisions="201" teleports="201" halting="2" stopped="0" meanWaitingTime="1758.98" meanTravelTime="356.70" meanSpeed="22.52" meanSpeedRelative="0.70" duration="2"/>
    <step time="69000.00" loaded="77921" inserted="75821" running="203" waiting="2100" ended="75618" arrived="75618" collisions="201" teleports="201" halting="4" stopped="0" meanWaitingTime="1766.41" meanTravelTime="356.33" meanSpeed="22.36" meanSpeedRelative="0.70" duration="1"/>
    <step time="69300.00" loaded="78083" inserted="76043" running="183" waiting="2040" ended="75860" arrived="75860" collisions="201" teleports="201" halting="7" stopped="0" meanWaitingTime="1773.15" meanTravelTime="355.98" meanSpeed="22.10" meanSpeedRelative="0.69" duration="1"/>
    <step time="69600.00" loaded="78248" inserted="76210" running="160" waiting="2038" ended="76050" arrived="76050" collisions="201" teleports="201" halting="5" stopped="0" meanWaitingTime="1776.85" meanTravelTime="355.81" meanSpeed="21.57" meanSpeedRelative="0.67" duration="1"/>
    <step time="69900.00" loaded="78390" inserted="76363" running="161" waiting="2027" ended="76202" arrived="76202" collisions="202" teleports="202" halting="2" stopped="0" meanWaitingTime="1780.80" meanTravelTime="355.69" meanSpeed="22.52" meanSpeedRelative="0.70" duration="1"/>
    <step time="70200.00" loaded="78546" inserted="76535" running="180" waiting="2011" ended="76355" arrived="76355" collisions="202" teleports="202" halting="6" stopped="0" meanWaitingTime="1785.06" meanTravelTime="355.59" meanSpeed="23.22" meanSpeedRelative="0.73" duration="1"/>
    <step time="70500.00" loaded="78695" inserted="76695" running="166" waiting="2000" ended="76529" arrived="76529" collisions="202" teleports="202" halting="7" stopped="0" meanWaitingTime="1789.39" meanTravelTime="355.49" meanSpeed="21.99" meanSpeedRelative="0.69" duration="1"/>
    <step time="70800.00" loaded="78855" inserted="76876" running="177" waiting="1979" ended="76699" arrived="76699" collisions="202" teleports="202" halting="0" stopped="0" meanWaitingTime="1793.33" meanTravelTime="355.32" meanSpeed="22.81" meanSpeedRelative="0.71" duration="2"/>
    <step time="71100.00" loaded="79026" inserted="77055" running="169" waiting="1971" ended="76886" arrived="76886" collisions="202" teleports="202" halting="5" stopped="0" meanWaitingTime="1797.77" meanTravelTime="355.18" meanSpeed="23.20" meanSpeedRelative="0.73" duration="1"/>
    <step time="71400.00" loaded="79173" inserted="77214" running="160" waiting="1959" ended="77054" arrived="77054" collisions="202" teleports="202" halting="8" stopped="0" meanWaitingTime="1801.76" meanTravelTime="355.07" meanSpeed="22.58" meanSpeedRelative="0.71" duration="1"/>
    <step time="71700.00" loaded="79319" inserted="77363" running="152" waiting="1956" ended="77211" arrived="77211" collisions="202" teleports="202" halting="5" stopped="0" meanWaitingTime="1805.75" meanTravelTime="354.99" meanSpeed="22.61" meanSpeedRelative="0.71" duration="1"/>
    <step time="72000.00" loaded="79487" inserted="77545" running="160" waiting="1942" ended="77385" arrived="77385" collisions="202" teleports="202" halting="2" stopped="0" meanWaitingTime="1809.41" meanTravelTime="354.82" meanSpeed="22.85" meanSpeedRelative="0.71" duration="84"/>
    <step time="72300.00" loaded="79627" inserted="77694" running="147" waiting="1933" ended="77547" arrived="77547" collisions="202" teleports="202" halting="7" stopped="0" meanWaitingTime="1814.62" meanTravelTime="354.72" meanSpeed="23.01" meanSpeedRelative="0.72" duration="2"/>
    <step time="72600.00" loaded="79752" inserted="77843" running="135" waiting="1909" ended="77708" arrived="77708" collisions="202" teleports="202" halting="5" stopped="0" meanWaitingTime="1819.92" meanTravelTime="354.55" meanSpeed="21.98" meanSpeedRelative="0.69" duration="1"/>
    <step time="72900.00" loaded="79881" inserted="77987" running="146" waiting="1894" ended="77841" arrived="77841" collisions="203" teleports="203" halting="4" stopped="0" meanWaitingTime="1824.38" meanTravelTime="354.42" meanSpeed="23.04" meanSpeedRelative="0.72" duration="1"/>
    <step time="73200.00" loaded="80006" inserted="78133" running="142" waiting="1873" ended="77991" arrived="77991" collisions="204" teleports="204" halting="4" stopped="0" meanWaitingTime="1829.44" meanTravelTime="354.30" meanSpeed="22.16" meanSpeedRelative="0.69" duration="1"/>
    <step time="73500.00" loaded="80130" inserted="78281" running="162" waiting="1849" ended="78119" arrived="78119" collisions="204" teleports="204" halting="6" stopped="0" meanWaitingTime="1834.35" meanTravelTime="354.20" meanSpeed="22.32" meanSpeedRelative="0.70" duration="1"/>
    <step time="73800.00" loaded="80280" inserted="78445" running="157" waiting="1835" ended="78288" arrived="78288" collisions="204" teleports="204" halting="2" stopped="0" meanWaitingTime="1838.95" meanTravelTime="354.04" meanSpeed="23.12" meanSpeedRelative="0.72" duration="1"/>
    <step time="74100.00" loaded="80395" inserted="78572" running="135" waiting="1823" ended="78437" arrived="78437" collisions="204" teleports="204" halting="2" stopped="0" meanWaitingTime="1844.52" meanTravelTime="353.98" meanSpeed="21.40" meanSpeedRelative="0.67" duration="1"/>
    <step time="74400.00" loaded="80540" inserted="78728" running="150" waiting="1812" ended="78578" arrived="78578" collisions="204" teleports="204" halting="6" stopped="0" meanWaitingTime="1850.07" meanTravelTime="353.94" meanSpeed="22.59" meanSpeedRelative="0.71" duration="1"/>
    <step time="74700.00" loaded="80672" inserted="78873" running="146" waiting="1799" ended="78727" arrived="78727" collisions="205" teleports="205" halting="9" stopped="0" meanWaitingTime="1855.38" meanTravelTime="353.82" meanSpeed="21.50" meanSpeedRelative="0.67" duration="1"/>
    <step time="75000.00" loaded="80803" inserted="79012" running="137" waiting="1791" ended="78875" arrived="78875" collisions="205" teleports="205" halting="1" stopped="0" meanWaitingTime="1861.13" meanTravelTime="353.71" meanSpeed="23.27" meanSpeedRelative="0.73" duration="1"/>
    <step time="75300.00" loaded="80909" inserted="79143" running="139" waiting="1766" ended="79004" arrived="79004" collisions="205" teleports="205" halting="5" stopped="0" meanWaitingTime="1867.52" meanTravelTime="353.66" meanSpeed="21.61" meanSpeedRelative="0.68" duration="1"/>
    <step time="75600.00" loaded="81038" inserted="79298" running="135" waiting="1740" ended="79163" arrived="79163" collisions="205" teleports="205" halting="6" stopped="0" meanWaitingTime="1873.08" meanTravelTime="353.51" meanSpeed="21.47" meanSpeedRelative="0.67" duration="84"/>
    <step time="75900.00" loaded="81220" inserted="79478" running="159" waiting="1742" ended="79319" arrived="79319" collisions="205" teleports="205" halting="2" stopped="0" meanWaitingTime="1877.71" meanTravelTime="353.34" meanSpeed="23.16" meanSpeedRelative="0.72" duration="1"/>
    <step time="76200.00" loaded="81389" inserted="79658" running="159" waiting="1731" ended="79499" arrived="79499" collisions="205" teleports="205" halting="3" stopped="0" meanWaitingTime="1883.44" meanTravelTime="353.15" meanSpeed="23.26" meanSpeedRelative="0.73" duration="1"/>
    <step time="76500.00" loaded="81604" inserted="79887" running="199" waiting="1717" ended="79688" arrived="79688" collisions="205" teleports="205" halting="4" stopped="0" meanWaitingTime="1888.94" meanTravelTime="352.93" meanSpeed="23.15" meanSpeedRelative="0.72" duration="2"/>
    <step time="76800.00" loaded="81823" inserted="80117" running="228" waiting="1706" ended="79889" arrived="79889" collisions="206" teleports="206" halting="0" stopped="0" meanWaitingTime="1893.64" meanTravelTime="352.72" meanSpeed="22.98" meanSpeedRelative="0.72" duration="2"/>
    <step time="77100.00" loaded="82016" inserted="80320" running="215" waiting="1696" ended="80105" arrived="80105" collisions="206" teleports="206" halting="6" stopped="0" meanWaitingTime="1899.51" meanTravelTime="352.55" meanSpeed="22.99" meanSpeedRelative="0.72" duration="2"/>
    <step time="77400.00" loaded="82205" inserted="80514" running="192" waiting="1691" ended="80322" arrived="80322" collisions="206" teleports="206" halting="8" stopped="0" meanWaitingTime="1905.21" meanTravelTime="352.35" meanSpeed="22.70" meanSpeedRelative="0.71" duration="1"/>
    <step time="77700.00" loaded="82390" inserted="80711" running="186" waiting="1679" ended="80525" arrived="80525" collisions="206" teleports="206" halting="5" stopped="0" meanWaitingTime="1910.73" meanTravelTime="352.22" meanSpeed="22.99" meanSpeedRelative="0.72" duration="1"/>
    <step time="78000.00" loaded="82585" inserted="80922" running="194" waiting="1663" ended="80728" arrived="80728" collisions="206" teleports="206" halting="3" stopped="0" meanWaitingTime="1916.75" meanTravelTime="352.09" meanSpeed="23.16" meanSpeedRelative="0.72" duration="1"/>
    <step time="78300.00" loaded="82779" inserted="81108" running="180" waiting="1671" ended="80928" arrived="80928" collisions="207" teleports="207" halting="4" stopped="0" meanWaitingTime="1922.12" meanTravelTime="351.95" meanSpeed="23.05" meanSpeedRelative="0.72" duration="2"/>
    <step time="78600.00" loaded="82972" inserted="81307" running="181" waiting="1665" ended="81126" arrived="81126" collisions="207" teleports="207" halting="7" stopped="0" meanWaitingTime="1926.33" meanTravelTime="351.80" meanSpeed="22.30" meanSpeedRelative="0.70" duration="1"/>
    <step time="78900.00" loaded="83170" inserted="81506" running="181" waiting="1664" ended="81325" arrived="81325" collisions="207" teleports="207" halting="2" stopped="0" meanWaitingTime="1930.52" meanTravelTime="351.61" meanSpeed="22.64" meanSpeedRelative="0.71" duration="2"/>
    <step time="79200.00" loaded="83359" inserted="81718" running="218" waiting="1641" ended="81500" arrived="81500" collisions="207" teleports="207" halting="3" stopped="0" meanWaitingTime="1934.93" meanTravelTime="351.42" meanSpeed="22.39" meanSpeedRelative="0.70" duration="83"/>
    <step time="79500.00" loaded="83513" inserted="81890" running="181" waiting="1623" ended="81709" arrived="81709" collisions="207" teleports="207" halting="7" stopped="0" meanWaitingTime="1939.36" meanTravelTime="351.32" meanSpeed="22.60" meanSpeedRelative="0.71" duration="1"/>
    <step time="79800.00" loaded="83680" inserted="82066" running="167" waiting="1614" ended="81899" arrived="81899" collisions="207" teleports="207" halting="6" stopped="0" meanWaitingTime="1943.06" meanTravelTime="351.23" meanSpeed="22.40" meanSpeedRelative="0.70" duration="1"/>
    <step time="80100.00" loaded="83851" inserted="82250" running="185" waiting="1601" ended="82065" arrived="82065" collisions="207" teleports="207" halting="2" stopped="0" meanWaitingTime="1947.35" meanTravelTime="351.14" meanSpeed="23.69" meanSpeedRelative="0.74" duration="1"/>
    <step time="80400.00" loaded="84029" inserted="82431" running="186" waiting="1598" ended="82245" arrived="82245" collisions="207" teleports="207" halting="8" stopped="0" meanWaitingTime="1952.28" meanTravelTime="351.01" meanSpeed="22.58" meanSpeedRelative="0.71" duration="1"/>
    <step time="80700.00" loaded="84190" inserted="82614" running="169" waiting="1576" ended="82445" arrived="82445" collisions="207" teleports="207" halting="2" stopped="0" meanWaitingTime="1956.19" meanTravelTime="350.91" meanSpeed="22.72" meanSpeedRelative="0.71" duration="1"/>
    <step time="81000.00" loaded="84362" inserted="82794" running="170" waiting="1568" ended="82624" arrived="82624" collisions="207" teleports="207" halting="2" stopped="0" meanWaitingTime="1960.35" meanTravelTime="350.77" meanSpeed="22.30" meanSpeedRelative="0.70" duration="1"/>
    <step time="81300.00" loaded="84508" inserted="82963" running="167" waiting="1545" ended="82796" arrived="82796" collisions="207" teleports="207" halting="6" stopped="0" meanWaitingTime="1964.66" meanTravelTime="350.68" meanSpeed="23.05" meanSpeedRelative="0.72" duration="2"/>
    <step time="81600.00" loaded="84667" inserted="83138" running="172" waiting="1529" ended="82966" arrived="82966" collisions="208" teleports="208" halting="5" stopped="0" meanWaitingTime="1967.92" meanTravelTime="350.53" meanSpeed="22.79" meanSpeedRelative="0.71" duration="1"/>
    <step time="81900.00" loaded="84836" inserted="83320" running="160" waiting="1516" ended="83160" arrived="83160" collisions="208" teleports="208" halting="4" stopped="0" meanWaitingTime="1971.62" meanTravelTime="350.35" meanSpeed="22.56" meanSpeedRelative="0.70" duration="1"/>
    <step time="82200.00" loaded="85001" inserted="83488" running="161" waiting="1513" ended="83327" arrived="83327" collisions="208" teleports="208" halting="1" stopped="0" meanWaitingTime="1974.38" meanTravelTime="350.18" meanSpeed="23.03" meanSpeedRelative="0.72" duration="1"/>
    <step time="82500.00" loaded="85166" inserted="83650" running="154" waiting="1516" ended="83496" arrived="83496" collisions="208" teleports="208" halting="4" stopped="0" meanWaitingTime="1977.74" meanTravelTime="350.07" meanSpeed="21.99" meanSpeedRelative="0.69" duration="2"/>
</summary>
