<?xml version="1.0" encoding="UTF-8"?>

<!-- generated on 2025-08-08 05:07:12 by Eclipse SUMO sumo Version 1.23.1
<sumoConfiguration xmlns:xsi="http://www.w3.org/2001/XMLSchema-instance" xsi:noNamespaceSchemaLocation="http://sumo.dlr.de/xsd/sumoConfiguration.xsd">

    <input>
        <net-file value="Desktop\Master Thesis\Network_fin.net.xml"/>
        <route-files value="Desktop\Master Thesis\demand_model_amsterdam.rou.xml"/>
        <additional-files value="Desktop\Master Thesis\Additionnal.add.xml"/>
    </input>

    <output>
        <summary-output value="outputf/summary_coor_alinea_2neigh_method2_K80_target5_40036.xml"/>
        <summary-output.period value="300"/>
        <tripinfo-output value="outputf/tripinfo_coor_alinea_2neigh_method2_K80_target5_40036.xml"/>
    </output>

    <time>
        <begin value="0"/>
        <end value="82800"/>
        <step-length value="1"/>
    </time>

    <processing>
        <time-to-teleport value="-1"/>
    </processing>

    <report>
        <verbose value="true"/>
        <no-step-log value="true"/>
    </report>

    <emissions>
        <device.emissions.period value="10"/>
    </emissions>

    <traci_server>
        <remote-port value="50260"/>
    </traci_server>

    <random_number>
        <seed value="40036"/>
    </random_number>

</sumoConfiguration>
-->

<summary xmlns:xsi="http://www.w3.org/2001/XMLSchema-instance" xsi:noNamespaceSchemaLocation="http://sumo.dlr.de/xsd/summary_file.xsd">
    <step time="0.00" loaded="0" inserted="0" running="0" waiting="0" ended="0" arrived="0" collisions="0" teleports="0" halting="0" stopped="0" meanWaitingTime="-1.00" meanTravelTime="-1.00" meanSpeed="-1.00" meanSpeedRelative="-1.00" duration="0"/>
    <step time="300.00" loaded="151" inserted="151" running="90" waiting="0" ended="61" arrived="61" collisions="0" teleports="0" halting="1" stopped="0" meanWaitingTime="0.32" meanTravelTime="101.31" meanSpeed="25.54" meanSpeedRelative="0.80" duration="1"/>
    <step time="600.00" loaded="316" inserted="316" running="132" waiting="0" ended="184" arrived="184" collisions="0" teleports="0" halting="0" stopped="0" meanWaitingTime="0.40" meanTravelTime="156.13" meanSpeed="24.75" meanSpeedRelative="0.77" duration="1"/>
    <step time="900.00" loaded="467" inserted="467" running="140" waiting="0" ended="327" arrived="327" collisions="0" teleports="0" halting="1" stopped="0" meanWaitingTime="0.39" meanTravelTime="185.46" meanSpeed="25.85" meanSpeedRelative="0.81" duration="1"/>
    <step time="1200.00" loaded="643" inserted="643" running="143" waiting="0" ended="500" arrived="500" collisions="0" teleports="0" halting="1" stopped="0" meanWaitingTime="0.34" meanTravelTime="207.11" meanSpeed="26.14" meanSpeedRelative="0.82" duration="1"/>
    <step time="1500.00" loaded="804" inserted="804" running="131" waiting="0" ended="673" arrived="673" collisions="0" teleports="0" halting="1" stopped="0" meanWaitingTime="0.33" meanTravelTime="218.17" meanSpeed="26.17" meanSpeedRelative="0.82" duration="1"/>
    <step time="1800.00" loaded="982" inserted="982" running="145" waiting="0" ended="837" arrived="837" collisions="0" teleports="0" halting="0" stopped="0" meanWaitingTime="0.32" meanTravelTime="223.65" meanSpeed="26.22" meanSpeedRelative="0.82" duration="2"/>
    <step time="2100.00" loaded="1171" inserted="1171" running="160" waiting="0" ended="1011" arrived="1011" collisions="0" teleports="0" halting="2" stopped="0" meanWaitingTime="0.35" meanTravelTime="227.99" meanSpeed="24.67" meanSpeedRelative="0.77" duration="2"/>
    <step time="2400.00" loaded="1348" inserted="1348" running="154" waiting="0" ended="1194" arrived="1194" collisions="0" teleports="0" halting="0" stopped="0" meanWaitingTime="0.37" meanTravelTime="231.94" meanSpeed="24.85" meanSpeedRelative="0.78" duration="2"/>
    <step time="2700.00" loaded="1528" inserted="1528" running="154" waiting="0" ended="1374" arrived="1374" collisions="1" teleports="1" halting="2" stopped="0" meanWaitingTime="0.35" meanTravelTime="235.49" meanSpeed="25.00" meanSpeedRelative="0.78" duration="1"/>
    <step time="3000.00" loaded="1697" inserted="1697" running="148" waiting="0" ended="1549" arrived="1549" collisions="2" teleports="2" halting="0" stopped="0" meanWaitingTime="0.37" meanTravelTime="240.89" meanSpeed="25.62" meanSpeedRelative="0.80" duration="1"/>
    <step time="3300.00" loaded="1861" inserted="1860" running="143" waiting="1" ended="1717" arrived="1717" collisions="2" teleports="2" halting="4" stopped="0" meanWaitingTime="0.40" meanTravelTime="246.70" meanSpeed="24.99" meanSpeedRelative="0.78" duration="1"/>
    <step time="3600.00" loaded="2039" inserted="2039" running="163" waiting="0" ended="1876" arrived="1876" collisions="3" teleports="3" halting="0" stopped="0" meanWaitingTime="0.41" meanTravelTime="247.80" meanSpeed="24.89" meanSpeedRelative="0.78" duration="86"/>
    <step time="3900.00" loaded="2141" inserted="2141" running="112" waiting="0" ended="2029" arrived="2029" collisions="3" teleports="3" halting="0" stopped="0" meanWaitingTime="0.40" meanTravelTime="251.25" meanSpeed="25.94" meanSpeedRelative="0.81" duration="1"/>
    <step time="4200.00" loaded="2263" inserted="2262" running="115" waiting="1" ended="2147" arrived="2147" collisions="3" teleports="3" halting="1" stopped="0" meanWaitingTime="0.39" meanTravelTime="255.43" meanSpeed="25.71" meanSpeedRelative="0.80" duration="1"/>
    <step time="4500.00" loaded="2392" inserted="2391" running="113" waiting="1" ended="2278" arrived="2278" collisions="3" teleports="3" halting="0" stopped="0" meanWaitingTime="0.38" meanTravelTime="255.49" meanSpeed="24.22" meanSpeedRelative="0.76" duration="0"/>
    <step time="4800.00" loaded="2501" inserted="2501" running="84" waiting="0" ended="2417" arrived="2417" collisions="3" teleports="3" halting="0" stopped="0" meanWaitingTime="0.37" meanTravelTime="257.29" meanSpeed="25.22" meanSpeedRelative="0.79" duration="0"/>
    <step time="5100.00" loaded="2609" inserted="2609" running="89" waiting="0" ended="2520" arrived="2520" collisions="3" teleports="3" halting="1" stopped="0" meanWaitingTime="0.37" meanTravelTime="258.12" meanSpeed="25.77" meanSpeedRelative="0.81" duration="1"/>
    <step time="5400.00" loaded="2717" inserted="2717" running="92" waiting="0" ended="2625" arrived="2625" collisions="3" teleports="3" halting="0" stopped="0" meanWaitingTime="0.36" meanTravelTime="257.07" meanSpeed="25.23" meanSpeedRelative="0.79" duration="1"/>
    <step time="5700.00" loaded="2812" inserted="2812" running="95" waiting="0" ended="2717" arrived="2717" collisions="3" teleports="3" halting="0" stopped="0" meanWaitingTime="0.35" meanTravelTime="257.05" meanSpeed="26.03" meanSpeedRelative="0.81" duration="0"/>
    <step time="6000.00" loaded="2916" inserted="2916" running="80" waiting="0" ended="2836" arrived="2836" collisions="3" teleports="3" halting="1" stopped="0" meanWaitingTime="0.35" meanTravelTime="257.85" meanSpeed="26.33" meanSpeedRelative="0.82" duration="1"/>
    <step time="6300.00" loaded="3017" inserted="3017" running="79" waiting="0" ended="2938" arrived="2938" collisions="3" teleports="3" halting="0" stopped="0" meanWaitingTime="0.35" meanTravelTime="258.00" meanSpeed="25.69" meanSpeedRelative="0.80" duration="0"/>
    <step time="6600.00" loaded="3130" inserted="3130" running="87" waiting="0" ended="3043" arrived="3043" collisions="3" teleports="3" halting="1" stopped="0" meanWaitingTime="0.34" meanTravelTime="257.14" meanSpeed="26.31" meanSpeedRelative="0.82" duration="0"/>
    <step time="6900.00" loaded="3228" inserted="3228" running="93" waiting="0" ended="3135" arrived="3135" collisions="4" teleports="4" halting="1" stopped="0" meanWaitingTime="0.34" meanTravelTime="256.43" meanSpeed="25.84" meanSpeedRelative="0.81" duration="1"/>
    <step time="7200.00" loaded="3341" inserted="3341" running="102" waiting="0" ended="3239" arrived="3239" collisions="4" teleports="4" halting="1" stopped="0" meanWaitingTime="0.33" meanTravelTime="256.78" meanSpeed="26.14" meanSpeedRelative="0.82" duration="86"/>
    <step time="7500.00" loaded="3502" inserted="3501" running="140" waiting="1" ended="3361" arrived="3361" collisions="4" teleports="4" halting="2" stopped="0" meanWaitingTime="0.35" meanTravelTime="255.61" meanSpeed="24.98" meanSpeedRelative="0.78" duration="0"/>
    <step time="7800.00" loaded="3651" inserted="3641" running="121" waiting="10" ended="3520" arrived="3520" collisions="4" teleports="4" halting="2" stopped="0" meanWaitingTime="0.68" meanTravelTime="256.98" meanSpeed="24.47" meanSpeedRelative="0.76" duration="1"/>
    <step time="8100.00" loaded="3809" inserted="3792" running="138" waiting="17" ended="3654" arrived="3654" collisions="4" teleports="4" halting="1" stopped="0" meanWaitingTime="1.57" meanTravelTime="257.66" meanSpeed="23.95" meanSpeedRelative="0.75" duration="1"/>
    <step time="8400.00" loaded="3951" inserted="3941" running="131" waiting="10" ended="3810" arrived="3810" collisions="4" teleports="4" halting="2" stopped="0" meanWaitingTime="2.47" meanTravelTime="258.01" meanSpeed="24.68" meanSpeedRelative="0.77" duration="1"/>
    <step time="8700.00" loaded="4105" inserted="4087" running="127" waiting="18" ended="3960" arrived="3960" collisions="4" teleports="4" halting="0" stopped="0" meanWaitingTime="3.18" meanTravelTime="257.78" meanSpeed="24.30" meanSpeedRelative="0.76" duration="1"/>
    <step time="9000.00" loaded="4274" inserted="4260" running="140" waiting="14" ended="4120" arrived="4120" collisions="4" teleports="4" halting="2" stopped="0" meanWaitingTime="4.35" meanTravelTime="257.42" meanSpeed="23.84" meanSpeedRelative="0.74" duration="0"/>
    <step time="9300.00" loaded="4408" inserted="4386" running="117" waiting="22" ended="4269" arrived="4269" collisions="4" teleports="4" halting="4" stopped="0" meanWaitingTime="5.15" meanTravelTime="257.18" meanSpeed="23.81" meanSpeedRelative="0.74" duration="0"/>
    <step time="9600.00" loaded="4552" inserted="4522" running="116" waiting="30" ended="4406" arrived="4406" collisions="4" teleports="4" halting="1" stopped="0" meanWaitingTime="6.16" meanTravelTime="257.44" meanSpeed="24.29" meanSpeedRelative="0.76" duration="0"/>
    <step time="9900.00" loaded="4736" inserted="4701" running="147" waiting="35" ended="4554" arrived="4554" collisions="4" teleports="4" halting="2" stopped="0" meanWaitingTime="7.73" meanTravelTime="256.97" meanSpeed="24.68" meanSpeedRelative="0.77" duration="1"/>
    <step time="10200.00" loaded="4874" inserted="4831" running="127" waiting="43" ended="4704" arrived="4704" collisions="4" teleports="4" halting="4" stopped="0" meanWaitingTime="9.36" meanTravelTime="257.78" meanSpeed="24.21" meanSpeedRelative="0.76" duration="1"/>
    <step time="10500.00" loaded="5032" inserted="4983" running="140" waiting="49" ended="4843" arrived="4843" collisions="4" teleports="4" halting="1" stopped="0" meanWaitingTime="11.41" meanTravelTime="257.76" meanSpeed="24.20" meanSpeedRelative="0.76" duration="1"/>
    <step time="10800.00" loaded="5199" inserted="5146" running="142" waiting="53" ended="5004" arrived="5004" collisions="4" teleports="4" halting="1" stopped="0" meanWaitingTime="13.72" meanTravelTime="259.05" meanSpeed="23.88" meanSpeedRelative="0.75" duration="87"/>
    <step time="11100.00" loaded="5363" inserted="5303" running="161" waiting="60" ended="5142" arrived="5142" collisions="4" teleports="4" halting="5" stopped="0" meanWaitingTime="16.02" meanTravelTime="258.89" meanSpeed="23.81" meanSpeedRelative="0.74" duration="1"/>
    <step time="11400.00" loaded="5514" inserted="5453" running="123" waiting="61" ended="5330" arrived="5330" collisions="4" teleports="4" halting="3" stopped="0" meanWaitingTime="18.63" meanTravelTime="259.59" meanSpeed="24.46" meanSpeedRelative="0.76" duration="1"/>
    <step time="11700.00" loaded="5650" inserted="5589" running="133" waiting="61" ended="5456" arrived="5456" collisions="4" teleports="4" halting="3" stopped="0" meanWaitingTime="20.80" meanTravelTime="259.12" meanSpeed="23.91" meanSpeedRelative="0.75" duration="1"/>
    <step time="12000.00" loaded="5797" inserted="5729" running="110" waiting="68" ended="5619" arrived="5619" collisions="4" teleports="4" halting="1" stopped="0" meanWaitingTime="23.60" meanTravelTime="260.02" meanSpeed="23.80" meanSpeedRelative="0.74" duration="1"/>
    <step time="12300.00" loaded="5931" inserted="5861" running="104" waiting="70" ended="5757" arrived="5757" collisions="4" teleports="4" halting="2" stopped="0" meanWaitingTime="26.21" meanTravelTime="259.83" meanSpeed="23.80" meanSpeedRelative="0.74" duration="1"/>
    <step time="12600.00" loaded="6080" inserted="6000" running="102" waiting="80" ended="5898" arrived="5898" collisions="4" teleports="4" halting="0" stopped="0" meanWaitingTime="28.50" meanTravelTime="259.24" meanSpeed="23.88" meanSpeedRelative="0.75" duration="0"/>
    <step time="12900.00" loaded="6207" inserted="6123" running="103" waiting="84" ended="6020" arrived="6020" collisions="4" teleports="4" halting="0" stopped="0" meanWaitingTime="30.98" meanTravelTime="258.74" meanSpeed="24.36" meanSpeedRelative="0.76" duration="1"/>
    <step time="13200.00" loaded="6339" inserted="6258" running="95" waiting="81" ended="6163" arrived="6163" collisions="4" teleports="4" halting="4" stopped="0" meanWaitingTime="33.88" meanTravelTime="258.13" meanSpeed="23.78" meanSpeedRelative="0.74" duration="0"/>
    <step time="13500.00" loaded="6474" inserted="6386" running="105" waiting="88" ended="6281" arrived="6281" collisions="4" teleports="4" halting="0" stopped="0" meanWaitingTime="36.43" meanTravelTime="257.86" meanSpeed="24.77" meanSpeedRelative="0.77" duration="1"/>
    <step time="13800.00" loaded="6631" inserted="6542" running="129" waiting="89" ended="6413" arrived="6413" collisions="4" teleports="4" halting="2" stopped="0" meanWaitingTime="39.43" meanTravelTime="257.67" meanSpeed="23.68" meanSpeedRelative="0.74" duration="1"/>
    <step time="14100.00" loaded="6774" inserted="6681" running="121" waiting="93" ended="6560" arrived="6560" collisions="4" teleports="4" halting="2" stopped="0" meanWaitingTime="42.31" meanTravelTime="257.31" meanSpeed="24.08" meanSpeedRelative="0.75" duration="1"/>
    <step time="14400.00" loaded="6897" inserted="6801" running="102" waiting="96" ended="6699" arrived="6699" collisions="4" teleports="4" halting="4" stopped="0" meanWaitingTime="45.35" meanTravelTime="257.09" meanSpeed="23.69" meanSpeedRelative="0.74" duration="85"/>
    <step time="14700.00" loaded="7011" inserted="6918" running="88" waiting="93" ended="6830" arrived="6830" collisions="4" teleports="4" halting="0" stopped="0" meanWaitingTime="48.23" meanTravelTime="257.06" meanSpeed="23.95" meanSpeedRelative="0.75" duration="1"/>
    <step time="15000.00" loaded="7102" inserted="7005" running="83" waiting="97" ended="6922" arrived="6922" collisions="4" teleports="4" halting="1" stopped="0" meanWaitingTime="51.48" meanTravelTime="257.96" meanSpeed="24.38" meanSpeedRelative="0.76" duration="1"/>
    <step time="15300.00" loaded="7216" inserted="7119" running="82" waiting="97" ended="7037" arrived="7037" collisions="4" teleports="4" halting="3" stopped="0" meanWaitingTime="54.33" meanTravelTime="257.69" meanSpeed="24.40" meanSpeedRelative="0.76" duration="0"/>
    <step time="15600.00" loaded="7309" inserted="7222" running="79" waiting="87" ended="7143" arrived="7143" collisions="4" teleports="4" halting="5" stopped="0" meanWaitingTime="57.35" meanTravelTime="257.63" meanSpeed="25.06" meanSpeedRelative="0.78" duration="0"/>
    <step time="15900.00" loaded="7409" inserted="7318" running="83" waiting="91" ended="7235" arrived="7235" collisions="4" teleports="4" halting="2" stopped="0" meanWaitingTime="59.93" meanTravelTime="257.46" meanSpeed="24.47" meanSpeedRelative="0.76" duration="1"/>
    <step time="16200.00" loaded="7510" inserted="7420" running="76" waiting="90" ended="7344" arrived="7344" collisions="4" teleports="4" halting="3" stopped="0" meanWaitingTime="63.58" meanTravelTime="256.78" meanSpeed="23.47" meanSpeedRelative="0.73" duration="1"/>
    <step time="16500.00" loaded="7629" inserted="7539" running="87" waiting="90" ended="7452" arrived="7452" collisions="4" teleports="4" halting="5" stopped="0" meanWaitingTime="66.41" meanTravelTime="256.50" meanSpeed="24.17" meanSpeedRelative="0.76" duration="0"/>
    <step time="16800.00" loaded="7731" inserted="7645" running="86" waiting="86" ended="7559" arrived="7559" collisions="4" teleports="4" halting="1" stopped="0" meanWaitingTime="68.49" meanTravelTime="255.83" meanSpeed="25.14" meanSpeedRelative="0.79" duration="1"/>
    <step time="17100.00" loaded="7826" inserted="7747" running="83" waiting="79" ended="7664" arrived="7664" collisions="4" teleports="4" halting="2" stopped="0" meanWaitingTime="71.22" meanTravelTime="255.75" meanSpeed="24.76" meanSpeedRelative="0.77" duration="0"/>
    <step time="17400.00" loaded="7923" inserted="7852" running="80" waiting="71" ended="7772" arrived="7772" collisions="4" teleports="4" halting="4" stopped="0" meanWaitingTime="73.96" meanTravelTime="255.62" meanSpeed="23.81" meanSpeedRelative="0.74" duration="0"/>
    <step time="17700.00" loaded="8032" inserted="7961" running="82" waiting="71" ended="7879" arrived="7879" collisions="4" teleports="4" halting="2" stopped="0" meanWaitingTime="76.30" meanTravelTime="255.29" meanSpeed="24.28" meanSpeedRelative="0.76" duration="0"/>
    <step time="18000.00" loaded="8124" inserted="8056" running="72" waiting="68" ended="7984" arrived="7984" collisions="4" teleports="4" halting="0" stopped="0" meanWaitingTime="78.39" meanTravelTime="255.02" meanSpeed="24.71" meanSpeedRelative="0.77" duration="81"/>
    <step time="18300.00" loaded="8325" inserted="8246" running="138" waiting="79" ended="8108" arrived="8108" collisions="4" teleports="4" halting="1" stopped="0" meanWaitingTime="79.61" meanTravelTime="254.07" meanSpeed="25.57" meanSpeedRelative="0.80" duration="1"/>
    <step time="18600.00" loaded="8536" inserted="8451" running="154" waiting="85" ended="8297" arrived="8297" collisions="4" teleports="4" halting="3" stopped="0" meanWaitingTime="80.50" meanTravelTime="253.19" meanSpeed="24.52" meanSpeedRelative="0.77" duration="1"/>
    <step time="18900.00" loaded="8747" inserted="8642" running="167" waiting="105" ended="8475" arrived="8475" collisions="4" teleports="4" halting="1" stopped="0" meanWaitingTime="80.83" meanTravelTime="252.87" meanSpeed="23.75" meanSpeedRelative="0.74" duration="0"/>
    <step time="19200.00" loaded="8951" inserted="8830" running="168" waiting="121" ended="8662" arrived="8662" collisions="4" teleports="4" halting="0" stopped="0" meanWaitingTime="81.76" meanTravelTime="252.77" meanSpeed="24.31" meanSpeedRelative="0.76" duration="1"/>
    <step time="19500.00" loaded="9168" inserted="9033" running="158" waiting="135" ended="8875" arrived="8875" collisions="4" teleports="4" halting="2" stopped="0" meanWaitingTime="82.96" meanTravelTime="252.92" meanSpeed="23.87" meanSpeedRelative="0.75" duration="1"/>
    <step time="19800.00" loaded="9395" inserted="9245" running="159" waiting="150" ended="9086" arrived="9086" collisions="4" teleports="4" halting="2" stopped="0" meanWaitingTime="84.52" meanTravelTime="253.27" meanSpeed="24.43" meanSpeedRelative="0.76" duration="1"/>
    <step time="20100.00" loaded="9575" inserted="9422" running="153" waiting="153" ended="9269" arrived="9269" collisions="4" teleports="4" halting="3" stopped="0" meanWaitingTime="86.22" meanTravelTime="253.16" meanSpeed="24.05" meanSpeedRelative="0.75" duration="1"/>
    <step time="20400.00" loaded="9781" inserted="9607" running="142" waiting="174" ended="9465" arrived="9465" collisions="4" teleports="4" halting="1" stopped="0" meanWaitingTime="88.10" meanTravelTime="252.61" meanSpeed="24.67" meanSpeedRelative="0.77" duration="0"/>
    <step time="20700.00" loaded="9957" inserted="9774" running="138" waiting="183" ended="9636" arrived="9636" collisions="5" teleports="5" halting="3" stopped="0" meanWaitingTime="90.55" meanTravelTime="252.70" meanSpeed="24.23" meanSpeedRelative="0.76" duration="0"/>
    <step time="21000.00" loaded="10149" inserted="9953" running="141" waiting="196" ended="9812" arrived="9812" collisions="5" teleports="5" halting="3" stopped="0" meanWaitingTime="92.67" meanTravelTime="252.72" meanSpeed="24.31" meanSpeedRelative="0.76" duration="0"/>
    <step time="21300.00" loaded="10358" inserted="10144" running="134" waiting="214" ended="10010" arrived="10010" collisions="5" teleports="5" halting="1" stopped="0" meanWaitingTime="94.86" meanTravelTime="252.39" meanSpeed="24.35" meanSpeedRelative="0.76" duration="1"/>
    <step time="21600.00" loaded="10551" inserted="10326" running="146" waiting="225" ended="10180" arrived="10180" collisions="5" teleports="5" halting="1" stopped="0" meanWaitingTime="97.71" meanTravelTime="252.38" meanSpeed="24.53" meanSpeedRelative="0.77" duration="80"/>
    <step time="21900.00" loaded="11030" inserted="10717" running="313" waiting="313" ended="10404" arrived="10404" collisions="5" teleports="5" halting="4" stopped="0" meanWaitingTime="100.96" meanTravelTime="251.26" meanSpeed="22.77" meanSpeedRelative="0.71" duration="2"/>
    <step time="22200.00" loaded="11511" inserted="11123" running="394" waiting="388" ended="10729" arrived="10729" collisions="8" teleports="8" halting="12" stopped="0" meanWaitingTime="106.37" meanTravelTime="251.07" meanSpeed="20.81" meanSpeedRelative="0.65" duration="2"/>
    <step time="22500.00" loaded="11950" inserted="11518" running="408" waiting="432" ended="11110" arrived="11110" collisions="10" teleports="10" halting="6" stopped="0" meanWaitingTime="112.10" meanTravelTime="252.41" meanSpeed="21.32" meanSpeedRelative="0.67" duration="2"/>
    <step time="22800.00" loaded="12394" inserted="11921" running="432" waiting="473" ended="11489" arrived="11489" collisions="12" teleports="12" halting="6" stopped="0" meanWaitingTime="116.65" meanTravelTime="253.88" meanSpeed="20.16" meanSpeedRelative="0.63" duration="3"/>
    <step time="23100.00" loaded="12856" inserted="12310" running="429" waiting="546" ended="11881" arrived="11881" collisions="12" teleports="12" halting="3" stopped="0" meanWaitingTime="121.27" meanTravelTime="256.02" meanSpeed="20.91" meanSpeedRelative="0.65" duration="2"/>
    <step time="23400.00" loaded="13278" inserted="12712" running="458" waiting="566" ended="12254" arrived="12254" collisions="12" teleports="12" halting="2" stopped="0" meanWaitingTime="126.15" meanTravelTime="258.48" meanSpeed="20.32" meanSpeedRelative="0.63" duration="2"/>
    <step time="23700.00" loaded="13743" inserted="13123" running="450" waiting="620" ended="12673" arrived="12673" collisions="12" teleports="12" halting="10" stopped="0" meanWaitingTime="131.88" meanTravelTime="261.32" meanSpeed="19.78" meanSpeedRelative="0.62" duration="2"/>
    <step time="24000.00" loaded="14227" inserted="13523" running="448" waiting="704" ended="13075" arrived="13075" collisions="12" teleports="12" halting="5" stopped="0" meanWaitingTime="138.11" meanTravelTime="263.69" meanSpeed="20.21" meanSpeedRelative="0.63" duration="3"/>
    <step time="24300.00" loaded="14679" inserted="13918" running="441" waiting="761" ended="13477" arrived="13477" collisions="12" teleports="12" halting="4" stopped="0" meanWaitingTime="145.28" meanTravelTime="265.57" meanSpeed="20.90" meanSpeedRelative="0.65" duration="3"/>
    <step time="24600.00" loaded="15124" inserted="14285" running="422" waiting="839" ended="13863" arrived="13863" collisions="12" teleports="12" halting="5" stopped="0" meanWaitingTime="152.37" meanTravelTime="267.80" meanSpeed="19.75" meanSpeedRelative="0.62" duration="2"/>
    <step time="24900.00" loaded="15556" inserted="14685" running="449" waiting="871" ended="14236" arrived="14236" collisions="12" teleports="12" halting="4" stopped="0" meanWaitingTime="161.27" meanTravelTime="269.59" meanSpeed="20.59" meanSpeedRelative="0.64" duration="4"/>
    <step time="25200.00" loaded="16006" inserted="15069" running="411" waiting="937" ended="14658" arrived="14658" collisions="13" teleports="13" halting="6" stopped="0" meanWaitingTime="169.86" meanTravelTime="271.46" meanSpeed="20.41" meanSpeedRelative="0.64" duration="86"/>
    <step time="25500.00" loaded="16546" inserted="15507" running="463" waiting="1039" ended="15044" arrived="15044" collisions="13" teleports="13" halting="4" stopped="0" meanWaitingTime="178.73" meanTravelTime="272.46" meanSpeed="19.56" meanSpeedRelative="0.61" duration="3"/>
    <step time="25800.00" loaded="17073" inserted="15948" running="475" waiting="1125" ended="15473" arrived="15473" collisions="14" teleports="14" halting="7" stopped="0" meanWaitingTime="188.59" meanTravelTime="273.73" meanSpeed="20.23" meanSpeedRelative="0.63" duration="2"/>
    <step time="26100.00" loaded="17635" inserted="16361" running="470" waiting="1274" ended="15891" arrived="15891" collisions="17" teleports="17" halting="7" stopped="0" meanWaitingTime="197.15" meanTravelTime="275.03" meanSpeed="19.95" meanSpeedRelative="0.62" duration="3"/>
    <step time="26400.00" loaded="18180" inserted="16826" running="518" waiting="1354" ended="16308" arrived="16308" collisions="18" teleports="18" halting="2" stopped="0" meanWaitingTime="207.82" meanTravelTime="276.95" meanSpeed="19.11" meanSpeedRelative="0.60" duration="4"/>
    <step time="26700.00" loaded="18738" inserted="17277" running="501" waiting="1461" ended="16776" arrived="16776" collisions="18" teleports="18" halting="10" stopped="0" meanWaitingTime="218.58" meanTravelTime="278.57" meanSpeed="19.49" meanSpeedRelative="0.61" duration="2"/>
    <step time="27000.00" loaded="19300" inserted="17736" running="503" waiting="1564" ended="17233" arrived="17233" collisions="18" teleports="18" halting="6" stopped="0" meanWaitingTime="233.14" meanTravelTime="279.87" meanSpeed="19.15" meanSpeedRelative="0.60" duration="3"/>
    <step time="27300.00" loaded="19864" inserted="18204" running="544" waiting="1660" ended="17660" arrived="17660" collisions="19" teleports="19" halting="7" stopped="0" meanWaitingTime="246.75" meanTravelTime="281.34" meanSpeed="18.23" meanSpeedRelative="0.57" duration="4"/>
    <step time="27600.00" loaded="20413" inserted="18660" running="552" waiting="1753" ended="18108" arrived="18108" collisions="21" teleports="21" halting="7" stopped="0" meanWaitingTime="260.89" meanTravelTime="283.14" meanSpeed="17.95" meanSpeedRelative="0.56" duration="5"/>
    <step time="27900.00" loaded="20968" inserted="19141" running="586" waiting="1827" ended="18555" arrived="18555" collisions="24" teleports="24" halting="10" stopped="0" meanWaitingTime="275.29" meanTravelTime="284.69" meanSpeed="17.26" meanSpeedRelative="0.54" duration="4"/>
    <step time="28200.00" loaded="21530" inserted="19598" running="582" waiting="1932" ended="19016" arrived="19016" collisions="25" teleports="25" halting="5" stopped="0" meanWaitingTime="289.90" meanTravelTime="287.12" meanSpeed="16.88" meanSpeedRelative="0.53" duration="3"/>
    <step time="28500.00" loaded="22085" inserted="20051" running="569" waiting="2034" ended="19482" arrived="19482" collisions="28" teleports="28" halting="4" stopped="0" meanWaitingTime="304.08" meanTravelTime="288.96" meanSpeed="17.36" meanSpeedRelative="0.54" duration="4"/>
    <step time="28800.00" loaded="22600" inserted="20500" running="581" waiting="2100" ended="19919" arrived="19919" collisions="32" teleports="32" halting="11" stopped="0" meanWaitingTime="319.33" meanTravelTime="290.97" meanSpeed="17.66" meanSpeedRelative="0.55" duration="89"/>
    <step time="29100.00" loaded="22963" inserted="20948" running="564" waiting="2015" ended="20384" arrived="20384" collisions="33" teleports="33" halting="6" stopped="0" meanWaitingTime="335.14" meanTravelTime="292.81" meanSpeed="17.10" meanSpeedRelative="0.53" duration="4"/>
    <step time="29400.00" loaded="23302" inserted="21384" running="548" waiting="1918" ended="20836" arrived="20836" collisions="36" teleports="36" halting="5" stopped="0" meanWaitingTime="351.42" meanTravelTime="294.83" meanSpeed="17.30" meanSpeedRelative="0.54" duration="4"/>
    <step time="29700.00" loaded="23662" inserted="21826" running="551" waiting="1836" ended="21275" arrived="21275" collisions="37" teleports="37" halting="4" stopped="0" meanWaitingTime="366.63" meanTravelTime="296.56" meanSpeed="18.34" meanSpeedRelative="0.57" duration="4"/>
    <step time="30000.00" loaded="23987" inserted="22262" running="558" waiting="1725" ended="21704" arrived="21704" collisions="39" teleports="39" halting="6" stopped="0" meanWaitingTime="381.25" meanTravelTime="298.03" meanSpeed="17.42" meanSpeedRelative="0.54" duration="3"/>
    <step time="30300.00" loaded="24374" inserted="22674" running="521" waiting="1700" ended="22153" arrived="22153" collisions="39" teleports="39" halting="11" stopped="0" meanWaitingTime="393.76" meanTravelTime="299.58" meanSpeed="18.09" meanSpeedRelative="0.57" duration="3"/>
    <step time="30600.00" loaded="24754" inserted="23090" running="512" waiting="1664" ended="22578" arrived="22578" collisions="39" teleports="39" halting="3" stopped="0" meanWaitingTime="406.89" meanTravelTime="301.27" meanSpeed="18.24" meanSpeedRelative="0.57" duration="3"/>
    <step time="30900.00" loaded="25138" inserted="23504" running="482" waiting="1634" ended="23022" arrived="23022" collisions="40" teleports="40" halting="5" stopped="0" meanWaitingTime="417.81" meanTravelTime="302.47" meanSpeed="19.24" meanSpeedRelative="0.60" duration="3"/>
    <step time="31200.00" loaded="25486" inserted="23859" running="414" waiting="1627" ended="23445" arrived="23445" collisions="42" teleports="42" halting="6" stopped="0" meanWaitingTime="427.66" meanTravelTime="303.23" meanSpeed="19.48" meanSpeedRelative="0.61" duration="3"/>
    <step time="31500.00" loaded="25802" inserted="24202" running="364" waiting="1600" ended="23838" arrived="23838" collisions="42" teleports="42" halting="4" stopped="0" meanWaitingTime="438.86" meanTravelTime="303.90" meanSpeed="20.83" meanSpeedRelative="0.65" duration="2"/>
    <step time="31800.00" loaded="26180" inserted="24587" running="366" waiting="1593" ended="24221" arrived="24221" collisions="45" teleports="45" halting="5" stopped="0" meanWaitingTime="449.33" meanTravelTime="304.30" meanSpeed="20.64" meanSpeedRelative="0.65" duration="2"/>
    <step time="32100.00" loaded="26561" inserted="24970" running="379" waiting="1591" ended="24591" arrived="24591" collisions="47" teleports="47" halting="9" stopped="0" meanWaitingTime="458.94" meanTravelTime="304.17" meanSpeed="21.23" meanSpeedRelative="0.66" duration="3"/>
    <step time="32400.00" loaded="26911" inserted="25330" running="353" waiting="1581" ended="24977" arrived="24977" collisions="47" teleports="47" halting="7" stopped="0" meanWaitingTime="469.34" meanTravelTime="304.18" meanSpeed="21.55" meanSpeedRelative="0.67" duration="88"/>
    <step time="32700.00" loaded="27178" inserted="25606" running="277" waiting="1572" ended="25329" arrived="25329" collisions="48" teleports="48" halting="5" stopped="0" meanWaitingTime="479.42" meanTravelTime="304.21" meanSpeed="22.59" meanSpeedRelative="0.71" duration="2"/>
    <step time="33000.00" loaded="27452" inserted="25908" running="283" waiting="1544" ended="25625" arrived="25625" collisions="49" teleports="49" halting="4" stopped="0" meanWaitingTime="490.58" meanTravelTime="303.81" meanSpeed="23.04" meanSpeedRelative="0.72" duration="3"/>
    <step time="33300.00" loaded="27680" inserted="26186" running="240" waiting="1494" ended="25946" arrived="25946" collisions="50" teleports="50" halting="6" stopped="0" meanWaitingTime="502.23" meanTravelTime="303.46" meanSpeed="22.36" meanSpeedRelative="0.70" duration="1"/>
    <step time="33600.00" loaded="27956" inserted="26484" running="246" waiting="1472" ended="26238" arrived="26238" collisions="50" teleports="50" halting="2" stopped="0" meanWaitingTime="513.39" meanTravelTime="303.04" meanSpeed="22.68" meanSpeedRelative="0.71" duration="1"/>
    <step time="33900.00" loaded="28196" inserted="26774" running="248" waiting="1422" ended="26526" arrived="26526" collisions="50" teleports="50" halting="5" stopped="0" meanWaitingTime="525.11" meanTravelTime="302.56" meanSpeed="22.92" meanSpeedRelative="0.72" duration="2"/>
    <step time="34200.00" loaded="28458" inserted="27062" running="248" waiting="1396" ended="26814" arrived="26814" collisions="53" teleports="53" halting="8" stopped="0" meanWaitingTime="536.88" meanTravelTime="302.10" meanSpeed="22.88" meanSpeedRelative="0.72" duration="2"/>
    <step time="34500.00" loaded="28708" inserted="27333" running="243" waiting="1375" ended="27090" arrived="27090" collisions="53" teleports="53" halting="4" stopped="0" meanWaitingTime="547.69" meanTravelTime="301.84" meanSpeed="22.50" meanSpeedRelative="0.70" duration="1"/>
    <step time="34800.00" loaded="28979" inserted="27615" running="231" waiting="1364" ended="27384" arrived="27384" collisions="53" teleports="53" halting="4" stopped="0" meanWaitingTime="558.67" meanTravelTime="301.45" meanSpeed="22.56" meanSpeedRelative="0.70" duration="1"/>
    <step time="35100.00" loaded="29249" inserted="27923" running="266" waiting="1326" ended="27657" arrived="27657" collisions="53" teleports="53" halting="7" stopped="0" meanWaitingTime="568.35" meanTravelTime="300.96" meanSpeed="22.27" meanSpeedRelative="0.70" duration="3"/>
    <step time="35400.00" loaded="29502" inserted="28199" running="267" waiting="1303" ended="27932" arrived="27932" collisions="53" teleports="53" halting="2" stopped="0" meanWaitingTime="578.34" meanTravelTime="300.64" meanSpeed="23.57" meanSpeedRelative="0.74" duration="2"/>
    <step time="35700.00" loaded="29765" inserted="28492" running="268" waiting="1273" ended="28224" arrived="28224" collisions="55" teleports="55" halting="4" stopped="0" meanWaitingTime="588.39" meanTravelTime="300.42" meanSpeed="22.30" meanSpeedRelative="0.70" duration="1"/>
    <step time="36000.00" loaded="30017" inserted="28789" running="274" waiting="1228" ended="28515" arrived="28515" collisions="55" teleports="55" halting="3" stopped="0" meanWaitingTime="597.45" meanTravelTime="300.09" meanSpeed="23.15" meanSpeedRelative="0.72" duration="85"/>
    <step time="36300.00" loaded="30491" inserted="29196" running="357" waiting="1295" ended="28839" arrived="28839" collisions="57" teleports="57" halting="3" stopped="0" meanWaitingTime="604.24" meanTravelTime="299.93" meanSpeed="22.13" meanSpeedRelative="0.69" duration="2"/>
    <step time="36600.00" loaded="30946" inserted="29615" running="404" waiting="1331" ended="29211" arrived="29211" collisions="59" teleports="59" halting="4" stopped="0" meanWaitingTime="611.65" meanTravelTime="299.44" meanSpeed="21.28" meanSpeedRelative="0.66" duration="4"/>
    <step time="36900.00" loaded="31421" inserted="30048" running="435" waiting="1373" ended="29613" arrived="29613" collisions="60" teleports="60" halting="6" stopped="0" meanWaitingTime="618.13" meanTravelTime="299.37" meanSpeed="20.45" meanSpeedRelative="0.64" duration="3"/>
    <step time="37200.00" loaded="31881" inserted="30457" running="423" waiting="1424" ended="30034" arrived="30034" collisions="61" teleports="61" halting="8" stopped="0" meanWaitingTime="624.45" meanTravelTime="299.57" meanSpeed="20.91" meanSpeedRelative="0.65" duration="2"/>
    <step time="37500.00" loaded="32349" inserted="30874" running="445" waiting="1475" ended="30429" arrived="30429" collisions="61" teleports="61" halting="12" stopped="0" meanWaitingTime="630.34" meanTravelTime="299.41" meanSpeed="20.50" meanSpeedRelative="0.64" duration="3"/>
    <step time="37800.00" loaded="32804" inserted="31293" running="438" waiting="1511" ended="30855" arrived="30855" collisions="62" teleports="62" halting="1" stopped="0" meanWaitingTime="636.71" meanTravelTime="299.42" meanSpeed="21.23" meanSpeedRelative="0.66" duration="3"/>
    <step time="38100.00" loaded="33279" inserted="31739" running="453" waiting="1540" ended="31286" arrived="31286" collisions="62" teleports="62" halting="2" stopped="0" meanWaitingTime="641.96" meanTravelTime="299.85" meanSpeed="20.80" meanSpeedRelative="0.65" duration="2"/>
    <step time="38400.00" loaded="33775" inserted="32169" running="465" waiting="1606" ended="31704" arrived="31704" collisions="62" teleports="62" halting="9" stopped="0" meanWaitingTime="647.47" meanTravelTime="300.03" meanSpeed="20.81" meanSpeedRelative="0.65" duration="2"/>
    <step time="38700.00" loaded="34208" inserted="32593" running="456" waiting="1615" ended="32137" arrived="32137" collisions="62" teleports="62" halting="7" stopped="0" meanWaitingTime="653.24" meanTravelTime="300.18" meanSpeed="20.13" meanSpeedRelative="0.63" duration="3"/>
    <step time="39000.00" loaded="34649" inserted="33009" running="450" waiting="1640" ended="32559" arrived="32559" collisions="63" teleports="63" halting="5" stopped="0" meanWaitingTime="658.63" meanTravelTime="300.32" meanSpeed="20.03" meanSpeedRelative="0.63" duration="3"/>
    <step time="39300.00" loaded="35132" inserted="33453" running="461" waiting="1679" ended="32992" arrived="32992" collisions="63" teleports="63" halting="1" stopped="0" meanWaitingTime="664.09" meanTravelTime="300.63" meanSpeed="20.43" meanSpeedRelative="0.64" duration="3"/>
    <step time="39600.00" loaded="35587" inserted="33857" running="446" waiting="1730" ended="33411" arrived="33411" collisions="63" teleports="63" halting="5" stopped="0" meanWaitingTime="669.43" meanTravelTime="300.87" meanSpeed="20.71" meanSpeedRelative="0.65" duration="90"/>
    <step time="39900.00" loaded="36087" inserted="34345" running="491" waiting="1742" ended="33854" arrived="33854" collisions="65" teleports="65" halting="6" stopped="0" meanWaitingTime="675.03" meanTravelTime="301.07" meanSpeed="20.01" meanSpeedRelative="0.63" duration="3"/>
    <step time="40200.00" loaded="36638" inserted="34819" running="497" waiting="1819" ended="34322" arrived="34322" collisions="65" teleports="65" halting="5" stopped="0" meanWaitingTime="679.54" meanTravelTime="301.36" meanSpeed="19.13" meanSpeedRelative="0.60" duration="3"/>
    <step time="40500.00" loaded="37157" inserted="35277" running="503" waiting="1880" ended="34774" arrived="34774" collisions="65" teleports="65" halting="8" stopped="0" meanWaitingTime="684.01" meanTravelTime="301.39" meanSpeed="19.68" meanSpeedRelative="0.62" duration="4"/>
    <step time="40800.00" loaded="37627" inserted="35721" running="497" waiting="1906" ended="35224" arrived="35224" collisions="67" teleports="67" halting="11" stopped="0" meanWaitingTime="688.15" meanTravelTime="301.74" meanSpeed="19.49" meanSpeedRelative="0.61" duration="3"/>
    <step time="41100.00" loaded="38129" inserted="36176" running="494" waiting="1953" ended="35682" arrived="35682" collisions="68" teleports="68" halting="2" stopped="0" meanWaitingTime="693.09" meanTravelTime="302.20" meanSpeed="19.94" meanSpeedRelative="0.62" duration="4"/>
    <step time="41400.00" loaded="38655" inserted="36637" running="473" waiting="2018" ended="36164" arrived="36164" collisions="68" teleports="68" halting="4" stopped="0" meanWaitingTime="698.09" meanTravelTime="302.51" meanSpeed="20.44" meanSpeedRelative="0.64" duration="4"/>
    <step time="41700.00" loaded="39208" inserted="37141" running="527" waiting="2067" ended="36614" arrived="36614" collisions="68" teleports="68" halting="9" stopped="0" meanWaitingTime="703.22" meanTravelTime="302.57" meanSpeed="20.43" meanSpeedRelative="0.64" duration="3"/>
    <step time="42000.00" loaded="39679" inserted="37586" running="503" waiting="2093" ended="37083" arrived="37083" collisions="69" teleports="69" halting="3" stopped="0" meanWaitingTime="708.91" meanTravelTime="302.61" meanSpeed="19.17" meanSpeedRelative="0.60" duration="3"/>
    <step time="42300.00" loaded="40194" inserted="38060" running="530" waiting="2134" ended="37530" arrived="37530" collisions="69" teleports="69" halting="5" stopped="0" meanWaitingTime="714.27" meanTravelTime="303.09" meanSpeed="19.41" meanSpeedRelative="0.61" duration="3"/>
    <step time="42600.00" loaded="40713" inserted="38482" running="494" waiting="2231" ended="37988" arrived="37988" collisions="72" teleports="72" halting="4" stopped="0" meanWaitingTime="719.27" meanTravelTime="303.48" meanSpeed="20.32" meanSpeedRelative="0.64" duration="4"/>
    <step time="42900.00" loaded="41227" inserted="38953" running="523" waiting="2274" ended="38430" arrived="38430" collisions="74" teleports="74" halting="3" stopped="0" meanWaitingTime="725.22" meanTravelTime="303.87" meanSpeed="19.45" meanSpeedRelative="0.61" duration="3"/>
    <step time="43200.00" loaded="41782" inserted="39448" running="568" waiting="2334" ended="38880" arrived="38880" collisions="74" teleports="74" halting="2" stopped="0" meanWaitingTime="731.54" meanTravelTime="304.16" meanSpeed="19.06" meanSpeedRelative="0.60" duration="90"/>
    <step time="43500.00" loaded="42304" inserted="39926" running="574" waiting="2378" ended="39352" arrived="39352" collisions="74" teleports="74" halting="6" stopped="0" meanWaitingTime="736.95" meanTravelTime="304.89" meanSpeed="19.16" meanSpeedRelative="0.60" duration="4"/>
    <step time="43800.00" loaded="42895" inserted="40437" running="621" waiting="2458" ended="39816" arrived="39816" collisions="75" teleports="75" halting="11" stopped="0" meanWaitingTime="743.93" meanTravelTime="305.48" meanSpeed="18.45" meanSpeedRelative="0.58" duration="5"/>
    <step time="44100.00" loaded="43448" inserted="40906" running="611" waiting="2542" ended="40295" arrived="40295" collisions="75" teleports="75" halting="7" stopped="0" meanWaitingTime="750.67" meanTravelTime="306.22" meanSpeed="18.78" meanSpeedRelative="0.59" duration="3"/>
    <step time="44400.00" loaded="43981" inserted="41386" running="610" waiting="2595" ended="40776" arrived="40776" collisions="75" teleports="75" halting="4" stopped="0" meanWaitingTime="757.21" meanTravelTime="307.27" meanSpeed="17.79" meanSpeedRelative="0.56" duration="3"/>
    <step time="44700.00" loaded="44535" inserted="41876" running="623" waiting="2659" ended="41253" arrived="41253" collisions="77" teleports="77" halting="8" stopped="0" meanWaitingTime="764.04" meanTravelTime="307.88" meanSpeed="17.45" meanSpeedRelative="0.55" duration="5"/>
    <step time="45000.00" loaded="45057" inserted="42355" running="633" waiting="2702" ended="41722" arrived="41722" collisions="78" teleports="78" halting="6" stopped="0" meanWaitingTime="771.25" meanTravelTime="308.89" meanSpeed="17.85" meanSpeedRelative="0.56" duration="6"/>
    <step time="45300.00" loaded="45604" inserted="42838" running="626" waiting="2766" ended="42212" arrived="42212" collisions="82" teleports="82" halting="7" stopped="0" meanWaitingTime="778.85" meanTravelTime="309.78" meanSpeed="18.05" meanSpeedRelative="0.56" duration="4"/>
    <step time="45600.00" loaded="46122" inserted="43318" running="634" waiting="2804" ended="42684" arrived="42684" collisions="84" teleports="84" halting="4" stopped="0" meanWaitingTime="785.85" meanTravelTime="310.60" meanSpeed="17.85" meanSpeedRelative="0.56" duration="5"/>
    <step time="45900.00" loaded="46659" inserted="43805" running="641" waiting="2854" ended="43164" arrived="43164" collisions="86" teleports="86" halting="4" stopped="0" meanWaitingTime="793.10" meanTravelTime="311.50" meanSpeed="18.15" meanSpeedRelative="0.57" duration="5"/>
    <step time="46200.00" loaded="47193" inserted="44249" running="591" waiting="2944" ended="43658" arrived="43658" collisions="87" teleports="87" halting="9" stopped="0" meanWaitingTime="800.06" meanTravelTime="312.62" meanSpeed="17.73" meanSpeedRelative="0.55" duration="4"/>
    <step time="46500.00" loaded="47716" inserted="44717" running="606" waiting="2999" ended="44111" arrived="44111" collisions="88" teleports="88" halting="3" stopped="0" meanWaitingTime="807.47" meanTravelTime="313.37" meanSpeed="18.70" meanSpeedRelative="0.58" duration="4"/>
    <step time="46800.00" loaded="48213" inserted="45181" running="603" waiting="3032" ended="44578" arrived="44578" collisions="88" teleports="88" halting="4" stopped="0" meanWaitingTime="816.19" meanTravelTime="314.13" meanSpeed="18.03" meanSpeedRelative="0.56" duration="92"/>
    <step time="47100.00" loaded="48769" inserted="45710" running="640" waiting="3059" ended="45070" arrived="45070" collisions="88" teleports="88" halting="6" stopped="0" meanWaitingTime="823.59" meanTravelTime="314.89" meanSpeed="18.13" meanSpeedRelative="0.57" duration="4"/>
    <step time="47400.00" loaded="49312" inserted="46194" running="624" waiting="3118" ended="45570" arrived="45570" collisions="89" teleports="89" halting="6" stopped="0" meanWaitingTime="831.54" meanTravelTime="315.78" meanSpeed="17.51" meanSpeedRelative="0.55" duration="6"/>
    <step time="47700.00" loaded="49829" inserted="46662" running="606" waiting="3167" ended="46056" arrived="46056" collisions="89" teleports="89" halting="6" stopped="0" meanWaitingTime="839.23" meanTravelTime="316.48" meanSpeed="18.03" meanSpeedRelative="0.56" duration="5"/>
    <step time="48000.00" loaded="50345" inserted="47123" running="600" waiting="3222" ended="46523" arrived="46523" collisions="91" teleports="91" halting="12" stopped="0" meanWaitingTime="847.16" meanTravelTime="317.21" meanSpeed="17.61" meanSpeedRelative="0.55" duration="6"/>
    <step time="48300.00" loaded="50853" inserted="47607" running="615" waiting="3246" ended="46992" arrived="46992" collisions="92" teleports="92" halting="12" stopped="0" meanWaitingTime="854.80" meanTravelTime="317.81" meanSpeed="17.52" meanSpeedRelative="0.55" duration="4"/>
    <step time="48600.00" loaded="51408" inserted="48102" running="630" waiting="3306" ended="47472" arrived="47472" collisions="93" teleports="93" halting="2" stopped="0" meanWaitingTime="864.10" meanTravelTime="318.51" meanSpeed="17.40" meanSpeedRelative="0.54" duration="5"/>
    <step time="48900.00" loaded="51928" inserted="48584" running="651" waiting="3344" ended="47933" arrived="47933" collisions="94" teleports="94" halting="5" stopped="0" meanWaitingTime="873.22" meanTravelTime="319.34" meanSpeed="17.32" meanSpeedRelative="0.54" duration="5"/>
    <step time="49200.00" loaded="52505" inserted="49081" running="658" waiting="3424" ended="48423" arrived="48423" collisions="95" teleports="95" halting="8" stopped="0" meanWaitingTime="881.09" meanTravelTime="320.11" meanSpeed="16.41" meanSpeedRelative="0.51" duration="4"/>
    <step time="49500.00" loaded="53027" inserted="49556" running="655" waiting="3471" ended="48901" arrived="48901" collisions="98" teleports="98" halting="7" stopped="0" meanWaitingTime="889.70" meanTravelTime="320.80" meanSpeed="17.28" meanSpeedRelative="0.54" duration="4"/>
    <step time="49800.00" loaded="53540" inserted="50013" running="604" waiting="3527" ended="49409" arrived="49409" collisions="100" teleports="100" halting="9" stopped="0" meanWaitingTime="898.76" meanTravelTime="321.71" meanSpeed="17.64" meanSpeedRelative="0.55" duration="4"/>
    <step time="50100.00" loaded="54058" inserted="50484" running="591" waiting="3574" ended="49893" arrived="49893" collisions="101" teleports="101" halting="4" stopped="0" meanWaitingTime="907.37" meanTravelTime="322.52" meanSpeed="18.29" meanSpeedRelative="0.57" duration="5"/>
    <step time="50400.00" loaded="54606" inserted="50954" running="589" waiting="3652" ended="50365" arrived="50365" collisions="103" teleports="103" halting="8" stopped="0" meanWaitingTime="915.66" meanTravelTime="322.94" meanSpeed="19.07" meanSpeedRelative="0.60" duration="92"/>
    <step time="50700.00" loaded="55336" inserted="51495" running="646" waiting="3841" ended="50849" arrived="50849" collisions="107" teleports="107" halting="12" stopped="0" meanWaitingTime="923.80" meanTravelTime="323.42" meanSpeed="17.09" meanSpeedRelative="0.53" duration="5"/>
    <step time="51000.00" loaded="56013" inserted="52037" running="696" waiting="3976" ended="51341" arrived="51341" collisions="110" teleports="110" halting="8" stopped="0" meanWaitingTime="932.11" meanTravelTime="324.10" meanSpeed="17.15" meanSpeedRelative="0.54" duration="4"/>
    <step time="51300.00" loaded="56768" inserted="52608" running="773" waiting="4160" ended="51835" arrived="51835" collisions="112" teleports="112" halting="10" stopped="0" meanWaitingTime="940.28" meanTravelTime="324.57" meanSpeed="15.44" meanSpeedRelative="0.48" duration="5"/>
    <step time="51600.00" loaded="57519" inserted="53155" running="815" waiting="4364" ended="52340" arrived="52340" collisions="114" teleports="114" halting="8" stopped="0" meanWaitingTime="947.66" meanTravelTime="325.50" meanSpeed="14.86" meanSpeedRelative="0.46" duration="6"/>
    <step time="51900.00" loaded="58236" inserted="53688" running="844" waiting="4548" ended="52844" arrived="52844" collisions="115" teleports="115" halting="15" stopped="0" meanWaitingTime="955.42" meanTravelTime="326.57" meanSpeed="14.67" meanSpeedRelative="0.46" duration="6"/>
    <step time="52200.00" loaded="58964" inserted="54206" running="866" waiting="4758" ended="53340" arrived="53340" collisions="116" teleports="116" halting="11" stopped="0" meanWaitingTime="963.61" meanTravelTime="328.10" meanSpeed="14.22" meanSpeedRelative="0.44" duration="6"/>
    <step time="52500.00" loaded="59673" inserted="54746" running="897" waiting="4927" ended="53849" arrived="53849" collisions="118" teleports="118" halting="9" stopped="0" meanWaitingTime="972.78" meanTravelTime="329.42" meanSpeed="13.39" meanSpeedRelative="0.42" duration="8"/>
    <step time="52800.00" loaded="60419" inserted="55291" running="913" waiting="5128" ended="54378" arrived="54378" collisions="118" teleports="118" halting="6" stopped="0" meanWaitingTime="981.70" meanTravelTime="331.08" meanSpeed="13.57" meanSpeedRelative="0.42" duration="6"/>
    <step time="53100.00" loaded="61104" inserted="55814" running="950" waiting="5290" ended="54864" arrived="54864" collisions="120" teleports="120" halting="17" stopped="0" meanWaitingTime="991.80" meanTravelTime="332.77" meanSpeed="13.05" meanSpeedRelative="0.41" duration="8"/>
    <step time="53400.00" loaded="61839" inserted="56352" running="965" waiting="5487" ended="55387" arrived="55387" collisions="121" teleports="121" halting="13" stopped="0" meanWaitingTime="1001.24" meanTravelTime="334.57" meanSpeed="12.97" meanSpeedRelative="0.41" duration="9"/>
    <step time="53700.00" loaded="62557" inserted="56857" running="931" waiting="5700" ended="55926" arrived="55926" collisions="122" teleports="122" halting="15" stopped="0" meanWaitingTime="1010.70" meanTravelTime="336.60" meanSpeed="13.05" meanSpeedRelative="0.41" duration="8"/>
    <step time="54000.00" loaded="63291" inserted="57391" running="951" waiting="5900" ended="56440" arrived="56440" collisions="125" teleports="125" halting="10" stopped="0" meanWaitingTime="1020.32" meanTravelTime="338.64" meanSpeed="13.50" meanSpeedRelative="0.42" duration="95"/>
    <step time="54300.00" loaded="63723" inserted="57872" running="903" waiting="5851" ended="56969" arrived="56969" collisions="129" teleports="129" halting="13" stopped="0" meanWaitingTime="1032.64" meanTravelTime="340.66" meanSpeed="13.05" meanSpeedRelative="0.41" duration="8"/>
    <step time="54600.00" loaded="64181" inserted="58321" running="850" waiting="5860" ended="57471" arrived="57471" collisions="134" teleports="134" halting="9" stopped="0" meanWaitingTime="1043.91" meanTravelTime="342.52" meanSpeed="13.78" meanSpeedRelative="0.43" duration="8"/>
    <step time="54900.00" loaded="64666" inserted="58784" running="816" waiting="5882" ended="57968" arrived="57968" collisions="134" teleports="134" halting="8" stopped="0" meanWaitingTime="1054.76" meanTravelTime="344.18" meanSpeed="14.70" meanSpeedRelative="0.46" duration="7"/>
    <step time="55200.00" loaded="65098" inserted="59229" running="762" waiting="5869" ended="58467" arrived="58467" collisions="138" teleports="138" halting="5" stopped="0" meanWaitingTime="1067.56" meanTravelTime="345.63" meanSpeed="14.79" meanSpeedRelative="0.46" duration="5"/>
    <step time="55500.00" loaded="65547" inserted="59687" running="727" waiting="5860" ended="58960" arrived="58960" collisions="140" teleports="140" halting="13" stopped="0" meanWaitingTime="1079.62" meanTravelTime="347.21" meanSpeed="15.22" meanSpeedRelative="0.48" duration="6"/>
    <step time="55800.00" loaded="66033" inserted="60165" running="768" waiting="5868" ended="59397" arrived="59397" collisions="141" teleports="141" halting="8" stopped="0" meanWaitingTime="1091.49" meanTravelTime="348.34" meanSpeed="14.80" meanSpeedRelative="0.46" duration="8"/>
    <step time="56100.00" loaded="66492" inserted="60624" running="707" waiting="5868" ended="59917" arrived="59917" collisions="143" teleports="143" halting="8" stopped="0" meanWaitingTime="1104.25" meanTravelTime="349.40" meanSpeed="15.91" meanSpeedRelative="0.50" duration="5"/>
    <step time="56400.00" loaded="66907" inserted="61091" running="671" waiting="5816" ended="60420" arrived="60420" collisions="145" teleports="145" halting="10" stopped="0" meanWaitingTime="1117.60" meanTravelTime="350.19" meanSpeed="15.72" meanSpeedRelative="0.49" duration="7"/>
    <step time="56700.00" loaded="67329" inserted="61551" running="671" waiting="5778" ended="60880" arrived="60880" collisions="147" teleports="147" halting="8" stopped="0" meanWaitingTime="1131.35" meanTravelTime="350.87" meanSpeed="16.04" meanSpeedRelative="0.50" duration="8"/>
    <step time="57000.00" loaded="67793" inserted="62042" running="712" waiting="5751" ended="61330" arrived="61330" collisions="148" teleports="148" halting="5" stopped="0" meanWaitingTime="1145.01" meanTravelTime="351.56" meanSpeed="15.50" meanSpeedRelative="0.48" duration="7"/>
    <step time="57300.00" loaded="68258" inserted="62495" running="688" waiting="5763" ended="61807" arrived="61807" collisions="149" teleports="149" halting="12" stopped="0" meanWaitingTime="1156.53" meanTravelTime="352.33" meanSpeed="15.45" meanSpeedRelative="0.48" duration="9"/>
    <step time="57600.00" loaded="68679" inserted="62934" running="661" waiting="5745" ended="62273" arrived="62273" collisions="150" teleports="150" halting="5" stopped="0" meanWaitingTime="1168.31" meanTravelTime="353.15" meanSpeed="16.11" meanSpeedRelative="0.50" duration="85"/>
    <step time="57900.00" loaded="69256" inserted="63450" running="682" waiting="5806" ended="62768" arrived="62768" collisions="152" teleports="152" halting="4" stopped="0" meanWaitingTime="1180.34" meanTravelTime="353.82" meanSpeed="17.32" meanSpeedRelative="0.54" duration="7"/>
    <step time="58200.00" loaded="69793" inserted="63942" running="709" waiting="5851" ended="63233" arrived="63233" collisions="152" teleports="152" halting="9" stopped="0" meanWaitingTime="1192.97" meanTravelTime="354.11" meanSpeed="16.43" meanSpeedRelative="0.51" duration="6"/>
    <step time="58500.00" loaded="70375" inserted="64430" running="690" waiting="5945" ended="63740" arrived="63740" collisions="154" teleports="154" halting="7" stopped="0" meanWaitingTime="1205.25" meanTravelTime="354.64" meanSpeed="16.74" meanSpeedRelative="0.52" duration="5"/>
    <step time="58800.00" loaded="70921" inserted="64928" running="701" waiting="5993" ended="64227" arrived="64227" collisions="154" teleports="154" halting="4" stopped="0" meanWaitingTime="1218.31" meanTravelTime="355.10" meanSpeed="16.42" meanSpeedRelative="0.51" duration="7"/>
    <step time="59100.00" loaded="71501" inserted="65438" running="719" waiting="6063" ended="64719" arrived="64719" collisions="157" teleports="157" halting="9" stopped="0" meanWaitingTime="1231.58" meanTravelTime="355.64" meanSpeed="16.94" meanSpeedRelative="0.53" duration="5"/>
    <step time="59400.00" loaded="72063" inserted="65926" running="708" waiting="6137" ended="65218" arrived="65218" collisions="157" teleports="157" halting="7" stopped="0" meanWaitingTime="1244.52" meanTravelTime="356.16" meanSpeed="16.89" meanSpeedRelative="0.53" duration="7"/>
    <step time="59700.00" loaded="72594" inserted="66449" running="723" waiting="6145" ended="65726" arrived="65726" collisions="158" teleports="158" halting="5" stopped="0" meanWaitingTime="1258.42" meanTravelTime="356.77" meanSpeed="16.40" meanSpeedRelative="0.51" duration="6"/>
    <step time="60000.00" loaded="73176" inserted="66961" running="711" waiting="6215" ended="66250" arrived="66250" collisions="163" teleports="163" halting="5" stopped="0" meanWaitingTime="1271.55" meanTravelTime="357.30" meanSpeed="17.29" meanSpeedRelative="0.54" duration="8"/>
    <step time="60300.00" loaded="73742" inserted="67440" running="677" waiting="6302" ended="66763" arrived="66763" collisions="164" teleports="164" halting="2" stopped="0" meanWaitingTime="1283.66" meanTravelTime="357.88" meanSpeed="18.16" meanSpeedRelative="0.57" duration="7"/>
    <step time="60600.00" loaded="74309" inserted="67941" running="690" waiting="6368" ended="67251" arrived="67251" collisions="166" teleports="166" halting="8" stopped="0" meanWaitingTime="1296.06" meanTravelTime="358.19" meanSpeed="17.13" meanSpeedRelative="0.54" duration="7"/>
    <step time="60900.00" loaded="74865" inserted="68431" running="682" waiting="6434" ended="67749" arrived="67749" collisions="167" teleports="167" halting="5" stopped="0" meanWaitingTime="1308.66" meanTravelTime="358.74" meanSpeed="16.99" meanSpeedRelative="0.53" duration="8"/>
    <step time="61200.00" loaded="75426" inserted="68920" running="688" waiting="6506" ended="68232" arrived="68232" collisions="168" teleports="168" halting="5" stopped="0" meanWaitingTime="1322.22" meanTravelTime="359.09" meanSpeed="16.84" meanSpeedRelative="0.53" duration="87"/>
    <step time="61500.00" loaded="75496" inserted="69256" running="572" waiting="6240" ended="68684" arrived="68684" collisions="171" teleports="171" halting="8" stopped="0" meanWaitingTime="1338.25" meanTravelTime="359.67" meanSpeed="16.52" meanSpeedRelative="0.52" duration="6"/>
    <step time="61800.00" loaded="75559" inserted="69600" running="501" waiting="5959" ended="69099" arrived="69099" collisions="171" teleports="171" halting="6" stopped="0" meanWaitingTime="1355.57" meanTravelTime="360.44" meanSpeed="17.71" meanSpeedRelative="0.55" duration="5"/>
    <step time="62100.00" loaded="75632" inserted="69960" running="451" waiting="5672" ended="69509" arrived="69509" collisions="171" teleports="171" halting="3" stopped="0" meanWaitingTime="1374.55" meanTravelTime="360.89" meanSpeed="18.36" meanSpeedRelative="0.57" duration="4"/>
    <step time="62400.00" loaded="75710" inserted="70332" running="456" waiting="5378" ended="69876" arrived="69876" collisions="172" teleports="172" halting="0" stopped="0" meanWaitingTime="1393.77" meanTravelTime="360.88" meanSpeed="17.84" meanSpeedRelative="0.56" duration="4"/>
    <step time="62700.00" loaded="75772" inserted="70685" running="468" waiting="5087" ended="70217" arrived="70217" collisions="173" teleports="173" halting="3" stopped="0" meanWaitingTime="1412.90" meanTravelTime="361.01" meanSpeed="17.09" meanSpeedRelative="0.53" duration="4"/>
    <step time="63000.00" loaded="75842" inserted="71001" running="455" waiting="4841" ended="70546" arrived="70546" collisions="174" teleports="174" halting="5" stopped="0" meanWaitingTime="1431.57" meanTravelTime="361.19" meanSpeed="15.93" meanSpeedRelative="0.50" duration="4"/>
    <step time="63300.00" loaded="75912" inserted="71294" running="394" waiting="4618" ended="70900" arrived="70900" collisions="174" teleports="174" halting="3" stopped="0" meanWaitingTime="1450.33" meanTravelTime="361.58" meanSpeed="17.10" meanSpeedRelative="0.53" duration="4"/>
    <step time="63600.00" loaded="75988" inserted="71574" running="348" waiting="4414" ended="71226" arrived="71226" collisions="175" teleports="175" halting="2" stopped="0" meanWaitingTime="1468.51" meanTravelTime="361.56" meanSpeed="17.74" meanSpeedRelative="0.55" duration="4"/>
    <step time="63900.00" loaded="76056" inserted="71815" running="308" waiting="4241" ended="71507" arrived="71507" collisions="175" teleports="175" halting="6" stopped="0" meanWaitingTime="1484.35" meanTravelTime="361.62" meanSpeed="19.61" meanSpeedRelative="0.61" duration="3"/>
    <step time="64200.00" loaded="76137" inserted="72050" running="258" waiting="4087" ended="71792" arrived="71792" collisions="175" teleports="175" halting="5" stopped="0" meanWaitingTime="1499.20" meanTravelTime="361.66" meanSpeed="21.99" meanSpeedRelative="0.69" duration="3"/>
    <step time="64500.00" loaded="76210" inserted="72284" running="237" waiting="3926" ended="72047" arrived="72047" collisions="175" teleports="175" halting="1" stopped="0" meanWaitingTime="1514.79" meanTravelTime="361.62" meanSpeed="22.01" meanSpeedRelative="0.69" duration="2"/>
    <step time="64800.00" loaded="76271" inserted="72539" running="231" waiting="3732" ended="72308" arrived="72308" collisions="175" teleports="175" halting="4" stopped="0" meanWaitingTime="1532.85" meanTravelTime="361.54" meanSpeed="21.68" meanSpeedRelative="0.68" duration="91"/>
    <step time="65100.00" loaded="76312" inserted="72783" running="230" waiting="3529" ended="72553" arrived="72553" collisions="175" teleports="175" halting="5" stopped="0" meanWaitingTime="1550.86" meanTravelTime="361.26" meanSpeed="22.40" meanSpeedRelative="0.70" duration="2"/>
    <step time="65400.00" loaded="76356" inserted="73023" running="218" waiting="3333" ended="72805" arrived="72805" collisions="175" teleports="175" halting="0" stopped="0" meanWaitingTime="1568.07" meanTravelTime="360.90" meanSpeed="22.71" meanSpeedRelative="0.71" duration="2"/>
    <step time="65700.00" loaded="76406" inserted="73249" running="218" waiting="3157" ended="73031" arrived="73031" collisions="175" teleports="175" halting="3" stopped="0" meanWaitingTime="1583.60" meanTravelTime="360.69" meanSpeed="21.77" meanSpeedRelative="0.68" duration="3"/>
    <step time="66000.00" loaded="76451" inserted="73487" running="239" waiting="2964" ended="73248" arrived="73248" collisions="175" teleports="175" halting="4" stopped="0" meanWaitingTime="1599.42" meanTravelTime="360.44" meanSpeed="21.90" meanSpeedRelative="0.68" duration="3"/>
    <step time="66300.00" loaded="76500" inserted="73729" running="231" waiting="2771" ended="73498" arrived="73498" collisions="175" teleports="175" halting="2" stopped="0" meanWaitingTime="1614.51" meanTravelTime="360.18" meanSpeed="22.10" meanSpeedRelative="0.69" duration="2"/>
    <step time="66600.00" loaded="76542" inserted="73929" running="199" waiting="2613" ended="73730" arrived="73730" collisions="175" teleports="175" halting="2" stopped="0" meanWaitingTime="1627.03" meanTravelTime="359.97" meanSpeed="21.80" meanSpeedRelative="0.68" duration="3"/>
    <step time="66900.00" loaded="76594" inserted="74112" running="143" waiting="2482" ended="73969" arrived="73969" collisions="175" teleports="175" halting="5" stopped="0" meanWaitingTime="1640.50" meanTravelTime="359.80" meanSpeed="21.37" meanSpeedRelative="0.67" duration="2"/>
    <step time="67200.00" loaded="76659" inserted="74290" running="138" waiting="2369" ended="74152" arrived="74152" collisions="175" teleports="175" halting="1" stopped="0" meanWaitingTime="1653.53" meanTravelTime="359.48" meanSpeed="21.27" meanSpeedRelative="0.66" duration="1"/>
    <step time="67500.00" loaded="76707" inserted="74456" running="126" waiting="2251" ended="74330" arrived="74330" collisions="175" teleports="175" halting="1" stopped="0" meanWaitingTime="1666.00" meanTravelTime="359.17" meanSpeed="21.32" meanSpeedRelative="0.67" duration="1"/>
    <step time="67800.00" loaded="76763" inserted="74629" running="137" waiting="2134" ended="74492" arrived="74492" collisions="175" teleports="175" halting="4" stopped="0" meanWaitingTime="1678.98" meanTravelTime="358.89" meanSpeed="22.19" meanSpeedRelative="0.69" duration="1"/>
    <step time="68100.00" loaded="76821" inserted="74808" running="128" waiting="2013" ended="74680" arrived="74680" collisions="175" teleports="175" halting="2" stopped="0" meanWaitingTime="1691.65" meanTravelTime="358.55" meanSpeed="21.24" meanSpeedRelative="0.66" duration="1"/>
    <step time="68400.00" loaded="76875" inserted="74982" running="124" waiting="1893" ended="74858" arrived="74858" collisions="175" teleports="175" halting="3" stopped="0" meanWaitingTime="1704.62" meanTravelTime="358.31" meanSpeed="20.68" meanSpeedRelative="0.65" duration="90"/>
    <step time="68700.00" loaded="77054" inserted="75223" running="184" waiting="1831" ended="75039" arrived="75039" collisions="175" teleports="175" halting="2" stopped="0" meanWaitingTime="1713.41" meanTravelTime="357.90" meanSpeed="21.66" meanSpeedRelative="0.68" duration="2"/>
    <step time="69000.00" loaded="77208" inserted="75460" running="205" waiting="1748" ended="75255" arrived="75255" collisions="175" teleports="175" halting="6" stopped="0" meanWaitingTime="1720.13" meanTravelTime="357.54" meanSpeed="22.94" meanSpeedRelative="0.72" duration="1"/>
    <step time="69300.00" loaded="77373" inserted="75686" running="176" waiting="1687" ended="75510" arrived="75510" collisions="175" teleports="175" halting="2" stopped="0" meanWaitingTime="1726.25" meanTravelTime="357.16" meanSpeed="22.77" meanSpeedRelative="0.71" duration="1"/>
    <step time="69600.00" loaded="77520" inserted="75846" running="150" waiting="1674" ended="75696" arrived="75696" collisions="176" teleports="176" halting="3" stopped="0" meanWaitingTime="1729.52" meanTravelTime="357.01" meanSpeed="23.18" meanSpeedRelative="0.72" duration="2"/>
    <step time="69900.00" loaded="77658" inserted="76005" running="145" waiting="1653" ended="75860" arrived="75860" collisions="177" teleports="177" halting="5" stopped="0" meanWaitingTime="1733.80" meanTravelTime="356.82" meanSpeed="23.09" meanSpeedRelative="0.72" duration="1"/>
    <step time="70200.00" loaded="77818" inserted="76190" running="177" waiting="1628" ended="76013" arrived="76013" collisions="178" teleports="178" halting="3" stopped="0" meanWaitingTime="1737.58" meanTravelTime="356.66" meanSpeed="23.06" meanSpeedRelative="0.72" duration="1"/>
    <step time="70500.00" loaded="77980" inserted="76365" running="172" waiting="1615" ended="76193" arrived="76193" collisions="178" teleports="178" halting="4" stopped="0" meanWaitingTime="1740.75" meanTravelTime="356.43" meanSpeed="22.74" meanSpeedRelative="0.71" duration="2"/>
    <step time="70800.00" loaded="78136" inserted="76541" running="162" waiting="1595" ended="76379" arrived="76379" collisions="178" teleports="178" halting="3" stopped="0" meanWaitingTime="1744.26" meanTravelTime="356.25" meanSpeed="23.28" meanSpeedRelative="0.73" duration="1"/>
    <step time="71100.00" loaded="78291" inserted="76716" running="175" waiting="1575" ended="76541" arrived="76541" collisions="178" teleports="178" halting="10" stopped="0" meanWaitingTime="1748.37" meanTravelTime="356.13" meanSpeed="23.25" meanSpeedRelative="0.73" duration="1"/>
    <step time="71400.00" loaded="78433" inserted="76883" running="163" waiting="1550" ended="76720" arrived="76720" collisions="178" teleports="178" halting="5" stopped="0" meanWaitingTime="1752.49" meanTravelTime="355.98" meanSpeed="22.30" meanSpeedRelative="0.70" duration="1"/>
    <step time="71700.00" loaded="78600" inserted="77064" running="165" waiting="1536" ended="76899" arrived="76899" collisions="178" teleports="178" halting="2" stopped="0" meanWaitingTime="1756.20" meanTravelTime="355.77" meanSpeed="22.85" meanSpeedRelative="0.71" duration="1"/>
    <step time="72000.00" loaded="78743" inserted="77214" running="138" waiting="1529" ended="77076" arrived="77076" collisions="178" teleports="178" halting="5" stopped="0" meanWaitingTime="1760.68" meanTravelTime="355.66" meanSpeed="21.72" meanSpeedRelative="0.68" duration="82"/>
    <step time="72300.00" loaded="78882" inserted="77372" running="152" waiting="1510" ended="77220" arrived="77220" collisions="178" teleports="178" halting="13" stopped="0" meanWaitingTime="1764.95" meanTravelTime="355.55" meanSpeed="22.65" meanSpeedRelative="0.71" duration="1"/>
    <step time="72600.00" loaded="79012" inserted="77515" running="138" waiting="1497" ended="77377" arrived="77377" collisions="178" teleports="178" halting="4" stopped="0" meanWaitingTime="1769.17" meanTravelTime="355.43" meanSpeed="22.48" meanSpeedRelative="0.70" duration="1"/>
    <step time="72900.00" loaded="79149" inserted="77668" running="149" waiting="1481" ended="77519" arrived="77519" collisions="178" teleports="178" halting="2" stopped="0" meanWaitingTime="1772.78" meanTravelTime="355.39" meanSpeed="23.74" meanSpeedRelative="0.74" duration="1"/>
    <step time="73200.00" loaded="79290" inserted="77827" running="156" waiting="1463" ended="77671" arrived="77671" collisions="178" teleports="178" halting="5" stopped="0" meanWaitingTime="1778.04" meanTravelTime="355.26" meanSpeed="22.09" meanSpeedRelative="0.69" duration="1"/>
    <step time="73500.00" loaded="79423" inserted="77976" running="145" waiting="1447" ended="77831" arrived="77831" collisions="178" teleports="178" halting="3" stopped="0" meanWaitingTime="1782.46" meanTravelTime="355.07" meanSpeed="21.93" meanSpeedRelative="0.69" duration="1"/>
    <step time="73800.00" loaded="79545" inserted="78117" running="139" waiting="1428" ended="77978" arrived="77978" collisions="178" teleports="178" halting="2" stopped="0" meanWaitingTime="1787.81" meanTravelTime="354.93" meanSpeed="22.42" meanSpeedRelative="0.70" duration="2"/>
    <step time="74100.00" loaded="79682" inserted="78271" running="148" waiting="1411" ended="78123" arrived="78123" collisions="178" teleports="178" halting="4" stopped="0" meanWaitingTime="1792.24" meanTravelTime="354.84" meanSpeed="23.14" meanSpeedRelative="0.72" duration="1"/>
    <step time="74400.00" loaded="79819" inserted="78428" running="148" waiting="1391" ended="78280" arrived="78280" collisions="178" teleports="178" halting="4" stopped="0" meanWaitingTime="1796.70" meanTravelTime="354.71" meanSpeed="23.37" meanSpeedRelative="0.73" duration="1"/>
    <step time="74700.00" loaded="79950" inserted="78577" running="149" waiting="1373" ended="78428" arrived="78428" collisions="178" teleports="178" halting="1" stopped="0" meanWaitingTime="1801.94" meanTravelTime="354.60" meanSpeed="23.78" meanSpeedRelative="0.74" duration="1"/>
    <step time="75000.00" loaded="80096" inserted="78739" running="139" waiting="1357" ended="78600" arrived="78600" collisions="178" teleports="178" halting="3" stopped="0" meanWaitingTime="1807.36" meanTravelTime="354.50" meanSpeed="23.18" meanSpeedRelative="0.72" duration="1"/>
    <step time="75300.00" loaded="80237" inserted="78897" running="159" waiting="1340" ended="78738" arrived="78738" collisions="178" teleports="178" halting="7" stopped="0" meanWaitingTime="1812.23" meanTravelTime="354.37" meanSpeed="21.98" meanSpeedRelative="0.69" duration="1"/>
    <step time="75600.00" loaded="80380" inserted="79054" running="159" waiting="1326" ended="78895" arrived="78895" collisions="178" teleports="178" halting="0" stopped="0" meanWaitingTime="1817.58" meanTravelTime="354.21" meanSpeed="23.84" meanSpeedRelative="0.75" duration="83"/>
    <step time="75900.00" loaded="80572" inserted="79256" running="191" waiting="1316" ended="79065" arrived="79065" collisions="180" teleports="180" halting="1" stopped="0" meanWaitingTime="1822.56" meanTravelTime="354.05" meanSpeed="23.83" meanSpeedRelative="0.74" duration="1"/>
    <step time="76200.00" loaded="80768" inserted="79461" running="191" waiting="1307" ended="79270" arrived="79270" collisions="180" teleports="180" halting="4" stopped="0" meanWaitingTime="1827.58" meanTravelTime="353.85" meanSpeed="23.34" meanSpeedRelative="0.73" duration="1"/>
    <step time="76500.00" loaded="80940" inserted="79638" running="172" waiting="1302" ended="79466" arrived="79466" collisions="180" teleports="180" halting="6" stopped="0" meanWaitingTime="1833.31" meanTravelTime="353.66" meanSpeed="23.07" meanSpeedRelative="0.72" duration="1"/>
    <step time="76800.00" loaded="81127" inserted="79810" running="172" waiting="1317" ended="79638" arrived="79638" collisions="180" teleports="180" halting="4" stopped="0" meanWaitingTime="1838.54" meanTravelTime="353.56" meanSpeed="23.05" meanSpeedRelative="0.72" duration="1"/>
    <step time="77100.00" loaded="81307" inserted="80000" running="162" waiting="1307" ended="79838" arrived="79838" collisions="180" teleports="180" halting="5" stopped="0" meanWaitingTime="1843.21" meanTravelTime="353.36" meanSpeed="22.29" meanSpeedRelative="0.70" duration="1"/>
    <step time="77400.00" loaded="81490" inserted="80190" running="185" waiting="1300" ended="80005" arrived="80005" collisions="180" teleports="180" halting="7" stopped="0" meanWaitingTime="1847.52" meanTravelTime="353.30" meanSpeed="22.38" meanSpeedRelative="0.70" duration="2"/>
    <step time="77700.00" loaded="81671" inserted="80381" running="190" waiting="1290" ended="80191" arrived="80191" collisions="181" teleports="181" halting="8" stopped="0" meanWaitingTime="1851.76" meanTravelTime="353.13" meanSpeed="22.90" meanSpeedRelative="0.72" duration="2"/>
    <step time="78000.00" loaded="81887" inserted="80615" running="206" waiting="1272" ended="80409" arrived="80409" collisions="181" teleports="181" halting="2" stopped="0" meanWaitingTime="1855.87" meanTravelTime="352.87" meanSpeed="22.45" meanSpeedRelative="0.70" duration="1"/>
    <step time="78300.00" loaded="82074" inserted="80807" running="190" waiting="1267" ended="80617" arrived="80617" collisions="182" teleports="182" halting="5" stopped="0" meanWaitingTime="1858.51" meanTravelTime="352.65" meanSpeed="22.62" meanSpeedRelative="0.71" duration="1"/>
    <step time="78600.00" loaded="82277" inserted="81021" running="203" waiting="1256" ended="80818" arrived="80818" collisions="183" teleports="183" halting="4" stopped="0" meanWaitingTime="1860.29" meanTravelTime="352.49" meanSpeed="22.54" meanSpeedRelative="0.70" duration="1"/>
    <step time="78900.00" loaded="82457" inserted="81218" running="171" waiting="1239" ended="81047" arrived="81047" collisions="185" teleports="185" halting="3" stopped="0" meanWaitingTime="1863.29" meanTravelTime="352.22" meanSpeed="23.07" meanSpeedRelative="0.72" duration="2"/>
    <step time="79200.00" loaded="82661" inserted="81423" running="195" waiting="1238" ended="81228" arrived="81228" collisions="185" teleports="185" halting="5" stopped="0" meanWaitingTime="1864.93" meanTravelTime="352.08" meanSpeed="23.19" meanSpeedRelative="0.72" duration="81"/>
    <step time="79500.00" loaded="82842" inserted="81610" running="180" waiting="1232" ended="81430" arrived="81430" collisions="185" teleports="185" halting="9" stopped="0" meanWaitingTime="1866.21" meanTravelTime="351.96" meanSpeed="22.68" meanSpeedRelative="0.71" duration="1"/>
    <step time="79800.00" loaded="83015" inserted="81791" running="174" waiting="1224" ended="81617" arrived="81617" collisions="185" teleports="185" halting="1" stopped="0" meanWaitingTime="1868.00" meanTravelTime="351.87" meanSpeed="23.64" meanSpeedRelative="0.74" duration="1"/>
    <step time="80100.00" loaded="83180" inserted="81960" running="159" waiting="1220" ended="81801" arrived="81801" collisions="185" teleports="185" halting="6" stopped="0" meanWaitingTime="1869.73" meanTravelTime="351.72" meanSpeed="22.82" meanSpeedRelative="0.71" duration="1"/>
    <step time="80400.00" loaded="83352" inserted="82134" running="181" waiting="1218" ended="81953" arrived="81953" collisions="185" teleports="185" halting="9" stopped="0" meanWaitingTime="1870.64" meanTravelTime="351.63" meanSpeed="22.54" meanSpeedRelative="0.70" duration="1"/>
    <step time="80700.00" loaded="83511" inserted="82311" running="178" waiting="1200" ended="82133" arrived="82133" collisions="185" teleports="185" halting="1" stopped="0" meanWaitingTime="1871.89" meanTravelTime="351.48" meanSpeed="22.42" meanSpeedRelative="0.70" duration="1"/>
    <step time="81000.00" loaded="83687" inserted="82490" running="169" waiting="1197" ended="82321" arrived="82321" collisions="185" teleports="185" halting="3" stopped="0" meanWaitingTime="1873.27" meanTravelTime="351.33" meanSpeed="23.39" meanSpeedRelative="0.73" duration="1"/>
    <step time="81300.00" loaded="83863" inserted="82675" running="168" waiting="1188" ended="82507" arrived="82507" collisions="185" teleports="185" halting="1" stopped="0" meanWaitingTime="1874.18" meanTravelTime="351.19" meanSpeed="23.23" meanSpeedRelative="0.73" duration="2"/>
    <step time="81600.00" loaded="84053" inserted="82872" running="174" waiting="1181" ended="82698" arrived="82698" collisions="186" teleports="186" halting="7" stopped="0" meanWaitingTime="1875.24" meanTravelTime="350.96" meanSpeed="23.76" meanSpeedRelative="0.74" duration="1"/>
    <step time="81900.00" loaded="84224" inserted="83053" running="165" waiting="1171" ended="82888" arrived="82888" collisions="186" teleports="186" halting="8" stopped="0" meanWaitingTime="1875.80" meanTravelTime="350.76" meanSpeed="23.34" meanSpeedRelative="0.73" duration="1"/>
    <step time="82200.00" loaded="84389" inserted="83240" running="150" waiting="1149" ended="83090" arrived="83090" collisions="186" teleports="186" halting="4" stopped="0" meanWaitingTime="1876.50" meanTravelTime="350.53" meanSpeed="22.94" meanSpeedRelative="0.72" duration="1"/>
    <step time="82500.00" loaded="84555" inserted="83409" running="156" waiting="1146" ended="83253" arrived="83253" collisions="186" teleports="186" halting="5" stopped="0" meanWaitingTime="1877.62" meanTravelTime="350.36" meanSpeed="22.29" meanSpeedRelative="0.70" duration="1"/>
</summary>
