<?xml version="1.0" encoding="UTF-8"?>

<!-- generated on 2025-08-08 13:20:41 by Eclipse SUMO sumo Version 1.23.1
<sumoConfiguration xmlns:xsi="http://www.w3.org/2001/XMLSchema-instance" xsi:noNamespaceSchemaLocation="http://sumo.dlr.de/xsd/sumoConfiguration.xsd">

    <input>
        <net-file value="Desktop\Master Thesis\Network_fin.net.xml"/>
        <route-files value="Desktop\Master Thesis\demand_model_amsterdam.rou.xml"/>
        <additional-files value="Desktop\Master Thesis\Additionnal.add.xml"/>
    </input>

    <output>
        <summary-output value="outputf/summary_coor_alinea_3neigh_method2_K80_target5_20120.xml"/>
        <summary-output.period value="300"/>
        <tripinfo-output value="outputf/tripinfo_coor_alinea_3neigh_method2_K80_target5_20120.xml"/>
    </output>

    <time>
        <begin value="0"/>
        <end value="82800"/>
        <step-length value="1"/>
    </time>

    <processing>
        <time-to-teleport value="-1"/>
    </processing>

    <report>
        <verbose value="true"/>
        <no-step-log value="true"/>
    </report>

    <emissions>
        <device.emissions.period value="10"/>
    </emissions>

    <traci_server>
        <remote-port value="50507"/>
    </traci_server>

    <random_number>
        <seed value="20120"/>
    </random_number>

</sumoConfiguration>
-->

<summary xmlns:xsi="http://www.w3.org/2001/XMLSchema-instance" xsi:noNamespaceSchemaLocation="http://sumo.dlr.de/xsd/summary_file.xsd">
    <step time="0.00" loaded="0" inserted="0" running="0" waiting="0" ended="0" arrived="0" collisions="0" teleports="0" halting="0" stopped="0" meanWaitingTime="-1.00" meanTravelTime="-1.00" meanSpeed="-1.00" meanSpeedRelative="-1.00" duration="0"/>
    <step time="300.00" loaded="178" inserted="178" running="117" waiting="0" ended="61" arrived="61" collisions="0" teleports="0" halting="3" stopped="0" meanWaitingTime="0.57" meanTravelTime="103.44" meanSpeed="25.81" meanSpeedRelative="0.81" duration="1"/>
    <step time="600.00" loaded="350" inserted="349" running="128" waiting="1" ended="221" arrived="221" collisions="0" teleports="0" halting="0" stopped="0" meanWaitingTime="0.43" meanTravelTime="168.64" meanSpeed="25.35" meanSpeedRelative="0.79" duration="1"/>
    <step time="900.00" loaded="516" inserted="516" running="130" waiting="0" ended="386" arrived="386" collisions="0" teleports="0" halting="0" stopped="0" meanWaitingTime="0.41" meanTravelTime="190.71" meanSpeed="25.59" meanSpeedRelative="0.80" duration="1"/>
    <step time="1200.00" loaded="708" inserted="708" running="161" waiting="0" ended="547" arrived="547" collisions="0" teleports="0" halting="0" stopped="0" meanWaitingTime="0.42" meanTravelTime="201.38" meanSpeed="25.09" meanSpeedRelative="0.78" duration="1"/>
    <step time="1500.00" loaded="886" inserted="886" running="148" waiting="0" ended="738" arrived="738" collisions="1" teleports="1" halting="1" stopped="0" meanWaitingTime="0.39" meanTravelTime="208.99" meanSpeed="25.53" meanSpeedRelative="0.80" duration="1"/>
    <step time="1800.00" loaded="1061" inserted="1061" running="161" waiting="0" ended="900" arrived="900" collisions="1" teleports="1" halting="0" stopped="0" meanWaitingTime="0.37" meanTravelTime="214.82" meanSpeed="25.19" meanSpeedRelative="0.79" duration="1"/>
    <step time="2100.00" loaded="1231" inserted="1231" running="157" waiting="0" ended="1074" arrived="1074" collisions="1" teleports="1" halting="0" stopped="0" meanWaitingTime="0.36" meanTravelTime="225.25" meanSpeed="25.42" meanSpeedRelative="0.79" duration="1"/>
    <step time="2400.00" loaded="1431" inserted="1431" running="168" waiting="0" ended="1263" arrived="1263" collisions="1" teleports="1" halting="1" stopped="0" meanWaitingTime="0.37" meanTravelTime="230.44" meanSpeed="25.44" meanSpeedRelative="0.79" duration="1"/>
    <step time="2700.00" loaded="1604" inserted="1603" running="152" waiting="1" ended="1451" arrived="1451" collisions="1" teleports="1" halting="2" stopped="0" meanWaitingTime="0.40" meanTravelTime="235.81" meanSpeed="25.56" meanSpeedRelative="0.80" duration="1"/>
    <step time="3000.00" loaded="1787" inserted="1787" running="154" waiting="0" ended="1633" arrived="1633" collisions="1" teleports="1" halting="1" stopped="0" meanWaitingTime="0.41" meanTravelTime="235.04" meanSpeed="25.54" meanSpeedRelative="0.80" duration="1"/>
    <step time="3300.00" loaded="1955" inserted="1951" running="158" waiting="4" ended="1793" arrived="1793" collisions="1" teleports="1" halting="1" stopped="0" meanWaitingTime="0.78" meanTravelTime="237.15" meanSpeed="24.63" meanSpeedRelative="0.77" duration="1"/>
    <step time="3600.00" loaded="2150" inserted="2142" running="178" waiting="8" ended="1964" arrived="1964" collisions="1" teleports="1" halting="2" stopped="0" meanWaitingTime="1.35" meanTravelTime="239.96" meanSpeed="23.96" meanSpeedRelative="0.75" duration="87"/>
    <step time="3900.00" loaded="2257" inserted="2257" running="120" waiting="0" ended="2137" arrived="2137" collisions="2" teleports="2" halting="5" stopped="0" meanWaitingTime="2.04" meanTravelTime="244.64" meanSpeed="24.31" meanSpeedRelative="0.76" duration="1"/>
    <step time="4200.00" loaded="2385" inserted="2383" running="102" waiting="2" ended="2281" arrived="2281" collisions="2" teleports="2" halting="0" stopped="0" meanWaitingTime="2.05" meanTravelTime="247.93" meanSpeed="24.54" meanSpeedRelative="0.77" duration="1"/>
    <step time="4500.00" loaded="2482" inserted="2482" running="83" waiting="0" ended="2399" arrived="2399" collisions="2" teleports="2" halting="0" stopped="0" meanWaitingTime="2.28" meanTravelTime="249.29" meanSpeed="26.29" meanSpeedRelative="0.82" duration="1"/>
    <step time="4800.00" loaded="2581" inserted="2578" running="85" waiting="3" ended="2493" arrived="2493" collisions="2" teleports="2" halting="3" stopped="0" meanWaitingTime="2.30" meanTravelTime="251.58" meanSpeed="24.35" meanSpeedRelative="0.76" duration="0"/>
    <step time="5100.00" loaded="2700" inserted="2700" running="85" waiting="0" ended="2615" arrived="2615" collisions="2" teleports="2" halting="0" stopped="0" meanWaitingTime="2.26" meanTravelTime="251.01" meanSpeed="26.76" meanSpeedRelative="0.84" duration="1"/>
    <step time="5400.00" loaded="2825" inserted="2825" running="110" waiting="0" ended="2715" arrived="2715" collisions="2" teleports="2" halting="3" stopped="0" meanWaitingTime="2.24" meanTravelTime="251.01" meanSpeed="24.84" meanSpeedRelative="0.78" duration="1"/>
    <step time="5700.00" loaded="2938" inserted="2938" running="100" waiting="0" ended="2838" arrived="2838" collisions="2" teleports="2" halting="0" stopped="0" meanWaitingTime="2.17" meanTravelTime="250.94" meanSpeed="25.30" meanSpeedRelative="0.79" duration="1"/>
    <step time="6000.00" loaded="3054" inserted="3054" running="97" waiting="0" ended="2957" arrived="2957" collisions="2" teleports="2" halting="1" stopped="0" meanWaitingTime="2.09" meanTravelTime="250.67" meanSpeed="25.32" meanSpeedRelative="0.79" duration="1"/>
    <step time="6300.00" loaded="3155" inserted="3155" running="102" waiting="0" ended="3053" arrived="3053" collisions="2" teleports="2" halting="1" stopped="0" meanWaitingTime="2.04" meanTravelTime="252.16" meanSpeed="25.60" meanSpeedRelative="0.80" duration="0"/>
    <step time="6600.00" loaded="3262" inserted="3262" running="106" waiting="0" ended="3156" arrived="3156" collisions="2" teleports="2" halting="1" stopped="0" meanWaitingTime="1.97" meanTravelTime="252.71" meanSpeed="25.14" meanSpeedRelative="0.79" duration="0"/>
    <step time="6900.00" loaded="3382" inserted="3382" running="109" waiting="0" ended="3273" arrived="3273" collisions="2" teleports="2" halting="0" stopped="0" meanWaitingTime="1.92" meanTravelTime="253.29" meanSpeed="25.58" meanSpeedRelative="0.80" duration="1"/>
    <step time="7200.00" loaded="3488" inserted="3488" running="99" waiting="0" ended="3389" arrived="3389" collisions="2" teleports="2" halting="0" stopped="0" meanWaitingTime="1.86" meanTravelTime="254.43" meanSpeed="25.37" meanSpeedRelative="0.79" duration="86"/>
    <step time="7500.00" loaded="3638" inserted="3631" running="121" waiting="7" ended="3510" arrived="3510" collisions="2" teleports="2" halting="4" stopped="0" meanWaitingTime="1.90" meanTravelTime="254.61" meanSpeed="24.54" meanSpeedRelative="0.77" duration="1"/>
    <step time="7800.00" loaded="3797" inserted="3796" running="136" waiting="1" ended="3660" arrived="3660" collisions="2" teleports="2" halting="5" stopped="0" meanWaitingTime="2.17" meanTravelTime="254.25" meanSpeed="25.26" meanSpeedRelative="0.79" duration="1"/>
    <step time="8100.00" loaded="3960" inserted="3955" running="139" waiting="5" ended="3816" arrived="3816" collisions="2" teleports="2" halting="0" stopped="0" meanWaitingTime="2.31" meanTravelTime="253.38" meanSpeed="24.14" meanSpeedRelative="0.75" duration="1"/>
    <step time="8400.00" loaded="4099" inserted="4093" running="133" waiting="6" ended="3960" arrived="3960" collisions="2" teleports="2" halting="2" stopped="0" meanWaitingTime="2.56" meanTravelTime="253.62" meanSpeed="25.10" meanSpeedRelative="0.78" duration="1"/>
    <step time="8700.00" loaded="4234" inserted="4223" running="114" waiting="11" ended="4109" arrived="4109" collisions="2" teleports="2" halting="4" stopped="0" meanWaitingTime="2.92" meanTravelTime="254.65" meanSpeed="24.71" meanSpeedRelative="0.77" duration="0"/>
    <step time="9000.00" loaded="4385" inserted="4364" running="119" waiting="21" ended="4245" arrived="4245" collisions="2" teleports="2" halting="1" stopped="0" meanWaitingTime="3.60" meanTravelTime="255.89" meanSpeed="25.46" meanSpeedRelative="0.80" duration="1"/>
    <step time="9300.00" loaded="4537" inserted="4510" running="124" waiting="27" ended="4386" arrived="4386" collisions="2" teleports="2" halting="1" stopped="0" meanWaitingTime="4.71" meanTravelTime="255.53" meanSpeed="24.59" meanSpeedRelative="0.77" duration="1"/>
    <step time="9600.00" loaded="4672" inserted="4651" running="116" waiting="21" ended="4535" arrived="4535" collisions="2" teleports="2" halting="2" stopped="0" meanWaitingTime="6.26" meanTravelTime="254.98" meanSpeed="25.15" meanSpeedRelative="0.79" duration="1"/>
    <step time="9900.00" loaded="4829" inserted="4796" running="122" waiting="33" ended="4674" arrived="4674" collisions="2" teleports="2" halting="1" stopped="0" meanWaitingTime="7.53" meanTravelTime="254.53" meanSpeed="24.58" meanSpeedRelative="0.77" duration="1"/>
    <step time="10200.00" loaded="4984" inserted="4942" running="133" waiting="42" ended="4809" arrived="4809" collisions="2" teleports="2" halting="1" stopped="0" meanWaitingTime="9.02" meanTravelTime="253.75" meanSpeed="24.68" meanSpeedRelative="0.77" duration="0"/>
    <step time="10500.00" loaded="5121" inserted="5068" running="119" waiting="53" ended="4949" arrived="4949" collisions="2" teleports="2" halting="3" stopped="0" meanWaitingTime="10.73" meanTravelTime="254.33" meanSpeed="24.32" meanSpeedRelative="0.76" duration="0"/>
    <step time="10800.00" loaded="5263" inserted="5198" running="126" waiting="65" ended="5072" arrived="5072" collisions="2" teleports="2" halting="6" stopped="0" meanWaitingTime="12.73" meanTravelTime="255.64" meanSpeed="24.68" meanSpeedRelative="0.77" duration="87"/>
    <step time="11100.00" loaded="5411" inserted="5332" running="108" waiting="79" ended="5224" arrived="5224" collisions="2" teleports="2" halting="1" stopped="0" meanWaitingTime="15.12" meanTravelTime="256.00" meanSpeed="25.02" meanSpeedRelative="0.78" duration="1"/>
    <step time="11400.00" loaded="5553" inserted="5474" running="125" waiting="79" ended="5349" arrived="5349" collisions="2" teleports="2" halting="1" stopped="0" meanWaitingTime="18.01" meanTravelTime="256.05" meanSpeed="24.65" meanSpeedRelative="0.77" duration="0"/>
    <step time="11700.00" loaded="5709" inserted="5636" running="121" waiting="73" ended="5515" arrived="5515" collisions="2" teleports="2" halting="2" stopped="0" meanWaitingTime="21.27" meanTravelTime="255.44" meanSpeed="24.08" meanSpeedRelative="0.75" duration="1"/>
    <step time="12000.00" loaded="5854" inserted="5772" running="101" waiting="82" ended="5671" arrived="5671" collisions="2" teleports="2" halting="1" stopped="0" meanWaitingTime="24.25" meanTravelTime="254.69" meanSpeed="24.73" meanSpeedRelative="0.77" duration="1"/>
    <step time="12300.00" loaded="5993" inserted="5911" running="108" waiting="82" ended="5803" arrived="5803" collisions="2" teleports="2" halting="3" stopped="0" meanWaitingTime="27.50" meanTravelTime="254.51" meanSpeed="24.28" meanSpeedRelative="0.76" duration="1"/>
    <step time="12600.00" loaded="6143" inserted="6049" running="117" waiting="94" ended="5932" arrived="5932" collisions="2" teleports="2" halting="0" stopped="0" meanWaitingTime="30.45" meanTravelTime="254.38" meanSpeed="24.87" meanSpeedRelative="0.78" duration="1"/>
    <step time="12900.00" loaded="6295" inserted="6199" running="115" waiting="96" ended="6084" arrived="6084" collisions="2" teleports="2" halting="2" stopped="0" meanWaitingTime="34.16" meanTravelTime="253.60" meanSpeed="24.97" meanSpeedRelative="0.78" duration="1"/>
    <step time="13200.00" loaded="6437" inserted="6345" running="117" waiting="92" ended="6228" arrived="6228" collisions="2" teleports="2" halting="4" stopped="0" meanWaitingTime="37.19" meanTravelTime="253.15" meanSpeed="23.92" meanSpeedRelative="0.75" duration="1"/>
    <step time="13500.00" loaded="6579" inserted="6489" running="114" waiting="90" ended="6375" arrived="6375" collisions="2" teleports="2" halting="1" stopped="0" meanWaitingTime="39.74" meanTravelTime="253.10" meanSpeed="24.42" meanSpeedRelative="0.76" duration="1"/>
    <step time="13800.00" loaded="6715" inserted="6638" running="112" waiting="77" ended="6526" arrived="6526" collisions="2" teleports="2" halting="2" stopped="0" meanWaitingTime="43.49" meanTravelTime="252.25" meanSpeed="25.17" meanSpeedRelative="0.79" duration="1"/>
    <step time="14100.00" loaded="6844" inserted="6762" running="97" waiting="82" ended="6665" arrived="6665" collisions="2" teleports="2" halting="5" stopped="0" meanWaitingTime="46.76" meanTravelTime="252.23" meanSpeed="24.07" meanSpeedRelative="0.75" duration="1"/>
    <step time="14400.00" loaded="6969" inserted="6889" running="100" waiting="80" ended="6789" arrived="6789" collisions="2" teleports="2" halting="0" stopped="0" meanWaitingTime="49.83" meanTravelTime="251.87" meanSpeed="25.68" meanSpeedRelative="0.80" duration="87"/>
    <step time="14700.00" loaded="7084" inserted="7003" running="89" waiting="81" ended="6914" arrived="6914" collisions="2" teleports="2" halting="1" stopped="0" meanWaitingTime="52.71" meanTravelTime="251.31" meanSpeed="24.92" meanSpeedRelative="0.78" duration="0"/>
    <step time="15000.00" loaded="7183" inserted="7098" running="86" waiting="85" ended="7012" arrived="7012" collisions="2" teleports="2" halting="6" stopped="0" meanWaitingTime="55.01" meanTravelTime="251.78" meanSpeed="23.21" meanSpeedRelative="0.73" duration="0"/>
    <step time="15300.00" loaded="7289" inserted="7200" running="81" waiting="89" ended="7119" arrived="7119" collisions="2" teleports="2" halting="1" stopped="0" meanWaitingTime="57.16" meanTravelTime="251.64" meanSpeed="24.04" meanSpeedRelative="0.75" duration="0"/>
    <step time="15600.00" loaded="7380" inserted="7295" running="71" waiting="85" ended="7224" arrived="7224" collisions="2" teleports="2" halting="1" stopped="0" meanWaitingTime="59.74" meanTravelTime="251.68" meanSpeed="24.15" meanSpeedRelative="0.75" duration="0"/>
    <step time="15900.00" loaded="7475" inserted="7400" running="71" waiting="75" ended="7329" arrived="7329" collisions="2" teleports="2" halting="1" stopped="0" meanWaitingTime="62.65" meanTravelTime="251.24" meanSpeed="23.59" meanSpeedRelative="0.74" duration="1"/>
    <step time="16200.00" loaded="7583" inserted="7513" running="75" waiting="70" ended="7438" arrived="7438" collisions="2" teleports="2" halting="5" stopped="0" meanWaitingTime="65.17" meanTravelTime="250.52" meanSpeed="23.78" meanSpeedRelative="0.74" duration="0"/>
    <step time="16500.00" loaded="7685" inserted="7614" running="74" waiting="71" ended="7540" arrived="7540" collisions="2" teleports="2" halting="1" stopped="0" meanWaitingTime="67.66" meanTravelTime="250.42" meanSpeed="23.94" meanSpeedRelative="0.75" duration="0"/>
    <step time="16800.00" loaded="7763" inserted="7706" running="67" waiting="57" ended="7639" arrived="7639" collisions="2" teleports="2" halting="1" stopped="0" meanWaitingTime="70.04" meanTravelTime="249.73" meanSpeed="23.97" meanSpeedRelative="0.75" duration="0"/>
    <step time="17100.00" loaded="7855" inserted="7802" running="67" waiting="53" ended="7735" arrived="7735" collisions="2" teleports="2" halting="3" stopped="0" meanWaitingTime="71.79" meanTravelTime="249.65" meanSpeed="23.85" meanSpeedRelative="0.75" duration="1"/>
    <step time="17400.00" loaded="7956" inserted="7904" running="66" waiting="52" ended="7838" arrived="7838" collisions="2" teleports="2" halting="0" stopped="0" meanWaitingTime="73.66" meanTravelTime="248.81" meanSpeed="24.51" meanSpeedRelative="0.77" duration="1"/>
    <step time="17700.00" loaded="8059" inserted="8016" running="80" waiting="43" ended="7936" arrived="7936" collisions="2" teleports="2" halting="3" stopped="0" meanWaitingTime="74.97" meanTravelTime="248.42" meanSpeed="24.12" meanSpeedRelative="0.75" duration="1"/>
    <step time="18000.00" loaded="8162" inserted="8114" running="72" waiting="48" ended="8042" arrived="8042" collisions="2" teleports="2" halting="3" stopped="0" meanWaitingTime="75.88" meanTravelTime="248.23" meanSpeed="23.33" meanSpeedRelative="0.73" duration="81"/>
    <step time="18300.00" loaded="8353" inserted="8291" running="114" waiting="62" ended="8177" arrived="8177" collisions="2" teleports="2" halting="3" stopped="0" meanWaitingTime="75.99" meanTravelTime="247.39" meanSpeed="24.16" meanSpeedRelative="0.76" duration="1"/>
    <step time="18600.00" loaded="8572" inserted="8503" running="159" waiting="69" ended="8344" arrived="8344" collisions="2" teleports="2" halting="1" stopped="0" meanWaitingTime="76.04" meanTravelTime="245.91" meanSpeed="25.78" meanSpeedRelative="0.81" duration="1"/>
    <step time="18900.00" loaded="8775" inserted="8699" running="157" waiting="76" ended="8542" arrived="8542" collisions="2" teleports="2" halting="2" stopped="0" meanWaitingTime="76.15" meanTravelTime="245.97" meanSpeed="24.63" meanSpeedRelative="0.77" duration="1"/>
    <step time="19200.00" loaded="8977" inserted="8890" running="137" waiting="87" ended="8753" arrived="8753" collisions="2" teleports="2" halting="4" stopped="0" meanWaitingTime="76.54" meanTravelTime="245.60" meanSpeed="24.13" meanSpeedRelative="0.75" duration="0"/>
    <step time="19500.00" loaded="9204" inserted="9092" running="168" waiting="112" ended="8924" arrived="8924" collisions="2" teleports="2" halting="1" stopped="0" meanWaitingTime="77.14" meanTravelTime="245.16" meanSpeed="24.31" meanSpeedRelative="0.76" duration="1"/>
    <step time="19800.00" loaded="9390" inserted="9267" running="131" waiting="123" ended="9136" arrived="9136" collisions="3" teleports="3" halting="1" stopped="0" meanWaitingTime="78.08" meanTravelTime="244.96" meanSpeed="24.39" meanSpeedRelative="0.76" duration="1"/>
    <step time="20100.00" loaded="9620" inserted="9477" running="155" waiting="143" ended="9322" arrived="9322" collisions="3" teleports="3" halting="3" stopped="0" meanWaitingTime="78.95" meanTravelTime="244.44" meanSpeed="24.56" meanSpeedRelative="0.77" duration="0"/>
    <step time="20400.00" loaded="9834" inserted="9679" running="161" waiting="155" ended="9518" arrived="9518" collisions="3" teleports="3" halting="3" stopped="0" meanWaitingTime="80.13" meanTravelTime="243.91" meanSpeed="23.89" meanSpeedRelative="0.75" duration="1"/>
    <step time="20700.00" loaded="10020" inserted="9852" running="148" waiting="168" ended="9704" arrived="9704" collisions="3" teleports="3" halting="2" stopped="0" meanWaitingTime="81.99" meanTravelTime="243.99" meanSpeed="24.64" meanSpeedRelative="0.77" duration="1"/>
    <step time="21000.00" loaded="10229" inserted="10054" running="173" waiting="175" ended="9881" arrived="9881" collisions="3" teleports="3" halting="4" stopped="0" meanWaitingTime="84.15" meanTravelTime="244.01" meanSpeed="22.98" meanSpeedRelative="0.72" duration="1"/>
    <step time="21300.00" loaded="10413" inserted="10222" running="144" waiting="191" ended="10078" arrived="10078" collisions="3" teleports="3" halting="2" stopped="0" meanWaitingTime="86.10" meanTravelTime="244.15" meanSpeed="23.87" meanSpeedRelative="0.75" duration="1"/>
    <step time="21600.00" loaded="10616" inserted="10419" running="141" waiting="197" ended="10278" arrived="10278" collisions="3" teleports="3" halting="3" stopped="0" meanWaitingTime="88.54" meanTravelTime="243.99" meanSpeed="23.73" meanSpeedRelative="0.74" duration="81"/>
    <step time="21900.00" loaded="11080" inserted="10815" running="310" waiting="265" ended="10505" arrived="10505" collisions="3" teleports="3" halting="0" stopped="0" meanWaitingTime="91.04" meanTravelTime="243.64" meanSpeed="22.54" meanSpeedRelative="0.70" duration="2"/>
    <step time="22200.00" loaded="11554" inserted="11206" running="386" waiting="348" ended="10820" arrived="10820" collisions="3" teleports="3" halting="5" stopped="0" meanWaitingTime="94.29" meanTravelTime="243.55" meanSpeed="21.87" meanSpeedRelative="0.68" duration="2"/>
    <step time="22500.00" loaded="12007" inserted="11595" running="411" waiting="412" ended="11184" arrived="11184" collisions="4" teleports="4" halting="5" stopped="0" meanWaitingTime="98.27" meanTravelTime="244.88" meanSpeed="22.12" meanSpeedRelative="0.69" duration="3"/>
    <step time="22800.00" loaded="12455" inserted="11985" running="399" waiting="470" ended="11586" arrived="11586" collisions="5" teleports="5" halting="5" stopped="0" meanWaitingTime="103.16" meanTravelTime="247.31" meanSpeed="21.25" meanSpeedRelative="0.66" duration="2"/>
    <step time="23100.00" loaded="12890" inserted="12371" running="408" waiting="519" ended="11963" arrived="11963" collisions="5" teleports="5" halting="7" stopped="0" meanWaitingTime="107.22" meanTravelTime="249.28" meanSpeed="20.73" meanSpeedRelative="0.65" duration="3"/>
    <step time="23400.00" loaded="13373" inserted="12778" running="435" waiting="595" ended="12343" arrived="12343" collisions="5" teleports="5" halting="5" stopped="0" meanWaitingTime="111.79" meanTravelTime="251.22" meanSpeed="21.38" meanSpeedRelative="0.67" duration="3"/>
    <step time="23700.00" loaded="13801" inserted="13156" running="413" waiting="645" ended="12743" arrived="12743" collisions="7" teleports="7" halting="9" stopped="0" meanWaitingTime="117.31" meanTravelTime="253.34" meanSpeed="20.91" meanSpeedRelative="0.65" duration="2"/>
    <step time="24000.00" loaded="14239" inserted="13526" running="410" waiting="713" ended="13116" arrived="13116" collisions="7" teleports="7" halting="4" stopped="0" meanWaitingTime="123.22" meanTravelTime="255.68" meanSpeed="21.32" meanSpeedRelative="0.67" duration="2"/>
    <step time="24300.00" loaded="14672" inserted="13872" running="402" waiting="800" ended="13470" arrived="13470" collisions="7" teleports="7" halting="3" stopped="0" meanWaitingTime="129.15" meanTravelTime="257.75" meanSpeed="21.71" meanSpeedRelative="0.68" duration="2"/>
    <step time="24600.00" loaded="15140" inserted="14266" running="432" waiting="874" ended="13834" arrived="13834" collisions="7" teleports="7" halting="3" stopped="0" meanWaitingTime="135.81" meanTravelTime="259.72" meanSpeed="20.89" meanSpeedRelative="0.65" duration="3"/>
    <step time="24900.00" loaded="15608" inserted="14677" running="440" waiting="931" ended="14237" arrived="14237" collisions="8" teleports="8" halting="4" stopped="0" meanWaitingTime="143.12" meanTravelTime="261.58" meanSpeed="20.44" meanSpeedRelative="0.64" duration="2"/>
    <step time="25200.00" loaded="16054" inserted="15074" running="443" waiting="980" ended="14631" arrived="14631" collisions="9" teleports="9" halting="3" stopped="0" meanWaitingTime="150.24" meanTravelTime="263.42" meanSpeed="20.34" meanSpeedRelative="0.64" duration="85"/>
    <step time="25500.00" loaded="16635" inserted="15518" running="491" waiting="1117" ended="15027" arrived="15027" collisions="11" teleports="11" halting="4" stopped="0" meanWaitingTime="158.13" meanTravelTime="265.20" meanSpeed="19.65" meanSpeedRelative="0.61" duration="4"/>
    <step time="25800.00" loaded="17158" inserted="15958" running="488" waiting="1200" ended="15470" arrived="15470" collisions="12" teleports="12" halting="1" stopped="0" meanWaitingTime="166.89" meanTravelTime="266.75" meanSpeed="19.38" meanSpeedRelative="0.61" duration="3"/>
    <step time="26100.00" loaded="17744" inserted="16445" running="545" waiting="1299" ended="15900" arrived="15900" collisions="12" teleports="12" halting="2" stopped="0" meanWaitingTime="176.29" meanTravelTime="269.02" meanSpeed="19.40" meanSpeedRelative="0.61" duration="3"/>
    <step time="26400.00" loaded="18290" inserted="16901" running="540" waiting="1389" ended="16361" arrived="16361" collisions="15" teleports="15" halting="4" stopped="0" meanWaitingTime="187.34" meanTravelTime="271.06" meanSpeed="18.66" meanSpeedRelative="0.58" duration="3"/>
    <step time="26700.00" loaded="18830" inserted="17350" running="537" waiting="1480" ended="16813" arrived="16813" collisions="15" teleports="15" halting="5" stopped="0" meanWaitingTime="197.31" meanTravelTime="273.33" meanSpeed="19.29" meanSpeedRelative="0.60" duration="3"/>
    <step time="27000.00" loaded="19383" inserted="17785" running="513" waiting="1598" ended="17272" arrived="17272" collisions="17" teleports="17" halting="2" stopped="0" meanWaitingTime="206.66" meanTravelTime="275.46" meanSpeed="19.40" meanSpeedRelative="0.61" duration="3"/>
    <step time="27300.00" loaded="19945" inserted="18234" running="511" waiting="1711" ended="17723" arrived="17723" collisions="18" teleports="18" halting="3" stopped="0" meanWaitingTime="216.55" meanTravelTime="277.24" meanSpeed="19.87" meanSpeedRelative="0.62" duration="5"/>
    <step time="27600.00" loaded="20503" inserted="18669" running="511" waiting="1834" ended="18158" arrived="18158" collisions="19" teleports="19" halting="2" stopped="0" meanWaitingTime="225.97" meanTravelTime="278.78" meanSpeed="18.34" meanSpeedRelative="0.57" duration="3"/>
    <step time="27900.00" loaded="21063" inserted="19123" running="533" waiting="1940" ended="18590" arrived="18590" collisions="19" teleports="19" halting="4" stopped="0" meanWaitingTime="239.26" meanTravelTime="280.24" meanSpeed="18.31" meanSpeedRelative="0.57" duration="4"/>
    <step time="28200.00" loaded="21643" inserted="19572" running="515" waiting="2071" ended="19057" arrived="19057" collisions="19" teleports="19" halting="3" stopped="0" meanWaitingTime="251.99" meanTravelTime="282.24" meanSpeed="19.75" meanSpeedRelative="0.62" duration="4"/>
    <step time="28500.00" loaded="22236" inserted="20033" running="538" waiting="2203" ended="19495" arrived="19495" collisions="21" teleports="21" halting="4" stopped="0" meanWaitingTime="264.12" meanTravelTime="283.66" meanSpeed="18.95" meanSpeedRelative="0.59" duration="3"/>
    <step time="28800.00" loaded="22798" inserted="20470" running="512" waiting="2328" ended="19958" arrived="19958" collisions="22" teleports="22" halting="1" stopped="0" meanWaitingTime="276.69" meanTravelTime="284.99" meanSpeed="19.46" meanSpeedRelative="0.61" duration="88"/>
    <step time="29100.00" loaded="23157" inserted="20872" running="466" waiting="2285" ended="20406" arrived="20406" collisions="26" teleports="26" halting="4" stopped="0" meanWaitingTime="290.01" meanTravelTime="286.57" meanSpeed="20.67" meanSpeedRelative="0.65" duration="3"/>
    <step time="29400.00" loaded="23526" inserted="21255" running="439" waiting="2271" ended="20816" arrived="20816" collisions="26" teleports="26" halting="4" stopped="0" meanWaitingTime="300.46" meanTravelTime="287.80" meanSpeed="20.70" meanSpeedRelative="0.65" duration="3"/>
    <step time="29700.00" loaded="23898" inserted="21634" running="382" waiting="2264" ended="21252" arrived="21252" collisions="27" teleports="27" halting="6" stopped="0" meanWaitingTime="311.53" meanTravelTime="288.93" meanSpeed="21.60" meanSpeedRelative="0.68" duration="3"/>
    <step time="30000.00" loaded="24259" inserted="22012" running="383" waiting="2247" ended="21629" arrived="21629" collisions="27" teleports="27" halting="3" stopped="0" meanWaitingTime="322.24" meanTravelTime="289.44" meanSpeed="22.85" meanSpeedRelative="0.71" duration="4"/>
    <step time="30300.00" loaded="24592" inserted="22379" running="383" waiting="2213" ended="21996" arrived="21996" collisions="27" teleports="27" halting="6" stopped="0" meanWaitingTime="333.70" meanTravelTime="289.69" meanSpeed="22.82" meanSpeedRelative="0.71" duration="4"/>
    <step time="30600.00" loaded="24944" inserted="22739" running="344" waiting="2205" ended="22395" arrived="22395" collisions="29" teleports="29" halting="1" stopped="0" meanWaitingTime="345.63" meanTravelTime="290.00" meanSpeed="22.34" meanSpeedRelative="0.70" duration="2"/>
    <step time="30900.00" loaded="25313" inserted="23103" running="346" waiting="2210" ended="22757" arrived="22757" collisions="29" teleports="29" halting="4" stopped="0" meanWaitingTime="356.42" meanTravelTime="289.93" meanSpeed="22.36" meanSpeedRelative="0.70" duration="5"/>
    <step time="31200.00" loaded="25665" inserted="23471" running="339" waiting="2194" ended="23132" arrived="23132" collisions="30" teleports="30" halting="4" stopped="0" meanWaitingTime="367.30" meanTravelTime="289.91" meanSpeed="23.15" meanSpeedRelative="0.72" duration="2"/>
    <step time="31500.00" loaded="25985" inserted="23803" running="317" waiting="2182" ended="23486" arrived="23486" collisions="30" teleports="30" halting="4" stopped="0" meanWaitingTime="377.60" meanTravelTime="289.85" meanSpeed="23.24" meanSpeedRelative="0.73" duration="3"/>
    <step time="31800.00" loaded="26355" inserted="24150" running="325" waiting="2205" ended="23825" arrived="23825" collisions="30" teleports="30" halting="4" stopped="0" meanWaitingTime="388.81" meanTravelTime="289.63" meanSpeed="22.91" meanSpeedRelative="0.72" duration="2"/>
    <step time="32100.00" loaded="26726" inserted="24478" running="308" waiting="2248" ended="24170" arrived="24170" collisions="32" teleports="32" halting="3" stopped="0" meanWaitingTime="399.25" meanTravelTime="289.56" meanSpeed="23.11" meanSpeedRelative="0.72" duration="3"/>
    <step time="32400.00" loaded="27070" inserted="24799" running="295" waiting="2271" ended="24504" arrived="24504" collisions="32" teleports="32" halting="2" stopped="0" meanWaitingTime="410.28" meanTravelTime="289.35" meanSpeed="22.66" meanSpeedRelative="0.71" duration="87"/>
    <step time="32700.00" loaded="27346" inserted="25088" running="266" waiting="2258" ended="24822" arrived="24822" collisions="32" teleports="32" halting="2" stopped="0" meanWaitingTime="422.52" meanTravelTime="289.36" meanSpeed="23.35" meanSpeedRelative="0.73" duration="2"/>
    <step time="33000.00" loaded="27627" inserted="25364" running="262" waiting="2263" ended="25102" arrived="25102" collisions="32" teleports="32" halting="3" stopped="0" meanWaitingTime="434.58" meanTravelTime="289.15" meanSpeed="23.35" meanSpeedRelative="0.73" duration="2"/>
    <step time="33300.00" loaded="27885" inserted="25635" running="236" waiting="2250" ended="25399" arrived="25399" collisions="32" teleports="32" halting="1" stopped="0" meanWaitingTime="447.32" meanTravelTime="288.78" meanSpeed="24.51" meanSpeedRelative="0.77" duration="2"/>
    <step time="33600.00" loaded="28154" inserted="25908" running="222" waiting="2246" ended="25686" arrived="25686" collisions="32" teleports="32" halting="3" stopped="0" meanWaitingTime="460.52" meanTravelTime="288.48" meanSpeed="23.89" meanSpeedRelative="0.75" duration="3"/>
    <step time="33900.00" loaded="28382" inserted="26158" running="226" waiting="2224" ended="25932" arrived="25932" collisions="32" teleports="32" halting="2" stopped="0" meanWaitingTime="475.79" meanTravelTime="288.20" meanSpeed="23.41" meanSpeedRelative="0.73" duration="2"/>
    <step time="34200.00" loaded="28643" inserted="26438" running="237" waiting="2205" ended="26201" arrived="26201" collisions="33" teleports="33" halting="3" stopped="0" meanWaitingTime="488.82" meanTravelTime="288.16" meanSpeed="22.74" meanSpeedRelative="0.71" duration="2"/>
    <step time="34500.00" loaded="28891" inserted="26704" running="250" waiting="2187" ended="26454" arrived="26454" collisions="33" teleports="33" halting="1" stopped="0" meanWaitingTime="502.00" meanTravelTime="287.76" meanSpeed="23.60" meanSpeedRelative="0.74" duration="2"/>
    <step time="34800.00" loaded="29182" inserted="26982" running="244" waiting="2200" ended="26738" arrived="26738" collisions="34" teleports="34" halting="3" stopped="0" meanWaitingTime="515.26" meanTravelTime="287.58" meanSpeed="22.89" meanSpeedRelative="0.72" duration="2"/>
    <step time="35100.00" loaded="29439" inserted="27242" running="236" waiting="2197" ended="27006" arrived="27006" collisions="34" teleports="34" halting="3" stopped="0" meanWaitingTime="528.83" meanTravelTime="287.34" meanSpeed="23.03" meanSpeedRelative="0.72" duration="2"/>
    <step time="35400.00" loaded="29686" inserted="27498" running="227" waiting="2188" ended="27271" arrived="27271" collisions="35" teleports="35" halting="1" stopped="0" meanWaitingTime="542.00" meanTravelTime="287.36" meanSpeed="22.59" meanSpeedRelative="0.71" duration="2"/>
    <step time="35700.00" loaded="29928" inserted="27749" running="225" waiting="2179" ended="27524" arrived="27524" collisions="35" teleports="35" halting="4" stopped="0" meanWaitingTime="555.26" meanTravelTime="287.10" meanSpeed="22.94" meanSpeedRelative="0.72" duration="2"/>
    <step time="36000.00" loaded="30195" inserted="28009" running="219" waiting="2186" ended="27790" arrived="27790" collisions="35" teleports="35" halting="2" stopped="0" meanWaitingTime="568.07" meanTravelTime="287.04" meanSpeed="23.75" meanSpeedRelative="0.74" duration="84"/>
    <step time="36300.00" loaded="30650" inserted="28420" running="332" waiting="2230" ended="28088" arrived="28088" collisions="35" teleports="35" halting="3" stopped="0" meanWaitingTime="580.27" meanTravelTime="286.52" meanSpeed="23.24" meanSpeedRelative="0.73" duration="3"/>
    <step time="36600.00" loaded="31126" inserted="28843" running="382" waiting="2283" ended="28461" arrived="28461" collisions="36" teleports="36" halting="3" stopped="0" meanWaitingTime="592.71" meanTravelTime="286.03" meanSpeed="22.55" meanSpeedRelative="0.70" duration="3"/>
    <step time="36900.00" loaded="31631" inserted="29267" running="420" waiting="2364" ended="28847" arrived="28847" collisions="36" teleports="36" halting="6" stopped="0" meanWaitingTime="604.44" meanTravelTime="285.88" meanSpeed="21.32" meanSpeedRelative="0.67" duration="3"/>
    <step time="37200.00" loaded="32110" inserted="29668" running="433" waiting="2442" ended="29235" arrived="29235" collisions="36" teleports="36" halting="5" stopped="0" meanWaitingTime="616.41" meanTravelTime="285.96" meanSpeed="21.64" meanSpeedRelative="0.68" duration="3"/>
    <step time="37500.00" loaded="32581" inserted="30066" running="417" waiting="2515" ended="29649" arrived="29649" collisions="36" teleports="36" halting="4" stopped="0" meanWaitingTime="629.77" meanTravelTime="286.44" meanSpeed="21.55" meanSpeedRelative="0.67" duration="3"/>
    <step time="37800.00" loaded="33041" inserted="30486" running="431" waiting="2555" ended="30055" arrived="30055" collisions="36" teleports="36" halting="6" stopped="0" meanWaitingTime="644.28" meanTravelTime="286.80" meanSpeed="20.92" meanSpeedRelative="0.65" duration="2"/>
    <step time="38100.00" loaded="33500" inserted="30897" running="432" waiting="2603" ended="30465" arrived="30465" collisions="37" teleports="37" halting="3" stopped="0" meanWaitingTime="657.33" meanTravelTime="287.16" meanSpeed="19.98" meanSpeedRelative="0.62" duration="3"/>
    <step time="38400.00" loaded="33994" inserted="31333" running="453" waiting="2661" ended="30880" arrived="30880" collisions="38" teleports="38" halting="6" stopped="0" meanWaitingTime="669.17" meanTravelTime="287.43" meanSpeed="20.55" meanSpeedRelative="0.64" duration="4"/>
    <step time="38700.00" loaded="34451" inserted="31725" running="465" waiting="2726" ended="31260" arrived="31260" collisions="39" teleports="39" halting="8" stopped="0" meanWaitingTime="681.69" meanTravelTime="287.66" meanSpeed="19.50" meanSpeedRelative="0.61" duration="3"/>
    <step time="39000.00" loaded="34898" inserted="32124" running="446" waiting="2774" ended="31678" arrived="31678" collisions="41" teleports="41" halting="7" stopped="0" meanWaitingTime="693.32" meanTravelTime="288.39" meanSpeed="20.24" meanSpeedRelative="0.63" duration="3"/>
    <step time="39300.00" loaded="35390" inserted="32545" running="460" waiting="2845" ended="32085" arrived="32085" collisions="42" teleports="42" halting="2" stopped="0" meanWaitingTime="705.36" meanTravelTime="288.99" meanSpeed="21.08" meanSpeedRelative="0.66" duration="3"/>
    <step time="39600.00" loaded="35888" inserted="32939" running="459" waiting="2949" ended="32480" arrived="32480" collisions="44" teleports="44" halting="2" stopped="0" meanWaitingTime="717.00" meanTravelTime="289.41" meanSpeed="20.90" meanSpeedRelative="0.65" duration="92"/>
    <step time="39900.00" loaded="36454" inserted="33396" running="481" waiting="3058" ended="32915" arrived="32915" collisions="45" teleports="45" halting="7" stopped="0" meanWaitingTime="727.59" meanTravelTime="290.05" meanSpeed="20.75" meanSpeedRelative="0.65" duration="3"/>
    <step time="40200.00" loaded="36954" inserted="33807" running="451" waiting="3147" ended="33356" arrived="33356" collisions="47" teleports="47" halting="7" stopped="0" meanWaitingTime="741.29" meanTravelTime="290.63" meanSpeed="20.72" meanSpeedRelative="0.65" duration="3"/>
    <step time="40500.00" loaded="37510" inserted="34270" running="495" waiting="3240" ended="33775" arrived="33775" collisions="47" teleports="47" halting="2" stopped="0" meanWaitingTime="754.57" meanTravelTime="290.83" meanSpeed="19.87" meanSpeedRelative="0.62" duration="4"/>
    <step time="40800.00" loaded="38057" inserted="34739" running="505" waiting="3318" ended="34234" arrived="34234" collisions="48" teleports="48" halting="5" stopped="0" meanWaitingTime="770.47" meanTravelTime="291.26" meanSpeed="19.02" meanSpeedRelative="0.59" duration="4"/>
    <step time="41100.00" loaded="38608" inserted="35185" running="520" waiting="3423" ended="34665" arrived="34665" collisions="50" teleports="50" halting="4" stopped="0" meanWaitingTime="781.48" meanTravelTime="291.68" meanSpeed="19.52" meanSpeedRelative="0.61" duration="4"/>
    <step time="41400.00" loaded="39167" inserted="35634" running="553" waiting="3533" ended="35081" arrived="35081" collisions="50" teleports="50" halting="6" stopped="0" meanWaitingTime="793.28" meanTravelTime="292.35" meanSpeed="19.24" meanSpeedRelative="0.60" duration="6"/>
    <step time="41700.00" loaded="39729" inserted="36105" running="555" waiting="3624" ended="35550" arrived="35550" collisions="51" teleports="51" halting="7" stopped="0" meanWaitingTime="806.30" meanTravelTime="293.20" meanSpeed="18.95" meanSpeedRelative="0.59" duration="4"/>
    <step time="42000.00" loaded="40228" inserted="36531" running="497" waiting="3697" ended="36034" arrived="36034" collisions="52" teleports="52" halting="7" stopped="0" meanWaitingTime="820.82" meanTravelTime="294.12" meanSpeed="19.08" meanSpeedRelative="0.60" duration="5"/>
    <step time="42300.00" loaded="40773" inserted="36974" running="520" waiting="3799" ended="36454" arrived="36454" collisions="53" teleports="53" halting="6" stopped="0" meanWaitingTime="835.54" meanTravelTime="294.77" meanSpeed="19.64" meanSpeedRelative="0.61" duration="5"/>
    <step time="42600.00" loaded="41317" inserted="37420" running="531" waiting="3897" ended="36889" arrived="36889" collisions="54" teleports="54" halting="8" stopped="0" meanWaitingTime="848.72" meanTravelTime="295.69" meanSpeed="18.99" meanSpeedRelative="0.59" duration="4"/>
    <step time="42900.00" loaded="41808" inserted="37857" running="534" waiting="3951" ended="37323" arrived="37323" collisions="55" teleports="55" halting="3" stopped="0" meanWaitingTime="860.61" meanTravelTime="296.21" meanSpeed="18.92" meanSpeedRelative="0.59" duration="4"/>
    <step time="43200.00" loaded="42315" inserted="38314" running="525" waiting="4001" ended="37789" arrived="37789" collisions="56" teleports="56" halting="5" stopped="0" meanWaitingTime="873.38" meanTravelTime="296.98" meanSpeed="19.46" meanSpeedRelative="0.61" duration="92"/>
    <step time="43500.00" loaded="42875" inserted="38791" running="563" waiting="4084" ended="38228" arrived="38228" collisions="56" teleports="56" halting="7" stopped="0" meanWaitingTime="886.14" meanTravelTime="297.60" meanSpeed="19.24" meanSpeedRelative="0.60" duration="5"/>
    <step time="43800.00" loaded="43387" inserted="39238" running="554" waiting="4149" ended="38684" arrived="38684" collisions="61" teleports="61" halting="6" stopped="0" meanWaitingTime="898.56" meanTravelTime="298.14" meanSpeed="18.88" meanSpeedRelative="0.59" duration="4"/>
    <step time="44100.00" loaded="43915" inserted="39687" running="545" waiting="4228" ended="39142" arrived="39142" collisions="61" teleports="61" halting="1" stopped="0" meanWaitingTime="912.22" meanTravelTime="298.93" meanSpeed="19.04" meanSpeedRelative="0.59" duration="5"/>
    <step time="44400.00" loaded="44424" inserted="40129" running="546" waiting="4295" ended="39583" arrived="39583" collisions="62" teleports="62" halting="2" stopped="0" meanWaitingTime="924.60" meanTravelTime="299.78" meanSpeed="19.39" meanSpeedRelative="0.61" duration="5"/>
    <step time="44700.00" loaded="44955" inserted="40617" running="578" waiting="4338" ended="40039" arrived="40039" collisions="63" teleports="63" halting="7" stopped="0" meanWaitingTime="937.15" meanTravelTime="300.50" meanSpeed="18.80" meanSpeedRelative="0.59" duration="5"/>
    <step time="45000.00" loaded="45457" inserted="41043" running="532" waiting="4414" ended="40511" arrived="40511" collisions="65" teleports="65" halting="10" stopped="0" meanWaitingTime="948.12" meanTravelTime="301.17" meanSpeed="19.00" meanSpeedRelative="0.59" duration="5"/>
    <step time="45300.00" loaded="45964" inserted="41486" running="533" waiting="4478" ended="40953" arrived="40953" collisions="65" teleports="65" halting="5" stopped="0" meanWaitingTime="959.79" meanTravelTime="302.07" meanSpeed="18.74" meanSpeedRelative="0.59" duration="5"/>
    <step time="45600.00" loaded="46487" inserted="41960" running="552" waiting="4527" ended="41408" arrived="41408" collisions="66" teleports="66" halting="2" stopped="0" meanWaitingTime="973.03" meanTravelTime="302.46" meanSpeed="19.67" meanSpeedRelative="0.61" duration="6"/>
    <step time="45900.00" loaded="47022" inserted="42431" running="568" waiting="4591" ended="41863" arrived="41863" collisions="67" teleports="67" halting="4" stopped="0" meanWaitingTime="986.53" meanTravelTime="303.06" meanSpeed="18.52" meanSpeedRelative="0.58" duration="6"/>
    <step time="46200.00" loaded="47553" inserted="42896" running="574" waiting="4657" ended="42322" arrived="42322" collisions="68" teleports="68" halting="7" stopped="0" meanWaitingTime="998.03" meanTravelTime="303.81" meanSpeed="17.75" meanSpeedRelative="0.55" duration="5"/>
    <step time="46500.00" loaded="48103" inserted="43372" running="587" waiting="4731" ended="42785" arrived="42785" collisions="70" teleports="70" halting="10" stopped="0" meanWaitingTime="1010.20" meanTravelTime="304.47" meanSpeed="18.80" meanSpeedRelative="0.59" duration="6"/>
    <step time="46800.00" loaded="48625" inserted="43822" running="567" waiting="4803" ended="43255" arrived="43255" collisions="71" teleports="71" halting="1" stopped="0" meanWaitingTime="1021.74" meanTravelTime="305.18" meanSpeed="18.56" meanSpeedRelative="0.58" duration="95"/>
    <step time="47100.00" loaded="49173" inserted="44304" running="577" waiting="4869" ended="43727" arrived="43727" collisions="72" teleports="72" halting="3" stopped="0" meanWaitingTime="1035.69" meanTravelTime="305.80" meanSpeed="19.40" meanSpeedRelative="0.61" duration="5"/>
    <step time="47400.00" loaded="49681" inserted="44751" running="575" waiting="4930" ended="44176" arrived="44176" collisions="75" teleports="75" halting="4" stopped="0" meanWaitingTime="1048.10" meanTravelTime="306.43" meanSpeed="19.23" meanSpeedRelative="0.60" duration="5"/>
    <step time="47700.00" loaded="50194" inserted="45214" running="574" waiting="4980" ended="44640" arrived="44640" collisions="78" teleports="78" halting="9" stopped="0" meanWaitingTime="1059.94" meanTravelTime="307.30" meanSpeed="18.14" meanSpeedRelative="0.57" duration="6"/>
    <step time="48000.00" loaded="50714" inserted="45669" running="572" waiting="5045" ended="45097" arrived="45097" collisions="79" teleports="79" halting="9" stopped="0" meanWaitingTime="1072.68" meanTravelTime="307.92" meanSpeed="18.66" meanSpeedRelative="0.58" duration="5"/>
    <step time="48300.00" loaded="51201" inserted="46111" running="546" waiting="5090" ended="45565" arrived="45565" collisions="82" teleports="82" halting="2" stopped="0" meanWaitingTime="1085.55" meanTravelTime="308.62" meanSpeed="18.82" meanSpeedRelative="0.59" duration="6"/>
    <step time="48600.00" loaded="51752" inserted="46628" running="616" waiting="5124" ended="46012" arrived="46012" collisions="84" teleports="84" halting="6" stopped="0" meanWaitingTime="1099.19" meanTravelTime="309.04" meanSpeed="18.60" meanSpeedRelative="0.58" duration="5"/>
    <step time="48900.00" loaded="52267" inserted="47102" running="625" waiting="5165" ended="46477" arrived="46477" collisions="86" teleports="86" halting="6" stopped="0" meanWaitingTime="1112.54" meanTravelTime="309.77" meanSpeed="18.06" meanSpeedRelative="0.56" duration="7"/>
    <step time="49200.00" loaded="52801" inserted="47573" running="608" waiting="5228" ended="46965" arrived="46965" collisions="87" teleports="87" halting="10" stopped="0" meanWaitingTime="1124.38" meanTravelTime="310.46" meanSpeed="17.99" meanSpeedRelative="0.56" duration="5"/>
    <step time="49500.00" loaded="53302" inserted="48030" running="626" waiting="5272" ended="47404" arrived="47404" collisions="89" teleports="89" halting="6" stopped="0" meanWaitingTime="1136.11" meanTravelTime="311.42" meanSpeed="17.54" meanSpeedRelative="0.55" duration="6"/>
    <step time="49800.00" loaded="53816" inserted="48475" running="605" waiting="5341" ended="47870" arrived="47870" collisions="90" teleports="90" halting="3" stopped="0" meanWaitingTime="1148.50" meanTravelTime="312.34" meanSpeed="18.22" meanSpeedRelative="0.57" duration="7"/>
    <step time="50100.00" loaded="54388" inserted="48929" running="600" waiting="5459" ended="48329" arrived="48329" collisions="90" teleports="90" halting="7" stopped="0" meanWaitingTime="1160.69" meanTravelTime="312.96" meanSpeed="18.42" meanSpeedRelative="0.58" duration="4"/>
    <step time="50400.00" loaded="54947" inserted="49411" running="619" waiting="5536" ended="48792" arrived="48792" collisions="91" teleports="91" halting="3" stopped="0" meanWaitingTime="1175.32" meanTravelTime="313.84" meanSpeed="18.41" meanSpeedRelative="0.58" duration="94"/>
    <step time="50700.00" loaded="55610" inserted="49908" running="635" waiting="5702" ended="49273" arrived="49273" collisions="93" teleports="93" halting="5" stopped="0" meanWaitingTime="1186.27" meanTravelTime="314.56" meanSpeed="17.61" meanSpeedRelative="0.55" duration="7"/>
    <step time="51000.00" loaded="56365" inserted="50451" running="682" waiting="5914" ended="49769" arrived="49769" collisions="96" teleports="96" halting="3" stopped="0" meanWaitingTime="1197.51" meanTravelTime="315.25" meanSpeed="17.42" meanSpeedRelative="0.54" duration="6"/>
    <step time="51300.00" loaded="57110" inserted="50988" running="730" waiting="6122" ended="50258" arrived="50258" collisions="98" teleports="98" halting="3" stopped="0" meanWaitingTime="1211.82" meanTravelTime="315.98" meanSpeed="16.98" meanSpeedRelative="0.53" duration="10"/>
    <step time="51600.00" loaded="57861" inserted="51515" running="757" waiting="6346" ended="50758" arrived="50758" collisions="99" teleports="99" halting="18" stopped="0" meanWaitingTime="1223.79" meanTravelTime="317.02" meanSpeed="16.10" meanSpeedRelative="0.50" duration="7"/>
    <step time="51900.00" loaded="58575" inserted="52035" running="751" waiting="6540" ended="51284" arrived="51284" collisions="104" teleports="104" halting="11" stopped="0" meanWaitingTime="1234.63" meanTravelTime="318.09" meanSpeed="16.24" meanSpeedRelative="0.51" duration="8"/>
    <step time="52200.00" loaded="59317" inserted="52589" running="829" waiting="6728" ended="51760" arrived="51760" collisions="107" teleports="107" halting="3" stopped="0" meanWaitingTime="1246.51" meanTravelTime="319.23" meanSpeed="15.28" meanSpeedRelative="0.48" duration="9"/>
    <step time="52500.00" loaded="60055" inserted="53132" running="869" waiting="6923" ended="52263" arrived="52263" collisions="108" teleports="108" halting="11" stopped="0" meanWaitingTime="1257.74" meanTravelTime="320.58" meanSpeed="14.09" meanSpeedRelative="0.44" duration="8"/>
    <step time="52800.00" loaded="60784" inserted="53649" running="898" waiting="7135" ended="52751" arrived="52751" collisions="109" teleports="109" halting="8" stopped="0" meanWaitingTime="1268.98" meanTravelTime="322.02" meanSpeed="13.53" meanSpeedRelative="0.42" duration="7"/>
    <step time="53100.00" loaded="61528" inserted="54172" running="917" waiting="7356" ended="53255" arrived="53255" collisions="111" teleports="111" halting="9" stopped="0" meanWaitingTime="1280.51" meanTravelTime="323.89" meanSpeed="12.85" meanSpeedRelative="0.40" duration="9"/>
    <step time="53400.00" loaded="62294" inserted="54679" running="916" waiting="7615" ended="53763" arrived="53763" collisions="116" teleports="116" halting="3" stopped="0" meanWaitingTime="1293.74" meanTravelTime="325.54" meanSpeed="13.90" meanSpeedRelative="0.43" duration="9"/>
    <step time="53700.00" loaded="62993" inserted="55228" running="935" waiting="7765" ended="54293" arrived="54293" collisions="118" teleports="118" halting="5" stopped="0" meanWaitingTime="1309.83" meanTravelTime="327.54" meanSpeed="13.29" meanSpeedRelative="0.42" duration="10"/>
    <step time="54000.00" loaded="63683" inserted="55754" running="949" waiting="7929" ended="54805" arrived="54805" collisions="125" teleports="125" halting="10" stopped="0" meanWaitingTime="1323.63" meanTravelTime="329.41" meanSpeed="12.63" meanSpeedRelative="0.39" duration="96"/>
    <step time="54300.00" loaded="64160" inserted="56220" running="887" waiting="7940" ended="55333" arrived="55333" collisions="126" teleports="126" halting="8" stopped="0" meanWaitingTime="1337.15" meanTravelTime="331.54" meanSpeed="13.13" meanSpeedRelative="0.41" duration="9"/>
    <step time="54600.00" loaded="64603" inserted="56656" running="808" waiting="7947" ended="55848" arrived="55848" collisions="128" teleports="128" halting="9" stopped="0" meanWaitingTime="1351.83" meanTravelTime="333.28" meanSpeed="14.03" meanSpeedRelative="0.44" duration="6"/>
    <step time="54900.00" loaded="65081" inserted="57124" running="785" waiting="7957" ended="56339" arrived="56339" collisions="129" teleports="129" halting="10" stopped="0" meanWaitingTime="1370.12" meanTravelTime="334.93" meanSpeed="14.20" meanSpeedRelative="0.44" duration="8"/>
    <step time="55200.00" loaded="65550" inserted="57597" running="741" waiting="7953" ended="56856" arrived="56856" collisions="130" teleports="130" halting="6" stopped="0" meanWaitingTime="1388.23" meanTravelTime="336.59" meanSpeed="15.46" meanSpeedRelative="0.48" duration="8"/>
    <step time="55500.00" loaded="66006" inserted="58064" running="726" waiting="7942" ended="57338" arrived="57338" collisions="133" teleports="133" halting="9" stopped="0" meanWaitingTime="1404.36" meanTravelTime="337.94" meanSpeed="16.61" meanSpeedRelative="0.52" duration="9"/>
    <step time="55800.00" loaded="66467" inserted="58523" running="687" waiting="7944" ended="57836" arrived="57836" collisions="138" teleports="138" halting="3" stopped="0" meanWaitingTime="1420.93" meanTravelTime="339.08" meanSpeed="16.14" meanSpeedRelative="0.50" duration="5"/>
    <step time="56100.00" loaded="66922" inserted="58955" running="628" waiting="7967" ended="58327" arrived="58327" collisions="139" teleports="139" halting="3" stopped="0" meanWaitingTime="1437.83" meanTravelTime="340.03" meanSpeed="17.79" meanSpeedRelative="0.56" duration="6"/>
    <step time="56400.00" loaded="67401" inserted="59424" running="628" waiting="7977" ended="58796" arrived="58796" collisions="146" teleports="146" halting="3" stopped="0" meanWaitingTime="1456.72" meanTravelTime="340.46" meanSpeed="18.00" meanSpeedRelative="0.56" duration="9"/>
    <step time="56700.00" loaded="67821" inserted="59848" running="565" waiting="7973" ended="59283" arrived="59283" collisions="147" teleports="147" halting="5" stopped="0" meanWaitingTime="1474.21" meanTravelTime="341.17" meanSpeed="18.26" meanSpeedRelative="0.57" duration="8"/>
    <step time="57000.00" loaded="68253" inserted="60295" running="564" waiting="7958" ended="59731" arrived="59731" collisions="147" teleports="147" halting="9" stopped="0" meanWaitingTime="1491.61" meanTravelTime="341.61" meanSpeed="17.98" meanSpeedRelative="0.56" duration="6"/>
    <step time="57300.00" loaded="68718" inserted="60737" running="526" waiting="7981" ended="60211" arrived="60211" collisions="148" teleports="148" halting="2" stopped="0" meanWaitingTime="1507.99" meanTravelTime="341.96" meanSpeed="19.04" meanSpeedRelative="0.59" duration="7"/>
    <step time="57600.00" loaded="69172" inserted="61195" running="544" waiting="7977" ended="60651" arrived="60651" collisions="149" teleports="149" halting="5" stopped="0" meanWaitingTime="1524.92" meanTravelTime="342.11" meanSpeed="18.72" meanSpeedRelative="0.58" duration="87"/>
    <step time="57900.00" loaded="69727" inserted="61661" running="579" waiting="8066" ended="61082" arrived="61082" collisions="149" teleports="149" halting="4" stopped="0" meanWaitingTime="1540.77" meanTravelTime="342.32" meanSpeed="18.50" meanSpeedRelative="0.58" duration="7"/>
    <step time="58200.00" loaded="70251" inserted="62125" running="582" waiting="8126" ended="61543" arrived="61543" collisions="149" teleports="149" halting="8" stopped="0" meanWaitingTime="1558.09" meanTravelTime="342.63" meanSpeed="18.12" meanSpeedRelative="0.57" duration="7"/>
    <step time="58500.00" loaded="70815" inserted="62604" running="607" waiting="8211" ended="61997" arrived="61997" collisions="149" teleports="149" halting="14" stopped="0" meanWaitingTime="1573.71" meanTravelTime="342.75" meanSpeed="17.98" meanSpeedRelative="0.56" duration="8"/>
    <step time="58800.00" loaded="71391" inserted="63113" running="644" waiting="8278" ended="62469" arrived="62469" collisions="151" teleports="151" halting="4" stopped="0" meanWaitingTime="1591.51" meanTravelTime="343.00" meanSpeed="17.66" meanSpeedRelative="0.55" duration="8"/>
    <step time="59100.00" loaded="71949" inserted="63605" running="681" waiting="8344" ended="62924" arrived="62924" collisions="152" teleports="152" halting="8" stopped="0" meanWaitingTime="1608.69" meanTravelTime="343.18" meanSpeed="16.99" meanSpeedRelative="0.53" duration="8"/>
    <step time="59400.00" loaded="72508" inserted="64084" running="695" waiting="8424" ended="63389" arrived="63389" collisions="154" teleports="154" halting="5" stopped="0" meanWaitingTime="1624.72" meanTravelTime="343.65" meanSpeed="16.63" meanSpeedRelative="0.52" duration="8"/>
    <step time="59700.00" loaded="73089" inserted="64577" running="700" waiting="8512" ended="63877" arrived="63877" collisions="154" teleports="154" halting="4" stopped="0" meanWaitingTime="1639.69" meanTravelTime="344.34" meanSpeed="16.60" meanSpeedRelative="0.52" duration="8"/>
    <step time="60000.00" loaded="73652" inserted="65052" running="664" waiting="8600" ended="64388" arrived="64388" collisions="156" teleports="156" halting="5" stopped="0" meanWaitingTime="1653.88" meanTravelTime="345.00" meanSpeed="17.42" meanSpeedRelative="0.54" duration="9"/>
    <step time="60300.00" loaded="74200" inserted="65555" running="698" waiting="8645" ended="64857" arrived="64857" collisions="156" teleports="156" halting="9" stopped="0" meanWaitingTime="1670.71" meanTravelTime="345.52" meanSpeed="16.79" meanSpeedRelative="0.52" duration="9"/>
    <step time="60600.00" loaded="74762" inserted="66046" running="704" waiting="8716" ended="65342" arrived="65342" collisions="156" teleports="156" halting="5" stopped="0" meanWaitingTime="1686.58" meanTravelTime="345.99" meanSpeed="16.74" meanSpeedRelative="0.52" duration="9"/>
    <step time="60900.00" loaded="75286" inserted="66543" running="712" waiting="8743" ended="65831" arrived="65831" collisions="156" teleports="156" halting="7" stopped="0" meanWaitingTime="1702.79" meanTravelTime="346.49" meanSpeed="16.98" meanSpeedRelative="0.53" duration="10"/>
    <step time="61200.00" loaded="75875" inserted="67039" running="719" waiting="8836" ended="66320" arrived="66320" collisions="156" teleports="156" halting="9" stopped="0" meanWaitingTime="1718.85" meanTravelTime="347.29" meanSpeed="16.37" meanSpeedRelative="0.51" duration="89"/>
    <step time="61500.00" loaded="75941" inserted="67371" running="576" waiting="8570" ended="66795" arrived="66795" collisions="156" teleports="156" halting="5" stopped="0" meanWaitingTime="1739.56" meanTravelTime="348.05" meanSpeed="17.78" meanSpeedRelative="0.56" duration="7"/>
    <step time="61800.00" loaded="76014" inserted="67724" running="510" waiting="8290" ended="67214" arrived="67214" collisions="158" teleports="158" halting="3" stopped="0" meanWaitingTime="1763.00" meanTravelTime="348.65" meanSpeed="17.98" meanSpeedRelative="0.56" duration="5"/>
    <step time="62100.00" loaded="76087" inserted="68060" running="469" waiting="8027" ended="67591" arrived="67591" collisions="158" teleports="158" halting="8" stopped="0" meanWaitingTime="1784.52" meanTravelTime="349.49" meanSpeed="19.91" meanSpeedRelative="0.62" duration="5"/>
    <step time="62400.00" loaded="76171" inserted="68388" running="435" waiting="7783" ended="67953" arrived="67953" collisions="158" teleports="158" halting="0" stopped="0" meanWaitingTime="1804.28" meanTravelTime="349.84" meanSpeed="19.61" meanSpeedRelative="0.61" duration="9"/>
    <step time="62700.00" loaded="76244" inserted="68702" running="406" waiting="7542" ended="68296" arrived="68296" collisions="159" teleports="159" halting="3" stopped="0" meanWaitingTime="1825.39" meanTravelTime="350.08" meanSpeed="20.80" meanSpeedRelative="0.65" duration="5"/>
    <step time="63000.00" loaded="76311" inserted="68907" running="284" waiting="7404" ended="68623" arrived="68623" collisions="160" teleports="160" halting="3" stopped="0" meanWaitingTime="1842.67" meanTravelTime="350.31" meanSpeed="22.18" meanSpeedRelative="0.69" duration="4"/>
    <step time="63300.00" loaded="76381" inserted="69124" running="227" waiting="7257" ended="68897" arrived="68897" collisions="161" teleports="161" halting="11" stopped="0" meanWaitingTime="1860.20" meanTravelTime="350.50" meanSpeed="21.49" meanSpeedRelative="0.67" duration="4"/>
    <step time="63600.00" loaded="76455" inserted="69349" running="238" waiting="7106" ended="69111" arrived="69111" collisions="161" teleports="161" halting="1" stopped="0" meanWaitingTime="1880.60" meanTravelTime="350.50" meanSpeed="21.84" meanSpeedRelative="0.68" duration="4"/>
    <step time="63900.00" loaded="76515" inserted="69560" running="211" waiting="6955" ended="69349" arrived="69349" collisions="162" teleports="162" halting="8" stopped="0" meanWaitingTime="1899.43" meanTravelTime="350.36" meanSpeed="21.44" meanSpeedRelative="0.67" duration="3"/>
    <step time="64200.00" loaded="76592" inserted="69764" running="220" waiting="6828" ended="69544" arrived="69544" collisions="162" teleports="162" halting="6" stopped="0" meanWaitingTime="1915.26" meanTravelTime="350.27" meanSpeed="20.46" meanSpeedRelative="0.64" duration="2"/>
    <step time="64500.00" loaded="76653" inserted="69982" running="223" waiting="6671" ended="69759" arrived="69759" collisions="163" teleports="163" halting="2" stopped="0" meanWaitingTime="1934.48" meanTravelTime="350.08" meanSpeed="22.43" meanSpeedRelative="0.70" duration="4"/>
    <step time="64800.00" loaded="76747" inserted="70206" running="227" waiting="6541" ended="69979" arrived="69979" collisions="163" teleports="163" halting="3" stopped="0" meanWaitingTime="1952.10" meanTravelTime="349.96" meanSpeed="21.93" meanSpeedRelative="0.69" duration="96"/>
    <step time="65100.00" loaded="76788" inserted="70411" running="213" waiting="6377" ended="70198" arrived="70198" collisions="163" teleports="163" halting="4" stopped="0" meanWaitingTime="1972.46" meanTravelTime="349.89" meanSpeed="21.84" meanSpeedRelative="0.68" duration="4"/>
    <step time="65400.00" loaded="76863" inserted="70611" running="213" waiting="6252" ended="70398" arrived="70398" collisions="163" teleports="163" halting="5" stopped="0" meanWaitingTime="1989.45" meanTravelTime="349.79" meanSpeed="21.58" meanSpeedRelative="0.67" duration="4"/>
    <step time="65700.00" loaded="76923" inserted="70828" running="216" waiting="6095" ended="70612" arrived="70612" collisions="165" teleports="165" halting="1" stopped="0" meanWaitingTime="2009.82" meanTravelTime="349.63" meanSpeed="22.27" meanSpeedRelative="0.70" duration="2"/>
    <step time="66000.00" loaded="76968" inserted="71061" running="231" waiting="5907" ended="70830" arrived="70830" collisions="165" teleports="165" halting="6" stopped="0" meanWaitingTime="2035.94" meanTravelTime="349.42" meanSpeed="21.45" meanSpeedRelative="0.67" duration="4"/>
    <step time="66300.00" loaded="77016" inserted="71244" running="214" waiting="5772" ended="71030" arrived="71030" collisions="165" teleports="165" halting="7" stopped="0" meanWaitingTime="2051.93" meanTravelTime="349.36" meanSpeed="21.23" meanSpeedRelative="0.66" duration="2"/>
    <step time="66600.00" loaded="77069" inserted="71483" running="217" waiting="5586" ended="71266" arrived="71266" collisions="166" teleports="166" halting="1" stopped="0" meanWaitingTime="2074.03" meanTravelTime="349.20" meanSpeed="22.07" meanSpeedRelative="0.69" duration="2"/>
    <step time="66900.00" loaded="77122" inserted="71655" running="163" waiting="5467" ended="71492" arrived="71492" collisions="166" teleports="166" halting="8" stopped="0" meanWaitingTime="2093.66" meanTravelTime="348.96" meanSpeed="21.79" meanSpeedRelative="0.68" duration="1"/>
    <step time="67200.00" loaded="77163" inserted="71802" running="127" waiting="5361" ended="71675" arrived="71675" collisions="166" teleports="166" halting="9" stopped="0" meanWaitingTime="2114.14" meanTravelTime="348.81" meanSpeed="19.73" meanSpeedRelative="0.62" duration="2"/>
    <step time="67500.00" loaded="77216" inserted="71939" running="141" waiting="5277" ended="71798" arrived="71798" collisions="166" teleports="166" halting="3" stopped="0" meanWaitingTime="2129.81" meanTravelTime="348.69" meanSpeed="21.19" meanSpeedRelative="0.66" duration="2"/>
    <step time="67800.00" loaded="77265" inserted="72073" running="118" waiting="5192" ended="71955" arrived="71955" collisions="166" teleports="166" halting="3" stopped="0" meanWaitingTime="2145.50" meanTravelTime="348.54" meanSpeed="19.90" meanSpeedRelative="0.62" duration="1"/>
    <step time="68100.00" loaded="77318" inserted="72210" running="112" waiting="5108" ended="72098" arrived="72098" collisions="166" teleports="166" halting="6" stopped="0" meanWaitingTime="2161.55" meanTravelTime="348.37" meanSpeed="21.82" meanSpeedRelative="0.68" duration="2"/>
    <step time="68400.00" loaded="77363" inserted="72364" running="115" waiting="4999" ended="72249" arrived="72249" collisions="166" teleports="166" halting="1" stopped="0" meanWaitingTime="2181.84" meanTravelTime="348.14" meanSpeed="20.52" meanSpeedRelative="0.64" duration="95"/>
    <step time="68700.00" loaded="77519" inserted="72586" running="160" waiting="4933" ended="72426" arrived="72426" collisions="166" teleports="166" halting="2" stopped="0" meanWaitingTime="2198.73" meanTravelTime="347.84" meanSpeed="22.40" meanSpeedRelative="0.70" duration="2"/>
    <step time="69000.00" loaded="77678" inserted="72781" running="184" waiting="4897" ended="72597" arrived="72597" collisions="166" teleports="166" halting="6" stopped="0" meanWaitingTime="2210.15" meanTravelTime="347.56" meanSpeed="22.58" meanSpeedRelative="0.71" duration="2"/>
    <step time="69300.00" loaded="77821" inserted="72970" running="176" waiting="4851" ended="72794" arrived="72794" collisions="167" teleports="167" halting="4" stopped="0" meanWaitingTime="2223.82" meanTravelTime="347.37" meanSpeed="22.25" meanSpeedRelative="0.70" duration="1"/>
    <step time="69600.00" loaded="77954" inserted="73160" running="174" waiting="4794" ended="72986" arrived="72986" collisions="167" teleports="167" halting="3" stopped="0" meanWaitingTime="2238.22" meanTravelTime="347.18" meanSpeed="22.27" meanSpeedRelative="0.70" duration="3"/>
    <step time="69900.00" loaded="78112" inserted="73376" running="198" waiting="4736" ended="73178" arrived="73178" collisions="168" teleports="168" halting="3" stopped="0" meanWaitingTime="2251.78" meanTravelTime="347.02" meanSpeed="22.37" meanSpeedRelative="0.70" duration="2"/>
    <step time="70200.00" loaded="78259" inserted="73582" running="194" waiting="4677" ended="73388" arrived="73388" collisions="168" teleports="168" halting="7" stopped="0" meanWaitingTime="2265.21" meanTravelTime="346.79" meanSpeed="21.61" meanSpeedRelative="0.68" duration="2"/>
    <step time="70500.00" loaded="78396" inserted="73778" running="179" waiting="4618" ended="73599" arrived="73599" collisions="168" teleports="168" halting="4" stopped="0" meanWaitingTime="2281.95" meanTravelTime="346.59" meanSpeed="21.74" meanSpeedRelative="0.68" duration="2"/>
    <step time="70800.00" loaded="78555" inserted="73977" running="173" waiting="4578" ended="73804" arrived="73804" collisions="168" teleports="168" halting="4" stopped="0" meanWaitingTime="2296.04" meanTravelTime="346.36" meanSpeed="22.30" meanSpeedRelative="0.70" duration="2"/>
    <step time="71100.00" loaded="78702" inserted="74184" running="181" waiting="4518" ended="74003" arrived="74003" collisions="168" teleports="168" halting="7" stopped="0" meanWaitingTime="2311.15" meanTravelTime="346.11" meanSpeed="22.27" meanSpeedRelative="0.70" duration="2"/>
    <step time="71400.00" loaded="78858" inserted="74386" running="189" waiting="4472" ended="74197" arrived="74197" collisions="168" teleports="168" halting="5" stopped="0" meanWaitingTime="2326.21" meanTravelTime="345.90" meanSpeed="21.60" meanSpeedRelative="0.68" duration="1"/>
    <step time="71700.00" loaded="79020" inserted="74591" running="188" waiting="4429" ended="74403" arrived="74403" collisions="169" teleports="169" halting="2" stopped="0" meanWaitingTime="2342.26" meanTravelTime="345.66" meanSpeed="21.73" meanSpeedRelative="0.68" duration="1"/>
    <step time="72000.00" loaded="79167" inserted="74792" running="188" waiting="4375" ended="74604" arrived="74604" collisions="169" teleports="169" halting="5" stopped="0" meanWaitingTime="2357.10" meanTravelTime="345.42" meanSpeed="21.69" meanSpeedRelative="0.68" duration="86"/>
    <step time="72300.00" loaded="79308" inserted="74994" running="190" waiting="4314" ended="74804" arrived="74804" collisions="169" teleports="169" halting="8" stopped="0" meanWaitingTime="2373.29" meanTravelTime="345.32" meanSpeed="21.53" meanSpeedRelative="0.67" duration="2"/>
    <step time="72600.00" loaded="79433" inserted="75183" running="181" waiting="4250" ended="75002" arrived="75002" collisions="169" teleports="169" halting="7" stopped="0" meanWaitingTime="2388.79" meanTravelTime="345.13" meanSpeed="21.94" meanSpeedRelative="0.69" duration="2"/>
    <step time="72900.00" loaded="79586" inserted="75390" running="193" waiting="4196" ended="75197" arrived="75197" collisions="169" teleports="169" halting="3" stopped="0" meanWaitingTime="2403.63" meanTravelTime="344.98" meanSpeed="22.45" meanSpeedRelative="0.70" duration="1"/>
    <step time="73200.00" loaded="79731" inserted="75602" running="189" waiting="4129" ended="75413" arrived="75413" collisions="170" teleports="170" halting="3" stopped="0" meanWaitingTime="2419.93" meanTravelTime="344.77" meanSpeed="22.07" meanSpeedRelative="0.69" duration="2"/>
    <step time="73500.00" loaded="79879" inserted="75808" running="186" waiting="4071" ended="75622" arrived="75622" collisions="170" teleports="170" halting="5" stopped="0" meanWaitingTime="2434.84" meanTravelTime="344.54" meanSpeed="21.88" meanSpeedRelative="0.68" duration="2"/>
    <step time="73800.00" loaded="80025" inserted="76013" running="180" waiting="4012" ended="75833" arrived="75833" collisions="170" teleports="170" halting="5" stopped="0" meanWaitingTime="2450.24" meanTravelTime="344.37" meanSpeed="22.15" meanSpeedRelative="0.69" duration="2"/>
    <step time="74100.00" loaded="80160" inserted="76207" running="173" waiting="3953" ended="76034" arrived="76034" collisions="171" teleports="171" halting="3" stopped="0" meanWaitingTime="2466.82" meanTravelTime="344.18" meanSpeed="21.76" meanSpeedRelative="0.68" duration="2"/>
    <step time="74400.00" loaded="80317" inserted="76413" running="189" waiting="3904" ended="76224" arrived="76224" collisions="171" teleports="171" halting="6" stopped="0" meanWaitingTime="2482.48" meanTravelTime="343.95" meanSpeed="21.06" meanSpeedRelative="0.66" duration="2"/>
    <step time="74700.00" loaded="80441" inserted="76591" running="172" waiting="3850" ended="76419" arrived="76419" collisions="171" teleports="171" halting="5" stopped="0" meanWaitingTime="2498.41" meanTravelTime="343.79" meanSpeed="21.86" meanSpeedRelative="0.68" duration="1"/>
    <step time="75000.00" loaded="80572" inserted="76775" running="161" waiting="3797" ended="76614" arrived="76614" collisions="171" teleports="171" halting="2" stopped="0" meanWaitingTime="2514.70" meanTravelTime="343.61" meanSpeed="21.47" meanSpeedRelative="0.67" duration="2"/>
    <step time="75300.00" loaded="80705" inserted="76965" running="164" waiting="3740" ended="76801" arrived="76801" collisions="171" teleports="171" halting="3" stopped="0" meanWaitingTime="2532.64" meanTravelTime="343.44" meanSpeed="21.45" meanSpeedRelative="0.67" duration="1"/>
    <step time="75600.00" loaded="80841" inserted="77166" running="188" waiting="3675" ended="76978" arrived="76978" collisions="171" teleports="171" halting="7" stopped="0" meanWaitingTime="2549.49" meanTravelTime="343.18" meanSpeed="21.00" meanSpeedRelative="0.66" duration="86"/>
    <step time="75900.00" loaded="81035" inserted="77386" running="198" waiting="3649" ended="77188" arrived="77188" collisions="171" teleports="171" halting="5" stopped="0" meanWaitingTime="2564.20" meanTravelTime="342.99" meanSpeed="22.68" meanSpeedRelative="0.71" duration="2"/>
    <step time="76200.00" loaded="81208" inserted="77597" running="177" waiting="3611" ended="77420" arrived="77420" collisions="171" teleports="171" halting="5" stopped="0" meanWaitingTime="2581.05" meanTravelTime="342.81" meanSpeed="21.76" meanSpeedRelative="0.68" duration="2"/>
    <step time="76500.00" loaded="81404" inserted="77837" running="202" waiting="3567" ended="77635" arrived="77635" collisions="171" teleports="171" halting="3" stopped="0" meanWaitingTime="2595.79" meanTravelTime="342.53" meanSpeed="22.68" meanSpeedRelative="0.71" duration="2"/>
    <step time="76800.00" loaded="81586" inserted="78056" running="201" waiting="3530" ended="77855" arrived="77855" collisions="171" teleports="171" halting="4" stopped="0" meanWaitingTime="2608.91" meanTravelTime="342.34" meanSpeed="21.96" meanSpeedRelative="0.69" duration="2"/>
    <step time="77100.00" loaded="81797" inserted="78306" running="223" waiting="3491" ended="78083" arrived="78083" collisions="171" teleports="171" halting="7" stopped="0" meanWaitingTime="2621.71" meanTravelTime="342.14" meanSpeed="22.42" meanSpeedRelative="0.70" duration="2"/>
    <step time="77400.00" loaded="81995" inserted="78547" running="220" waiting="3448" ended="78327" arrived="78327" collisions="171" teleports="171" halting="2" stopped="0" meanWaitingTime="2634.05" meanTravelTime="341.91" meanSpeed="21.60" meanSpeedRelative="0.68" duration="2"/>
    <step time="77700.00" loaded="82177" inserted="78777" running="214" waiting="3400" ended="78563" arrived="78563" collisions="171" teleports="171" halting="2" stopped="0" meanWaitingTime="2646.20" meanTravelTime="341.64" meanSpeed="23.22" meanSpeedRelative="0.73" duration="2"/>
    <step time="78000.00" loaded="82399" inserted="79032" running="246" waiting="3367" ended="78786" arrived="78786" collisions="172" teleports="172" halting="5" stopped="0" meanWaitingTime="2655.87" meanTravelTime="341.49" meanSpeed="22.15" meanSpeedRelative="0.69" duration="2"/>
    <step time="78300.00" loaded="82605" inserted="79285" running="242" waiting="3320" ended="79043" arrived="79043" collisions="172" teleports="172" halting="7" stopped="0" meanWaitingTime="2666.08" meanTravelTime="341.27" meanSpeed="22.04" meanSpeedRelative="0.69" duration="2"/>
    <step time="78600.00" loaded="82819" inserted="79546" running="247" waiting="3273" ended="79299" arrived="79299" collisions="172" teleports="172" halting="4" stopped="0" meanWaitingTime="2674.43" meanTravelTime="341.04" meanSpeed="22.16" meanSpeedRelative="0.69" duration="2"/>
    <step time="78900.00" loaded="82995" inserted="79786" running="228" waiting="3209" ended="79558" arrived="79558" collisions="172" teleports="172" halting="5" stopped="0" meanWaitingTime="2684.28" meanTravelTime="340.88" meanSpeed="22.45" meanSpeedRelative="0.70" duration="2"/>
    <step time="79200.00" loaded="83180" inserted="80009" running="223" waiting="3171" ended="79786" arrived="79786" collisions="173" teleports="173" halting="7" stopped="0" meanWaitingTime="2695.43" meanTravelTime="340.79" meanSpeed="22.72" meanSpeedRelative="0.71" duration="84"/>
    <step time="79500.00" loaded="83350" inserted="80226" running="204" waiting="3124" ended="80022" arrived="80022" collisions="173" teleports="173" halting="3" stopped="0" meanWaitingTime="2705.08" meanTravelTime="340.66" meanSpeed="21.81" meanSpeedRelative="0.68" duration="2"/>
    <step time="79800.00" loaded="83529" inserted="80452" running="208" waiting="3077" ended="80244" arrived="80244" collisions="173" teleports="173" halting="2" stopped="0" meanWaitingTime="2714.66" meanTravelTime="340.45" meanSpeed="22.64" meanSpeedRelative="0.71" duration="2"/>
    <step time="80100.00" loaded="83706" inserted="80668" running="198" waiting="3038" ended="80470" arrived="80470" collisions="175" teleports="175" halting="5" stopped="0" meanWaitingTime="2723.09" meanTravelTime="340.35" meanSpeed="22.31" meanSpeedRelative="0.70" duration="2"/>
    <step time="80400.00" loaded="83884" inserted="80894" running="204" waiting="2990" ended="80690" arrived="80690" collisions="176" teleports="176" halting="7" stopped="0" meanWaitingTime="2732.53" meanTravelTime="340.11" meanSpeed="21.99" meanSpeedRelative="0.69" duration="2"/>
    <step time="80700.00" loaded="84064" inserted="81122" running="212" waiting="2942" ended="80910" arrived="80910" collisions="176" teleports="176" halting="2" stopped="0" meanWaitingTime="2740.73" meanTravelTime="339.98" meanSpeed="22.15" meanSpeedRelative="0.69" duration="2"/>
    <step time="81000.00" loaded="84245" inserted="81341" running="209" waiting="2904" ended="81132" arrived="81132" collisions="176" teleports="176" halting="4" stopped="0" meanWaitingTime="2748.47" meanTravelTime="339.79" meanSpeed="21.68" meanSpeedRelative="0.68" duration="4"/>
    <step time="81300.00" loaded="84416" inserted="81569" running="191" waiting="2847" ended="81378" arrived="81378" collisions="176" teleports="176" halting="4" stopped="0" meanWaitingTime="2756.42" meanTravelTime="339.64" meanSpeed="21.46" meanSpeedRelative="0.67" duration="1"/>
    <step time="81600.00" loaded="84566" inserted="81785" running="185" waiting="2781" ended="81600" arrived="81600" collisions="176" teleports="176" halting="5" stopped="0" meanWaitingTime="2764.18" meanTravelTime="339.39" meanSpeed="21.49" meanSpeedRelative="0.67" duration="2"/>
    <step time="81900.00" loaded="84723" inserted="81993" running="189" waiting="2730" ended="81804" arrived="81804" collisions="176" teleports="176" halting="4" stopped="0" meanWaitingTime="2771.28" meanTravelTime="339.23" meanSpeed="22.08" meanSpeedRelative="0.69" duration="2"/>
    <step time="82200.00" loaded="84884" inserted="82194" running="168" waiting="2690" ended="82026" arrived="82026" collisions="177" teleports="177" halting="4" stopped="0" meanWaitingTime="2779.07" meanTravelTime="339.03" meanSpeed="21.91" meanSpeedRelative="0.68" duration="2"/>
    <step time="82500.00" loaded="85056" inserted="82406" running="195" waiting="2650" ended="82211" arrived="82211" collisions="177" teleports="177" halting="5" stopped="0" meanWaitingTime="2785.10" meanTravelTime="338.88" meanSpeed="22.00" meanSpeedRelative="0.69" duration="2"/>
</summary>
