<?xml version="1.0" encoding="UTF-8"?>

<!-- generated on 2025-08-08 12:58:33 by Eclipse SUMO sumo Version 1.23.1
<sumoConfiguration xmlns:xsi="http://www.w3.org/2001/XMLSchema-instance" xsi:noNamespaceSchemaLocation="http://sumo.dlr.de/xsd/sumoConfiguration.xsd">

    <input>
        <net-file value="Desktop\Master Thesis\Network_fin.net.xml"/>
        <route-files value="Desktop\Master Thesis\demand_model_amsterdam.rou.xml"/>
        <additional-files value="Desktop\Master Thesis\Additionnal.add.xml"/>
    </input>

    <output>
        <summary-output value="outputf/summary_coor_alinea_3neigh_method2_K80_target5_38349.xml"/>
        <summary-output.period value="300"/>
        <tripinfo-output value="outputf/tripinfo_coor_alinea_3neigh_method2_K80_target5_38349.xml"/>
    </output>

    <time>
        <begin value="0"/>
        <end value="82800"/>
        <step-length value="1"/>
    </time>

    <processing>
        <time-to-teleport value="-1"/>
    </processing>

    <report>
        <verbose value="true"/>
        <no-step-log value="true"/>
    </report>

    <emissions>
        <device.emissions.period value="10"/>
    </emissions>

    <traci_server>
        <remote-port value="50395"/>
    </traci_server>

    <random_number>
        <seed value="38349"/>
    </random_number>

</sumoConfiguration>
-->

<summary xmlns:xsi="http://www.w3.org/2001/XMLSchema-instance" xsi:noNamespaceSchemaLocation="http://sumo.dlr.de/xsd/summary_file.xsd">
    <step time="0.00" loaded="0" inserted="0" running="0" waiting="0" ended="0" arrived="0" collisions="0" teleports="0" halting="0" stopped="0" meanWaitingTime="-1.00" meanTravelTime="-1.00" meanSpeed="-1.00" meanSpeedRelative="-1.00" duration="0"/>
    <step time="300.00" loaded="149" inserted="149" running="95" waiting="0" ended="54" arrived="54" collisions="0" teleports="0" halting="0" stopped="0" meanWaitingTime="0.21" meanTravelTime="98.39" meanSpeed="25.52" meanSpeedRelative="0.80" duration="1"/>
    <step time="600.00" loaded="335" inserted="335" running="148" waiting="0" ended="187" arrived="187" collisions="0" teleports="0" halting="1" stopped="0" meanWaitingTime="0.34" meanTravelTime="149.30" meanSpeed="24.98" meanSpeedRelative="0.78" duration="2"/>
    <step time="900.00" loaded="510" inserted="510" running="159" waiting="0" ended="351" arrived="351" collisions="1" teleports="1" halting="0" stopped="0" meanWaitingTime="0.36" meanTravelTime="176.68" meanSpeed="24.57" meanSpeedRelative="0.77" duration="1"/>
    <step time="1200.00" loaded="677" inserted="677" running="154" waiting="0" ended="523" arrived="523" collisions="2" teleports="2" halting="0" stopped="0" meanWaitingTime="0.35" meanTravelTime="206.27" meanSpeed="25.54" meanSpeedRelative="0.80" duration="1"/>
    <step time="1500.00" loaded="840" inserted="840" running="144" waiting="0" ended="696" arrived="696" collisions="2" teleports="2" halting="0" stopped="0" meanWaitingTime="0.33" meanTravelTime="225.19" meanSpeed="25.73" meanSpeedRelative="0.80" duration="1"/>
    <step time="1800.00" loaded="1044" inserted="1044" running="168" waiting="0" ended="876" arrived="876" collisions="3" teleports="3" halting="1" stopped="0" meanWaitingTime="0.38" meanTravelTime="234.49" meanSpeed="23.88" meanSpeedRelative="0.75" duration="1"/>
    <step time="2100.00" loaded="1218" inserted="1218" running="160" waiting="0" ended="1058" arrived="1058" collisions="3" teleports="3" halting="1" stopped="0" meanWaitingTime="0.37" meanTravelTime="240.15" meanSpeed="24.92" meanSpeedRelative="0.78" duration="1"/>
    <step time="2400.00" loaded="1413" inserted="1413" running="173" waiting="0" ended="1240" arrived="1240" collisions="3" teleports="3" halting="0" stopped="0" meanWaitingTime="0.42" meanTravelTime="242.04" meanSpeed="25.03" meanSpeedRelative="0.78" duration="1"/>
    <step time="2700.00" loaded="1567" inserted="1567" running="145" waiting="0" ended="1422" arrived="1422" collisions="3" teleports="3" halting="1" stopped="0" meanWaitingTime="0.40" meanTravelTime="247.41" meanSpeed="24.78" meanSpeedRelative="0.77" duration="1"/>
    <step time="3000.00" loaded="1744" inserted="1743" running="161" waiting="1" ended="1582" arrived="1582" collisions="3" teleports="3" halting="0" stopped="0" meanWaitingTime="0.40" meanTravelTime="250.73" meanSpeed="25.49" meanSpeedRelative="0.80" duration="1"/>
    <step time="3300.00" loaded="1933" inserted="1933" running="169" waiting="0" ended="1764" arrived="1764" collisions="4" teleports="4" halting="4" stopped="0" meanWaitingTime="0.45" meanTravelTime="250.75" meanSpeed="24.43" meanSpeedRelative="0.76" duration="1"/>
    <step time="3600.00" loaded="2111" inserted="2099" running="157" waiting="12" ended="1942" arrived="1942" collisions="4" teleports="4" halting="1" stopped="0" meanWaitingTime="0.83" meanTravelTime="253.07" meanSpeed="24.82" meanSpeedRelative="0.78" duration="85"/>
    <step time="3900.00" loaded="2208" inserted="2201" running="97" waiting="7" ended="2104" arrived="2104" collisions="5" teleports="5" halting="2" stopped="0" meanWaitingTime="1.96" meanTravelTime="255.48" meanSpeed="23.95" meanSpeedRelative="0.75" duration="0"/>
    <step time="4200.00" loaded="2323" inserted="2323" running="98" waiting="0" ended="2225" arrived="2225" collisions="5" teleports="5" halting="2" stopped="0" meanWaitingTime="2.44" meanTravelTime="258.58" meanSpeed="25.52" meanSpeedRelative="0.80" duration="1"/>
    <step time="4500.00" loaded="2431" inserted="2431" running="103" waiting="0" ended="2328" arrived="2328" collisions="5" teleports="5" halting="0" stopped="0" meanWaitingTime="2.33" meanTravelTime="257.61" meanSpeed="25.06" meanSpeedRelative="0.78" duration="1"/>
    <step time="4800.00" loaded="2531" inserted="2531" running="75" waiting="0" ended="2456" arrived="2456" collisions="5" teleports="5" halting="1" stopped="0" meanWaitingTime="2.25" meanTravelTime="259.07" meanSpeed="26.30" meanSpeedRelative="0.82" duration="0"/>
    <step time="5100.00" loaded="2633" inserted="2633" running="76" waiting="0" ended="2557" arrived="2557" collisions="5" teleports="5" halting="0" stopped="0" meanWaitingTime="2.17" meanTravelTime="257.32" meanSpeed="25.40" meanSpeedRelative="0.79" duration="0"/>
    <step time="5400.00" loaded="2751" inserted="2751" running="84" waiting="0" ended="2667" arrived="2667" collisions="5" teleports="5" halting="0" stopped="0" meanWaitingTime="2.08" meanTravelTime="256.57" meanSpeed="26.59" meanSpeedRelative="0.83" duration="1"/>
    <step time="5700.00" loaded="2876" inserted="2875" running="97" waiting="1" ended="2778" arrived="2778" collisions="5" teleports="5" halting="1" stopped="0" meanWaitingTime="1.99" meanTravelTime="256.49" meanSpeed="25.46" meanSpeedRelative="0.80" duration="0"/>
    <step time="6000.00" loaded="2977" inserted="2977" running="88" waiting="0" ended="2889" arrived="2889" collisions="5" teleports="5" halting="0" stopped="0" meanWaitingTime="1.94" meanTravelTime="255.40" meanSpeed="26.48" meanSpeedRelative="0.83" duration="1"/>
    <step time="6300.00" loaded="3093" inserted="3093" running="95" waiting="0" ended="2998" arrived="2998" collisions="5" teleports="5" halting="1" stopped="0" meanWaitingTime="1.88" meanTravelTime="255.64" meanSpeed="25.24" meanSpeedRelative="0.79" duration="1"/>
    <step time="6600.00" loaded="3194" inserted="3194" running="85" waiting="0" ended="3109" arrived="3109" collisions="5" teleports="5" halting="0" stopped="0" meanWaitingTime="1.83" meanTravelTime="255.03" meanSpeed="25.31" meanSpeedRelative="0.79" duration="1"/>
    <step time="6900.00" loaded="3319" inserted="3319" running="94" waiting="0" ended="3225" arrived="3225" collisions="5" teleports="5" halting="0" stopped="0" meanWaitingTime="1.76" meanTravelTime="254.11" meanSpeed="25.61" meanSpeedRelative="0.80" duration="1"/>
    <step time="7200.00" loaded="3428" inserted="3428" running="80" waiting="0" ended="3348" arrived="3348" collisions="5" teleports="5" halting="0" stopped="0" meanWaitingTime="1.72" meanTravelTime="253.71" meanSpeed="25.91" meanSpeedRelative="0.81" duration="86"/>
    <step time="7500.00" loaded="3572" inserted="3569" running="117" waiting="3" ended="3452" arrived="3452" collisions="5" teleports="5" halting="1" stopped="0" meanWaitingTime="1.68" meanTravelTime="253.22" meanSpeed="23.76" meanSpeedRelative="0.74" duration="0"/>
    <step time="7800.00" loaded="3713" inserted="3705" running="115" waiting="8" ended="3590" arrived="3590" collisions="5" teleports="5" halting="3" stopped="0" meanWaitingTime="1.93" meanTravelTime="253.42" meanSpeed="24.02" meanSpeedRelative="0.75" duration="0"/>
    <step time="8100.00" loaded="3862" inserted="3855" running="128" waiting="7" ended="3727" arrived="3727" collisions="5" teleports="5" halting="1" stopped="0" meanWaitingTime="2.42" meanTravelTime="252.29" meanSpeed="24.67" meanSpeedRelative="0.77" duration="1"/>
    <step time="8400.00" loaded="4014" inserted="4006" running="119" waiting="8" ended="3887" arrived="3887" collisions="5" teleports="5" halting="2" stopped="0" meanWaitingTime="3.09" meanTravelTime="251.81" meanSpeed="23.87" meanSpeedRelative="0.75" duration="0"/>
    <step time="8700.00" loaded="4162" inserted="4155" running="125" waiting="7" ended="4030" arrived="4030" collisions="5" teleports="5" halting="5" stopped="0" meanWaitingTime="3.59" meanTravelTime="251.37" meanSpeed="24.68" meanSpeedRelative="0.77" duration="1"/>
    <step time="9000.00" loaded="4324" inserted="4301" running="134" waiting="23" ended="4167" arrived="4167" collisions="5" teleports="5" halting="0" stopped="0" meanWaitingTime="4.04" meanTravelTime="251.98" meanSpeed="25.51" meanSpeedRelative="0.80" duration="1"/>
    <step time="9300.00" loaded="4472" inserted="4453" running="126" waiting="19" ended="4327" arrived="4327" collisions="5" teleports="5" halting="2" stopped="0" meanWaitingTime="5.28" meanTravelTime="252.04" meanSpeed="24.78" meanSpeedRelative="0.77" duration="1"/>
    <step time="9600.00" loaded="4613" inserted="4598" running="118" waiting="15" ended="4480" arrived="4480" collisions="5" teleports="5" halting="2" stopped="0" meanWaitingTime="6.32" meanTravelTime="252.28" meanSpeed="24.87" meanSpeedRelative="0.78" duration="1"/>
    <step time="9900.00" loaded="4744" inserted="4728" running="114" waiting="16" ended="4614" arrived="4614" collisions="5" teleports="5" halting="0" stopped="0" meanWaitingTime="7.01" meanTravelTime="252.32" meanSpeed="24.64" meanSpeedRelative="0.77" duration="1"/>
    <step time="10200.00" loaded="4885" inserted="4863" running="117" waiting="22" ended="4746" arrived="4746" collisions="5" teleports="5" halting="3" stopped="0" meanWaitingTime="7.88" meanTravelTime="251.66" meanSpeed="24.41" meanSpeedRelative="0.76" duration="1"/>
    <step time="10500.00" loaded="5036" inserted="5011" running="132" waiting="25" ended="4879" arrived="4879" collisions="5" teleports="5" halting="8" stopped="0" meanWaitingTime="8.94" meanTravelTime="251.97" meanSpeed="23.08" meanSpeedRelative="0.72" duration="1"/>
    <step time="10800.00" loaded="5189" inserted="5164" running="130" waiting="25" ended="5034" arrived="5034" collisions="5" teleports="5" halting="1" stopped="0" meanWaitingTime="10.18" meanTravelTime="251.82" meanSpeed="24.73" meanSpeedRelative="0.77" duration="87"/>
    <step time="11100.00" loaded="5343" inserted="5314" running="120" waiting="29" ended="5194" arrived="5194" collisions="5" teleports="5" halting="1" stopped="0" meanWaitingTime="11.29" meanTravelTime="252.24" meanSpeed="24.97" meanSpeedRelative="0.78" duration="1"/>
    <step time="11400.00" loaded="5494" inserted="5444" running="114" waiting="50" ended="5330" arrived="5330" collisions="5" teleports="5" halting="7" stopped="0" meanWaitingTime="12.45" meanTravelTime="252.75" meanSpeed="25.10" meanSpeedRelative="0.78" duration="1"/>
    <step time="11700.00" loaded="5629" inserted="5587" running="104" waiting="42" ended="5483" arrived="5483" collisions="5" teleports="5" halting="1" stopped="0" meanWaitingTime="14.13" meanTravelTime="252.48" meanSpeed="24.90" meanSpeedRelative="0.78" duration="0"/>
    <step time="12000.00" loaded="5752" inserted="5709" running="102" waiting="43" ended="5607" arrived="5607" collisions="5" teleports="5" halting="1" stopped="0" meanWaitingTime="16.10" meanTravelTime="251.87" meanSpeed="24.94" meanSpeedRelative="0.78" duration="0"/>
    <step time="12300.00" loaded="5887" inserted="5840" running="99" waiting="47" ended="5741" arrived="5741" collisions="5" teleports="5" halting="3" stopped="0" meanWaitingTime="18.04" meanTravelTime="252.25" meanSpeed="23.67" meanSpeedRelative="0.74" duration="0"/>
    <step time="12600.00" loaded="6018" inserted="5971" running="96" waiting="47" ended="5875" arrived="5875" collisions="5" teleports="5" halting="1" stopped="0" meanWaitingTime="19.70" meanTravelTime="251.98" meanSpeed="24.78" meanSpeedRelative="0.77" duration="1"/>
    <step time="12900.00" loaded="6154" inserted="6105" running="107" waiting="49" ended="5998" arrived="5998" collisions="5" teleports="5" halting="1" stopped="0" meanWaitingTime="21.65" meanTravelTime="251.12" meanSpeed="23.83" meanSpeedRelative="0.74" duration="0"/>
    <step time="13200.00" loaded="6300" inserted="6245" running="108" waiting="55" ended="6137" arrived="6137" collisions="5" teleports="5" halting="2" stopped="0" meanWaitingTime="23.45" meanTravelTime="251.06" meanSpeed="24.48" meanSpeedRelative="0.76" duration="0"/>
    <step time="13500.00" loaded="6454" inserted="6388" running="110" waiting="66" ended="6278" arrived="6278" collisions="5" teleports="5" halting="2" stopped="0" meanWaitingTime="24.90" meanTravelTime="250.25" meanSpeed="24.91" meanSpeedRelative="0.78" duration="1"/>
    <step time="13800.00" loaded="6626" inserted="6555" running="120" waiting="71" ended="6435" arrived="6435" collisions="6" teleports="6" halting="0" stopped="0" meanWaitingTime="26.93" meanTravelTime="249.42" meanSpeed="25.05" meanSpeedRelative="0.78" duration="0"/>
    <step time="14100.00" loaded="6784" inserted="6706" running="104" waiting="78" ended="6602" arrived="6602" collisions="6" teleports="6" halting="1" stopped="0" meanWaitingTime="29.00" meanTravelTime="248.93" meanSpeed="24.92" meanSpeedRelative="0.78" duration="1"/>
    <step time="14400.00" loaded="6936" inserted="6851" running="113" waiting="85" ended="6738" arrived="6738" collisions="6" teleports="6" halting="5" stopped="0" meanWaitingTime="30.95" meanTravelTime="248.27" meanSpeed="24.14" meanSpeedRelative="0.75" duration="86"/>
    <step time="14700.00" loaded="7033" inserted="6946" running="87" waiting="87" ended="6859" arrived="6859" collisions="6" teleports="6" halting="0" stopped="0" meanWaitingTime="33.12" meanTravelTime="248.19" meanSpeed="24.92" meanSpeedRelative="0.78" duration="1"/>
    <step time="15000.00" loaded="7137" inserted="7062" running="87" waiting="75" ended="6975" arrived="6975" collisions="6" teleports="6" halting="0" stopped="0" meanWaitingTime="36.35" meanTravelTime="248.57" meanSpeed="23.51" meanSpeedRelative="0.73" duration="1"/>
    <step time="15300.00" loaded="7246" inserted="7170" running="84" waiting="76" ended="7086" arrived="7086" collisions="6" teleports="6" halting="4" stopped="0" meanWaitingTime="39.13" meanTravelTime="248.65" meanSpeed="23.59" meanSpeedRelative="0.74" duration="1"/>
    <step time="15600.00" loaded="7348" inserted="7269" running="83" waiting="79" ended="7186" arrived="7186" collisions="6" teleports="6" halting="2" stopped="0" meanWaitingTime="41.55" meanTravelTime="248.45" meanSpeed="23.86" meanSpeedRelative="0.75" duration="1"/>
    <step time="15900.00" loaded="7455" inserted="7367" running="79" waiting="88" ended="7288" arrived="7288" collisions="6" teleports="6" halting="1" stopped="0" meanWaitingTime="44.30" meanTravelTime="248.31" meanSpeed="25.28" meanSpeedRelative="0.79" duration="0"/>
    <step time="16200.00" loaded="7557" inserted="7472" running="84" waiting="85" ended="7388" arrived="7388" collisions="6" teleports="6" halting="2" stopped="0" meanWaitingTime="46.78" meanTravelTime="247.96" meanSpeed="23.54" meanSpeedRelative="0.74" duration="1"/>
    <step time="16500.00" loaded="7658" inserted="7576" running="72" waiting="82" ended="7504" arrived="7504" collisions="6" teleports="6" halting="2" stopped="0" meanWaitingTime="49.28" meanTravelTime="247.88" meanSpeed="24.99" meanSpeedRelative="0.78" duration="1"/>
    <step time="16800.00" loaded="7758" inserted="7680" running="75" waiting="78" ended="7605" arrived="7605" collisions="6" teleports="6" halting="1" stopped="0" meanWaitingTime="51.89" meanTravelTime="247.61" meanSpeed="23.09" meanSpeedRelative="0.72" duration="0"/>
    <step time="17100.00" loaded="7864" inserted="7788" running="80" waiting="76" ended="7708" arrived="7708" collisions="6" teleports="6" halting="1" stopped="0" meanWaitingTime="54.32" meanTravelTime="246.97" meanSpeed="24.54" meanSpeedRelative="0.77" duration="1"/>
    <step time="17400.00" loaded="7976" inserted="7903" running="82" waiting="73" ended="7821" arrived="7821" collisions="6" teleports="6" halting="3" stopped="0" meanWaitingTime="56.82" meanTravelTime="246.75" meanSpeed="24.12" meanSpeedRelative="0.75" duration="1"/>
    <step time="17700.00" loaded="8080" inserted="8012" running="90" waiting="68" ended="7922" arrived="7922" collisions="6" teleports="6" halting="3" stopped="0" meanWaitingTime="59.34" meanTravelTime="246.61" meanSpeed="23.37" meanSpeedRelative="0.73" duration="0"/>
    <step time="18000.00" loaded="8176" inserted="8117" running="64" waiting="59" ended="8053" arrived="8053" collisions="6" teleports="6" halting="0" stopped="0" meanWaitingTime="61.51" meanTravelTime="246.29" meanSpeed="24.19" meanSpeedRelative="0.76" duration="80"/>
    <step time="18300.00" loaded="8370" inserted="8301" running="124" waiting="69" ended="8177" arrived="8177" collisions="7" teleports="7" halting="1" stopped="0" meanWaitingTime="63.14" meanTravelTime="245.44" meanSpeed="24.97" meanSpeedRelative="0.78" duration="1"/>
    <step time="18600.00" loaded="8569" inserted="8481" running="139" waiting="88" ended="8342" arrived="8342" collisions="7" teleports="7" halting="9" stopped="0" meanWaitingTime="64.13" meanTravelTime="244.52" meanSpeed="23.70" meanSpeedRelative="0.74" duration="1"/>
    <step time="18900.00" loaded="8774" inserted="8670" running="158" waiting="104" ended="8512" arrived="8512" collisions="7" teleports="7" halting="1" stopped="0" meanWaitingTime="64.88" meanTravelTime="244.65" meanSpeed="24.64" meanSpeedRelative="0.77" duration="1"/>
    <step time="19200.00" loaded="8982" inserted="8862" running="150" waiting="120" ended="8712" arrived="8712" collisions="7" teleports="7" halting="2" stopped="0" meanWaitingTime="66.22" meanTravelTime="244.40" meanSpeed="24.23" meanSpeedRelative="0.76" duration="1"/>
    <step time="19500.00" loaded="9181" inserted="9038" running="140" waiting="143" ended="8898" arrived="8898" collisions="7" teleports="7" halting="4" stopped="0" meanWaitingTime="67.48" meanTravelTime="244.05" meanSpeed="24.66" meanSpeedRelative="0.77" duration="0"/>
    <step time="19800.00" loaded="9392" inserted="9232" running="156" waiting="160" ended="9076" arrived="9076" collisions="7" teleports="7" halting="2" stopped="0" meanWaitingTime="68.73" meanTravelTime="244.31" meanSpeed="24.51" meanSpeedRelative="0.77" duration="1"/>
    <step time="20100.00" loaded="9599" inserted="9425" running="169" waiting="174" ended="9256" arrived="9256" collisions="7" teleports="7" halting="3" stopped="0" meanWaitingTime="70.64" meanTravelTime="244.35" meanSpeed="24.68" meanSpeedRelative="0.77" duration="1"/>
    <step time="20400.00" loaded="9782" inserted="9606" running="156" waiting="176" ended="9450" arrived="9450" collisions="7" teleports="7" halting="5" stopped="0" meanWaitingTime="72.79" meanTravelTime="244.96" meanSpeed="23.61" meanSpeedRelative="0.74" duration="1"/>
    <step time="20700.00" loaded="9999" inserted="9812" running="156" waiting="187" ended="9656" arrived="9656" collisions="7" teleports="7" halting="2" stopped="0" meanWaitingTime="74.78" meanTravelTime="244.65" meanSpeed="23.62" meanSpeedRelative="0.74" duration="1"/>
    <step time="21000.00" loaded="10192" inserted="9985" running="147" waiting="207" ended="9838" arrived="9838" collisions="7" teleports="7" halting="1" stopped="0" meanWaitingTime="77.57" meanTravelTime="244.74" meanSpeed="24.92" meanSpeedRelative="0.78" duration="1"/>
    <step time="21300.00" loaded="10402" inserted="10184" running="158" waiting="218" ended="10026" arrived="10026" collisions="7" teleports="7" halting="4" stopped="0" meanWaitingTime="80.50" meanTravelTime="244.46" meanSpeed="24.18" meanSpeedRelative="0.76" duration="1"/>
    <step time="21600.00" loaded="10592" inserted="10357" running="142" waiting="235" ended="10215" arrived="10215" collisions="7" teleports="7" halting="5" stopped="0" meanWaitingTime="83.33" meanTravelTime="244.88" meanSpeed="24.81" meanSpeedRelative="0.78" duration="79"/>
    <step time="21900.00" loaded="11090" inserted="10770" running="332" waiting="320" ended="10438" arrived="10438" collisions="7" teleports="7" halting="2" stopped="0" meanWaitingTime="86.63" meanTravelTime="244.63" meanSpeed="22.66" meanSpeedRelative="0.71" duration="2"/>
    <step time="22200.00" loaded="11537" inserted="11142" running="372" waiting="395" ended="10770" arrived="10770" collisions="10" teleports="10" halting="5" stopped="0" meanWaitingTime="91.29" meanTravelTime="244.82" meanSpeed="21.68" meanSpeedRelative="0.68" duration="2"/>
    <step time="22500.00" loaded="11997" inserted="11542" running="401" waiting="455" ended="11141" arrived="11141" collisions="10" teleports="10" halting="1" stopped="0" meanWaitingTime="97.66" meanTravelTime="246.29" meanSpeed="21.34" meanSpeedRelative="0.67" duration="2"/>
    <step time="22800.00" loaded="12458" inserted="11925" running="419" waiting="533" ended="11506" arrived="11506" collisions="10" teleports="10" halting="6" stopped="0" meanWaitingTime="102.89" meanTravelTime="248.10" meanSpeed="21.26" meanSpeedRelative="0.66" duration="2"/>
    <step time="23100.00" loaded="12929" inserted="12320" running="408" waiting="609" ended="11912" arrived="11912" collisions="11" teleports="11" halting="2" stopped="0" meanWaitingTime="108.32" meanTravelTime="250.62" meanSpeed="20.70" meanSpeedRelative="0.65" duration="3"/>
    <step time="23400.00" loaded="13429" inserted="12731" running="437" waiting="698" ended="12294" arrived="12294" collisions="11" teleports="11" halting="4" stopped="0" meanWaitingTime="113.63" meanTravelTime="252.44" meanSpeed="20.37" meanSpeedRelative="0.64" duration="2"/>
    <step time="23700.00" loaded="13903" inserted="13131" running="435" waiting="772" ended="12696" arrived="12696" collisions="11" teleports="11" halting="8" stopped="0" meanWaitingTime="120.57" meanTravelTime="255.26" meanSpeed="19.51" meanSpeedRelative="0.61" duration="2"/>
    <step time="24000.00" loaded="14376" inserted="13534" running="443" waiting="842" ended="13091" arrived="13091" collisions="12" teleports="12" halting="6" stopped="0" meanWaitingTime="126.66" meanTravelTime="257.21" meanSpeed="19.39" meanSpeedRelative="0.61" duration="3"/>
    <step time="24300.00" loaded="14802" inserted="13916" running="462" waiting="886" ended="13454" arrived="13454" collisions="14" teleports="14" halting="3" stopped="0" meanWaitingTime="133.46" meanTravelTime="259.17" meanSpeed="19.27" meanSpeedRelative="0.60" duration="2"/>
    <step time="24600.00" loaded="15292" inserted="14307" running="445" waiting="985" ended="13862" arrived="13862" collisions="15" teleports="15" halting="6" stopped="0" meanWaitingTime="141.30" meanTravelTime="262.55" meanSpeed="20.50" meanSpeedRelative="0.64" duration="2"/>
    <step time="24900.00" loaded="15755" inserted="14695" running="443" waiting="1060" ended="14252" arrived="14252" collisions="17" teleports="17" halting="7" stopped="0" meanWaitingTime="149.79" meanTravelTime="264.95" meanSpeed="20.85" meanSpeedRelative="0.65" duration="2"/>
    <step time="25200.00" loaded="16218" inserted="15078" running="424" waiting="1140" ended="14654" arrived="14654" collisions="18" teleports="18" halting="6" stopped="0" meanWaitingTime="158.22" meanTravelTime="266.69" meanSpeed="20.58" meanSpeedRelative="0.64" duration="86"/>
    <step time="25500.00" loaded="16762" inserted="15534" running="477" waiting="1228" ended="15057" arrived="15057" collisions="19" teleports="19" halting="3" stopped="0" meanWaitingTime="167.68" meanTravelTime="268.31" meanSpeed="19.74" meanSpeedRelative="0.62" duration="3"/>
    <step time="25800.00" loaded="17328" inserted="15977" running="499" waiting="1351" ended="15478" arrived="15478" collisions="19" teleports="19" halting="4" stopped="0" meanWaitingTime="178.20" meanTravelTime="270.16" meanSpeed="18.99" meanSpeedRelative="0.59" duration="2"/>
    <step time="26100.00" loaded="17836" inserted="16426" running="517" waiting="1410" ended="15909" arrived="15909" collisions="20" teleports="20" halting="3" stopped="0" meanWaitingTime="189.06" meanTravelTime="271.86" meanSpeed="19.49" meanSpeedRelative="0.61" duration="3"/>
    <step time="26400.00" loaded="18395" inserted="16867" running="504" waiting="1528" ended="16363" arrived="16363" collisions="21" teleports="21" halting="5" stopped="0" meanWaitingTime="199.92" meanTravelTime="273.72" meanSpeed="18.75" meanSpeedRelative="0.59" duration="3"/>
    <step time="26700.00" loaded="18945" inserted="17299" running="503" waiting="1646" ended="16796" arrived="16796" collisions="21" teleports="21" halting="1" stopped="0" meanWaitingTime="211.96" meanTravelTime="275.47" meanSpeed="19.08" meanSpeedRelative="0.60" duration="4"/>
    <step time="27000.00" loaded="19515" inserted="17736" running="483" waiting="1779" ended="17253" arrived="17253" collisions="22" teleports="22" halting="1" stopped="0" meanWaitingTime="223.47" meanTravelTime="277.53" meanSpeed="19.87" meanSpeedRelative="0.62" duration="3"/>
    <step time="27300.00" loaded="20084" inserted="18193" running="499" waiting="1891" ended="17694" arrived="17694" collisions="22" teleports="22" halting="6" stopped="0" meanWaitingTime="234.86" meanTravelTime="278.78" meanSpeed="19.05" meanSpeedRelative="0.60" duration="4"/>
    <step time="27600.00" loaded="20690" inserted="18637" running="504" waiting="2053" ended="18133" arrived="18133" collisions="24" teleports="24" halting="3" stopped="0" meanWaitingTime="246.11" meanTravelTime="280.21" meanSpeed="19.43" meanSpeedRelative="0.61" duration="3"/>
    <step time="27900.00" loaded="21273" inserted="19084" running="501" waiting="2189" ended="18583" arrived="18583" collisions="25" teleports="25" halting="4" stopped="0" meanWaitingTime="259.83" meanTravelTime="281.82" meanSpeed="19.50" meanSpeedRelative="0.61" duration="4"/>
    <step time="28200.00" loaded="21846" inserted="19540" running="518" waiting="2306" ended="19022" arrived="19022" collisions="26" teleports="26" halting="4" stopped="0" meanWaitingTime="272.60" meanTravelTime="282.94" meanSpeed="19.02" meanSpeedRelative="0.59" duration="3"/>
    <step time="28500.00" loaded="22394" inserted="19963" running="482" waiting="2431" ended="19481" arrived="19481" collisions="29" teleports="29" halting="6" stopped="0" meanWaitingTime="285.45" meanTravelTime="284.59" meanSpeed="18.80" meanSpeedRelative="0.59" duration="3"/>
    <step time="28800.00" loaded="22951" inserted="20399" running="484" waiting="2552" ended="19915" arrived="19915" collisions="29" teleports="29" halting="4" stopped="0" meanWaitingTime="297.56" meanTravelTime="285.67" meanSpeed="19.07" meanSpeedRelative="0.60" duration="89"/>
    <step time="29100.00" loaded="23317" inserted="20784" running="439" waiting="2533" ended="20345" arrived="20345" collisions="30" teleports="30" halting="4" stopped="0" meanWaitingTime="311.21" meanTravelTime="286.51" meanSpeed="21.16" meanSpeedRelative="0.66" duration="2"/>
    <step time="29400.00" loaded="23686" inserted="21157" running="429" waiting="2529" ended="20728" arrived="20728" collisions="30" teleports="30" halting="6" stopped="0" meanWaitingTime="324.91" meanTravelTime="287.63" meanSpeed="20.66" meanSpeedRelative="0.65" duration="2"/>
    <step time="29700.00" loaded="24037" inserted="21542" running="407" waiting="2495" ended="21135" arrived="21135" collisions="31" teleports="31" halting="10" stopped="0" meanWaitingTime="338.43" meanTravelTime="288.78" meanSpeed="21.48" meanSpeedRelative="0.67" duration="4"/>
    <step time="30000.00" loaded="24398" inserted="21907" running="381" waiting="2491" ended="21526" arrived="21526" collisions="31" teleports="31" halting="0" stopped="0" meanWaitingTime="351.61" meanTravelTime="289.48" meanSpeed="21.01" meanSpeedRelative="0.66" duration="3"/>
    <step time="30300.00" loaded="24769" inserted="22300" running="383" waiting="2469" ended="21917" arrived="21917" collisions="31" teleports="31" halting="2" stopped="0" meanWaitingTime="364.08" meanTravelTime="289.97" meanSpeed="21.82" meanSpeedRelative="0.68" duration="3"/>
    <step time="30600.00" loaded="25100" inserted="22674" running="384" waiting="2426" ended="22290" arrived="22290" collisions="32" teleports="32" halting="6" stopped="0" meanWaitingTime="377.78" meanTravelTime="290.10" meanSpeed="21.67" meanSpeedRelative="0.68" duration="3"/>
    <step time="30900.00" loaded="25439" inserted="23057" running="387" waiting="2382" ended="22670" arrived="22670" collisions="32" teleports="32" halting="3" stopped="0" meanWaitingTime="390.51" meanTravelTime="290.42" meanSpeed="21.66" meanSpeedRelative="0.68" duration="3"/>
    <step time="31200.00" loaded="25805" inserted="23435" running="394" waiting="2370" ended="23041" arrived="23041" collisions="32" teleports="32" halting="0" stopped="0" meanWaitingTime="403.25" meanTravelTime="290.48" meanSpeed="22.21" meanSpeedRelative="0.69" duration="3"/>
    <step time="31500.00" loaded="26162" inserted="23808" running="377" waiting="2354" ended="23431" arrived="23431" collisions="33" teleports="33" halting="2" stopped="0" meanWaitingTime="413.78" meanTravelTime="290.94" meanSpeed="22.00" meanSpeedRelative="0.69" duration="3"/>
    <step time="31800.00" loaded="26527" inserted="24163" running="357" waiting="2364" ended="23806" arrived="23806" collisions="34" teleports="34" halting="5" stopped="0" meanWaitingTime="425.76" meanTravelTime="291.27" meanSpeed="22.33" meanSpeedRelative="0.70" duration="2"/>
    <step time="32100.00" loaded="26889" inserted="24522" running="345" waiting="2367" ended="24177" arrived="24177" collisions="34" teleports="34" halting="5" stopped="0" meanWaitingTime="437.86" meanTravelTime="291.30" meanSpeed="22.61" meanSpeedRelative="0.71" duration="3"/>
    <step time="32400.00" loaded="27234" inserted="24875" running="342" waiting="2359" ended="24533" arrived="24533" collisions="34" teleports="34" halting="2" stopped="0" meanWaitingTime="448.07" meanTravelTime="291.16" meanSpeed="22.00" meanSpeedRelative="0.69" duration="87"/>
    <step time="32700.00" loaded="27521" inserted="25164" running="279" waiting="2357" ended="24885" arrived="24885" collisions="34" teleports="34" halting="5" stopped="0" meanWaitingTime="460.26" meanTravelTime="291.26" meanSpeed="22.73" meanSpeedRelative="0.71" duration="2"/>
    <step time="33000.00" loaded="27782" inserted="25423" running="244" waiting="2359" ended="25179" arrived="25179" collisions="34" teleports="34" halting="2" stopped="0" meanWaitingTime="471.66" meanTravelTime="291.44" meanSpeed="23.32" meanSpeedRelative="0.73" duration="2"/>
    <step time="33300.00" loaded="28033" inserted="25680" running="238" waiting="2353" ended="25442" arrived="25442" collisions="34" teleports="34" halting="2" stopped="0" meanWaitingTime="484.74" meanTravelTime="291.54" meanSpeed="23.19" meanSpeedRelative="0.72" duration="2"/>
    <step time="33600.00" loaded="28283" inserted="25929" running="222" waiting="2354" ended="25707" arrived="25707" collisions="34" teleports="34" halting="1" stopped="0" meanWaitingTime="498.49" meanTravelTime="291.34" meanSpeed="23.12" meanSpeedRelative="0.72" duration="2"/>
    <step time="33900.00" loaded="28513" inserted="26186" running="212" waiting="2327" ended="25974" arrived="25974" collisions="34" teleports="34" halting="1" stopped="0" meanWaitingTime="513.20" meanTravelTime="291.12" meanSpeed="22.99" meanSpeedRelative="0.72" duration="1"/>
    <step time="34200.00" loaded="28765" inserted="26458" running="244" waiting="2307" ended="26214" arrived="26214" collisions="34" teleports="34" halting="1" stopped="0" meanWaitingTime="528.11" meanTravelTime="290.61" meanSpeed="23.06" meanSpeedRelative="0.72" duration="2"/>
    <step time="34500.00" loaded="29036" inserted="26719" running="230" waiting="2317" ended="26489" arrived="26489" collisions="34" teleports="34" halting="1" stopped="0" meanWaitingTime="540.91" meanTravelTime="290.53" meanSpeed="23.81" meanSpeedRelative="0.74" duration="2"/>
    <step time="34800.00" loaded="29286" inserted="26981" running="216" waiting="2305" ended="26765" arrived="26765" collisions="35" teleports="35" halting="2" stopped="0" meanWaitingTime="556.25" meanTravelTime="290.18" meanSpeed="23.64" meanSpeedRelative="0.74" duration="2"/>
    <step time="35100.00" loaded="29543" inserted="27245" running="228" waiting="2298" ended="27017" arrived="27017" collisions="36" teleports="36" halting="2" stopped="0" meanWaitingTime="571.42" meanTravelTime="289.83" meanSpeed="23.05" meanSpeedRelative="0.72" duration="2"/>
    <step time="35400.00" loaded="29796" inserted="27501" running="247" waiting="2295" ended="27254" arrived="27254" collisions="37" teleports="37" halting="1" stopped="0" meanWaitingTime="584.98" meanTravelTime="289.58" meanSpeed="23.66" meanSpeedRelative="0.74" duration="2"/>
    <step time="35700.00" loaded="30050" inserted="27762" running="234" waiting="2288" ended="27528" arrived="27528" collisions="37" teleports="37" halting="3" stopped="0" meanWaitingTime="600.76" meanTravelTime="289.63" meanSpeed="23.16" meanSpeedRelative="0.72" duration="1"/>
    <step time="36000.00" loaded="30284" inserted="28010" running="221" waiting="2274" ended="27789" arrived="27789" collisions="37" teleports="37" halting="3" stopped="0" meanWaitingTime="615.92" meanTravelTime="289.34" meanSpeed="22.78" meanSpeedRelative="0.71" duration="84"/>
    <step time="36300.00" loaded="30744" inserted="28409" running="326" waiting="2335" ended="28083" arrived="28083" collisions="37" teleports="37" halting="2" stopped="0" meanWaitingTime="627.97" meanTravelTime="288.93" meanSpeed="22.38" meanSpeedRelative="0.70" duration="3"/>
    <step time="36600.00" loaded="31225" inserted="28820" running="379" waiting="2405" ended="28441" arrived="28441" collisions="38" teleports="38" halting="7" stopped="0" meanWaitingTime="642.15" meanTravelTime="288.55" meanSpeed="21.54" meanSpeedRelative="0.67" duration="2"/>
    <step time="36900.00" loaded="31694" inserted="29201" running="387" waiting="2493" ended="28814" arrived="28814" collisions="38" teleports="38" halting="7" stopped="0" meanWaitingTime="655.66" meanTravelTime="288.44" meanSpeed="21.98" meanSpeedRelative="0.69" duration="2"/>
    <step time="37200.00" loaded="32139" inserted="29624" running="433" waiting="2515" ended="29191" arrived="29191" collisions="38" teleports="38" halting="2" stopped="0" meanWaitingTime="670.90" meanTravelTime="288.39" meanSpeed="20.79" meanSpeedRelative="0.65" duration="3"/>
    <step time="37500.00" loaded="32586" inserted="30000" running="407" waiting="2586" ended="29593" arrived="29593" collisions="38" teleports="38" halting="4" stopped="0" meanWaitingTime="684.72" meanTravelTime="288.83" meanSpeed="21.47" meanSpeedRelative="0.67" duration="6"/>
    <step time="37800.00" loaded="33063" inserted="30427" running="440" waiting="2636" ended="29987" arrived="29987" collisions="39" teleports="39" halting="4" stopped="0" meanWaitingTime="697.90" meanTravelTime="289.27" meanSpeed="21.07" meanSpeedRelative="0.66" duration="3"/>
    <step time="38100.00" loaded="33598" inserted="30858" running="454" waiting="2740" ended="30404" arrived="30404" collisions="39" teleports="39" halting="4" stopped="0" meanWaitingTime="710.64" meanTravelTime="289.49" meanSpeed="20.34" meanSpeedRelative="0.64" duration="6"/>
    <step time="38400.00" loaded="34053" inserted="31265" running="452" waiting="2788" ended="30813" arrived="30813" collisions="39" teleports="39" halting="5" stopped="0" meanWaitingTime="722.89" meanTravelTime="289.95" meanSpeed="20.85" meanSpeedRelative="0.65" duration="5"/>
    <step time="38700.00" loaded="34549" inserted="31677" running="418" waiting="2872" ended="31259" arrived="31259" collisions="39" teleports="39" halting="4" stopped="0" meanWaitingTime="736.43" meanTravelTime="290.46" meanSpeed="21.47" meanSpeedRelative="0.67" duration="4"/>
    <step time="39000.00" loaded="35006" inserted="32072" running="435" waiting="2934" ended="31637" arrived="31637" collisions="41" teleports="41" halting="7" stopped="0" meanWaitingTime="749.75" meanTravelTime="290.78" meanSpeed="20.54" meanSpeedRelative="0.64" duration="4"/>
    <step time="39300.00" loaded="35478" inserted="32451" running="412" waiting="3027" ended="32039" arrived="32039" collisions="42" teleports="42" halting="3" stopped="0" meanWaitingTime="762.34" meanTravelTime="291.28" meanSpeed="20.43" meanSpeedRelative="0.64" duration="3"/>
    <step time="39600.00" loaded="35978" inserted="32878" running="444" waiting="3100" ended="32434" arrived="32434" collisions="42" teleports="42" halting="3" stopped="0" meanWaitingTime="775.06" meanTravelTime="291.54" meanSpeed="20.56" meanSpeedRelative="0.64" duration="90"/>
    <step time="39900.00" loaded="36532" inserted="33348" running="494" waiting="3184" ended="32854" arrived="32854" collisions="44" teleports="44" halting="6" stopped="0" meanWaitingTime="787.87" meanTravelTime="291.65" meanSpeed="20.37" meanSpeedRelative="0.64" duration="4"/>
    <step time="40200.00" loaded="37048" inserted="33778" running="485" waiting="3270" ended="33293" arrived="33293" collisions="44" teleports="44" halting="8" stopped="0" meanWaitingTime="800.53" meanTravelTime="291.91" meanSpeed="20.35" meanSpeedRelative="0.64" duration="4"/>
    <step time="40500.00" loaded="37557" inserted="34205" running="466" waiting="3352" ended="33739" arrived="33739" collisions="44" teleports="44" halting="3" stopped="0" meanWaitingTime="813.10" meanTravelTime="292.55" meanSpeed="20.60" meanSpeedRelative="0.64" duration="5"/>
    <step time="40800.00" loaded="38035" inserted="34595" running="441" waiting="3440" ended="34154" arrived="34154" collisions="45" teleports="45" halting="2" stopped="0" meanWaitingTime="825.07" meanTravelTime="292.96" meanSpeed="21.33" meanSpeedRelative="0.67" duration="4"/>
    <step time="41100.00" loaded="38533" inserted="35042" running="463" waiting="3491" ended="34579" arrived="34579" collisions="47" teleports="47" halting="9" stopped="0" meanWaitingTime="837.49" meanTravelTime="293.47" meanSpeed="20.14" meanSpeedRelative="0.63" duration="5"/>
    <step time="41400.00" loaded="38997" inserted="35450" running="443" waiting="3547" ended="35007" arrived="35007" collisions="47" teleports="47" halting="4" stopped="0" meanWaitingTime="850.03" meanTravelTime="293.77" meanSpeed="21.38" meanSpeedRelative="0.67" duration="5"/>
    <step time="41700.00" loaded="39489" inserted="35856" running="441" waiting="3633" ended="35415" arrived="35415" collisions="47" teleports="47" halting="3" stopped="0" meanWaitingTime="862.63" meanTravelTime="293.98" meanSpeed="21.11" meanSpeedRelative="0.66" duration="4"/>
    <step time="42000.00" loaded="39996" inserted="36291" running="462" waiting="3705" ended="35829" arrived="35829" collisions="47" teleports="47" halting="1" stopped="0" meanWaitingTime="873.53" meanTravelTime="294.55" meanSpeed="20.21" meanSpeedRelative="0.63" duration="3"/>
    <step time="42300.00" loaded="40491" inserted="36708" running="442" waiting="3783" ended="36266" arrived="36266" collisions="48" teleports="48" halting="5" stopped="0" meanWaitingTime="885.48" meanTravelTime="294.84" meanSpeed="20.95" meanSpeedRelative="0.65" duration="3"/>
    <step time="42600.00" loaded="40988" inserted="37154" running="476" waiting="3834" ended="36678" arrived="36678" collisions="49" teleports="49" halting="6" stopped="0" meanWaitingTime="898.55" meanTravelTime="295.10" meanSpeed="20.82" meanSpeedRelative="0.65" duration="4"/>
    <step time="42900.00" loaded="41479" inserted="37603" running="517" waiting="3876" ended="37086" arrived="37086" collisions="50" teleports="50" halting="4" stopped="0" meanWaitingTime="912.78" meanTravelTime="295.28" meanSpeed="20.28" meanSpeedRelative="0.63" duration="3"/>
    <step time="43200.00" loaded="42002" inserted="38047" running="509" waiting="3955" ended="37538" arrived="37538" collisions="51" teleports="51" halting="4" stopped="0" meanWaitingTime="926.09" meanTravelTime="295.74" meanSpeed="19.87" meanSpeedRelative="0.62" duration="91"/>
    <step time="43500.00" loaded="42560" inserted="38538" running="551" waiting="4022" ended="37987" arrived="37987" collisions="53" teleports="53" halting="7" stopped="0" meanWaitingTime="939.43" meanTravelTime="296.23" meanSpeed="19.46" meanSpeedRelative="0.61" duration="3"/>
    <step time="43800.00" loaded="43067" inserted="39015" running="576" waiting="4052" ended="38439" arrived="38439" collisions="54" teleports="54" halting="11" stopped="0" meanWaitingTime="953.18" meanTravelTime="296.79" meanSpeed="19.22" meanSpeedRelative="0.60" duration="4"/>
    <step time="44100.00" loaded="43575" inserted="39461" running="556" waiting="4114" ended="38905" arrived="38905" collisions="54" teleports="54" halting="6" stopped="0" meanWaitingTime="967.63" meanTravelTime="297.60" meanSpeed="19.18" meanSpeedRelative="0.60" duration="6"/>
    <step time="44400.00" loaded="44133" inserted="39928" running="561" waiting="4205" ended="39367" arrived="39367" collisions="55" teleports="55" halting="5" stopped="0" meanWaitingTime="980.86" meanTravelTime="298.27" meanSpeed="19.75" meanSpeedRelative="0.62" duration="5"/>
    <step time="44700.00" loaded="44681" inserted="40364" running="558" waiting="4317" ended="39806" arrived="39806" collisions="55" teleports="55" halting="5" stopped="0" meanWaitingTime="989.18" meanTravelTime="299.00" meanSpeed="19.84" meanSpeedRelative="0.62" duration="3"/>
    <step time="45000.00" loaded="45213" inserted="40803" running="543" waiting="4410" ended="40260" arrived="40260" collisions="58" teleports="58" halting="4" stopped="0" meanWaitingTime="999.91" meanTravelTime="299.84" meanSpeed="18.94" meanSpeedRelative="0.59" duration="4"/>
    <step time="45300.00" loaded="45735" inserted="41242" running="539" waiting="4493" ended="40703" arrived="40703" collisions="59" teleports="59" halting="2" stopped="0" meanWaitingTime="1011.28" meanTravelTime="300.77" meanSpeed="18.84" meanSpeedRelative="0.59" duration="6"/>
    <step time="45600.00" loaded="46248" inserted="41699" running="522" waiting="4549" ended="41177" arrived="41177" collisions="59" teleports="59" halting="7" stopped="0" meanWaitingTime="1022.12" meanTravelTime="301.44" meanSpeed="19.66" meanSpeedRelative="0.61" duration="5"/>
    <step time="45900.00" loaded="46789" inserted="42125" running="491" waiting="4664" ended="41634" arrived="41634" collisions="59" teleports="59" halting="6" stopped="0" meanWaitingTime="1031.37" meanTravelTime="302.04" meanSpeed="19.96" meanSpeedRelative="0.62" duration="4"/>
    <step time="46200.00" loaded="47335" inserted="42582" running="495" waiting="4753" ended="42087" arrived="42087" collisions="59" teleports="59" halting="3" stopped="0" meanWaitingTime="1039.75" meanTravelTime="302.46" meanSpeed="20.11" meanSpeedRelative="0.63" duration="5"/>
    <step time="46500.00" loaded="47862" inserted="43034" running="516" waiting="4828" ended="42518" arrived="42518" collisions="59" teleports="59" halting="5" stopped="0" meanWaitingTime="1049.36" meanTravelTime="302.67" meanSpeed="19.12" meanSpeedRelative="0.60" duration="7"/>
    <step time="46800.00" loaded="48453" inserted="43517" running="558" waiting="4936" ended="42959" arrived="42959" collisions="61" teleports="61" halting="12" stopped="0" meanWaitingTime="1058.55" meanTravelTime="303.10" meanSpeed="18.36" meanSpeedRelative="0.57" duration="95"/>
    <step time="47100.00" loaded="48977" inserted="43982" running="579" waiting="4995" ended="43403" arrived="43403" collisions="63" teleports="63" halting="4" stopped="0" meanWaitingTime="1069.45" meanTravelTime="303.72" meanSpeed="18.92" meanSpeedRelative="0.59" duration="3"/>
    <step time="47400.00" loaded="49457" inserted="44438" running="565" waiting="5019" ended="43873" arrived="43873" collisions="65" teleports="65" halting="6" stopped="0" meanWaitingTime="1082.02" meanTravelTime="304.27" meanSpeed="18.97" meanSpeedRelative="0.59" duration="6"/>
    <step time="47700.00" loaded="49989" inserted="44914" running="579" waiting="5075" ended="44335" arrived="44335" collisions="66" teleports="66" halting="6" stopped="0" meanWaitingTime="1094.10" meanTravelTime="304.79" meanSpeed="18.29" meanSpeedRelative="0.57" duration="6"/>
    <step time="48000.00" loaded="50504" inserted="45371" running="587" waiting="5133" ended="44784" arrived="44784" collisions="69" teleports="69" halting="7" stopped="0" meanWaitingTime="1107.37" meanTravelTime="305.50" meanSpeed="17.83" meanSpeedRelative="0.56" duration="5"/>
    <step time="48300.00" loaded="51018" inserted="45819" running="575" waiting="5199" ended="45244" arrived="45244" collisions="71" teleports="71" halting="5" stopped="0" meanWaitingTime="1120.37" meanTravelTime="306.22" meanSpeed="18.67" meanSpeedRelative="0.58" duration="6"/>
    <step time="48600.00" loaded="51599" inserted="46313" running="599" waiting="5286" ended="45714" arrived="45714" collisions="72" teleports="72" halting="2" stopped="0" meanWaitingTime="1134.26" meanTravelTime="306.98" meanSpeed="18.81" meanSpeedRelative="0.59" duration="7"/>
    <step time="48900.00" loaded="52133" inserted="46768" running="574" waiting="5365" ended="46194" arrived="46194" collisions="73" teleports="73" halting="4" stopped="0" meanWaitingTime="1147.23" meanTravelTime="307.80" meanSpeed="18.77" meanSpeedRelative="0.59" duration="5"/>
    <step time="49200.00" loaded="52676" inserted="47236" running="591" waiting="5440" ended="46645" arrived="46645" collisions="74" teleports="74" halting="9" stopped="0" meanWaitingTime="1160.39" meanTravelTime="308.38" meanSpeed="18.18" meanSpeedRelative="0.57" duration="7"/>
    <step time="49500.00" loaded="53199" inserted="47661" running="563" waiting="5538" ended="47098" arrived="47098" collisions="74" teleports="74" halting="4" stopped="0" meanWaitingTime="1173.28" meanTravelTime="309.20" meanSpeed="18.83" meanSpeedRelative="0.59" duration="6"/>
    <step time="49800.00" loaded="53696" inserted="48099" running="577" waiting="5597" ended="47522" arrived="47522" collisions="75" teleports="75" halting="7" stopped="0" meanWaitingTime="1186.69" meanTravelTime="309.90" meanSpeed="18.75" meanSpeedRelative="0.59" duration="6"/>
    <step time="50100.00" loaded="54200" inserted="48552" running="597" waiting="5648" ended="47955" arrived="47955" collisions="76" teleports="76" halting="5" stopped="0" meanWaitingTime="1198.32" meanTravelTime="310.77" meanSpeed="17.89" meanSpeedRelative="0.56" duration="6"/>
    <step time="50400.00" loaded="54718" inserted="49000" running="585" waiting="5718" ended="48415" arrived="48415" collisions="78" teleports="78" halting="9" stopped="0" meanWaitingTime="1212.12" meanTravelTime="311.45" meanSpeed="18.26" meanSpeedRelative="0.57" duration="97"/>
    <step time="50700.00" loaded="55472" inserted="49540" running="667" waiting="5932" ended="48873" arrived="48873" collisions="80" teleports="80" halting="6" stopped="0" meanWaitingTime="1225.24" meanTravelTime="312.06" meanSpeed="18.28" meanSpeedRelative="0.57" duration="4"/>
    <step time="51000.00" loaded="56156" inserted="50103" running="721" waiting="6053" ended="49382" arrived="49382" collisions="80" teleports="80" halting="2" stopped="0" meanWaitingTime="1240.64" meanTravelTime="312.84" meanSpeed="16.89" meanSpeedRelative="0.53" duration="7"/>
    <step time="51300.00" loaded="56866" inserted="50647" running="770" waiting="6219" ended="49877" arrived="49877" collisions="83" teleports="83" halting="11" stopped="0" meanWaitingTime="1255.60" meanTravelTime="313.58" meanSpeed="16.30" meanSpeedRelative="0.51" duration="7"/>
    <step time="51600.00" loaded="57539" inserted="51145" running="751" waiting="6394" ended="50394" arrived="50394" collisions="83" teleports="83" halting="8" stopped="0" meanWaitingTime="1267.90" meanTravelTime="314.91" meanSpeed="15.42" meanSpeedRelative="0.48" duration="8"/>
    <step time="51900.00" loaded="58240" inserted="51655" running="767" waiting="6585" ended="50888" arrived="50888" collisions="85" teleports="85" halting="5" stopped="0" meanWaitingTime="1279.63" meanTravelTime="316.07" meanSpeed="15.46" meanSpeedRelative="0.48" duration="6"/>
    <step time="52200.00" loaded="58953" inserted="52175" running="761" waiting="6778" ended="51414" arrived="51414" collisions="86" teleports="86" halting="7" stopped="0" meanWaitingTime="1293.71" meanTravelTime="317.18" meanSpeed="15.72" meanSpeedRelative="0.49" duration="9"/>
    <step time="52500.00" loaded="59696" inserted="52718" running="783" waiting="6978" ended="51935" arrived="51935" collisions="87" teleports="87" halting="12" stopped="0" meanWaitingTime="1306.31" meanTravelTime="318.52" meanSpeed="15.35" meanSpeedRelative="0.48" duration="10"/>
    <step time="52800.00" loaded="60428" inserted="53234" running="779" waiting="7194" ended="52455" arrived="52455" collisions="88" teleports="88" halting="4" stopped="0" meanWaitingTime="1320.00" meanTravelTime="319.69" meanSpeed="15.29" meanSpeedRelative="0.48" duration="9"/>
    <step time="53100.00" loaded="61145" inserted="53757" running="778" waiting="7388" ended="52979" arrived="52979" collisions="90" teleports="90" halting="6" stopped="0" meanWaitingTime="1334.73" meanTravelTime="321.06" meanSpeed="15.39" meanSpeedRelative="0.48" duration="5"/>
    <step time="53400.00" loaded="61853" inserted="54283" running="790" waiting="7570" ended="53493" arrived="53493" collisions="93" teleports="93" halting="10" stopped="0" meanWaitingTime="1348.35" meanTravelTime="322.25" meanSpeed="14.78" meanSpeedRelative="0.46" duration="7"/>
    <step time="53700.00" loaded="62600" inserted="54846" running="835" waiting="7754" ended="54011" arrived="54011" collisions="93" teleports="93" halting="4" stopped="0" meanWaitingTime="1361.39" meanTravelTime="323.60" meanSpeed="14.42" meanSpeedRelative="0.45" duration="8"/>
    <step time="54000.00" loaded="63290" inserted="55356" running="817" waiting="7934" ended="54539" arrived="54539" collisions="96" teleports="96" halting="5" stopped="0" meanWaitingTime="1374.54" meanTravelTime="324.92" meanSpeed="14.92" meanSpeedRelative="0.47" duration="91"/>
    <step time="54300.00" loaded="63754" inserted="55819" running="758" waiting="7935" ended="55061" arrived="55061" collisions="99" teleports="99" halting="8" stopped="0" meanWaitingTime="1389.11" meanTravelTime="326.21" meanSpeed="14.93" meanSpeedRelative="0.47" duration="10"/>
    <step time="54600.00" loaded="64232" inserted="56284" running="712" waiting="7948" ended="55572" arrived="55572" collisions="104" teleports="104" halting="4" stopped="0" meanWaitingTime="1404.28" meanTravelTime="327.53" meanSpeed="16.36" meanSpeedRelative="0.51" duration="8"/>
    <step time="54900.00" loaded="64697" inserted="56722" running="663" waiting="7975" ended="56059" arrived="56059" collisions="104" teleports="104" halting="7" stopped="0" meanWaitingTime="1419.81" meanTravelTime="328.78" meanSpeed="17.10" meanSpeedRelative="0.53" duration="8"/>
    <step time="55200.00" loaded="65160" inserted="57158" running="613" waiting="8002" ended="56545" arrived="56545" collisions="104" teleports="104" halting="6" stopped="0" meanWaitingTime="1436.11" meanTravelTime="329.61" meanSpeed="18.39" meanSpeedRelative="0.57" duration="6"/>
    <step time="55500.00" loaded="65602" inserted="57623" running="606" waiting="7979" ended="57017" arrived="57017" collisions="105" teleports="105" halting="8" stopped="0" meanWaitingTime="1453.92" meanTravelTime="330.29" meanSpeed="17.19" meanSpeedRelative="0.54" duration="9"/>
    <step time="55800.00" loaded="66030" inserted="58065" running="611" waiting="7965" ended="57454" arrived="57454" collisions="110" teleports="110" halting="4" stopped="0" meanWaitingTime="1470.01" meanTravelTime="330.93" meanSpeed="17.24" meanSpeedRelative="0.54" duration="8"/>
    <step time="56100.00" loaded="66488" inserted="58503" running="593" waiting="7985" ended="57910" arrived="57910" collisions="111" teleports="111" halting="6" stopped="0" meanWaitingTime="1485.70" meanTravelTime="331.48" meanSpeed="18.31" meanSpeedRelative="0.57" duration="6"/>
    <step time="56400.00" loaded="66918" inserted="58929" running="576" waiting="7989" ended="58353" arrived="58353" collisions="113" teleports="113" halting="7" stopped="0" meanWaitingTime="1504.05" meanTravelTime="332.16" meanSpeed="17.69" meanSpeedRelative="0.55" duration="8"/>
    <step time="56700.00" loaded="67364" inserted="59383" running="579" waiting="7981" ended="58804" arrived="58804" collisions="114" teleports="114" halting="6" stopped="0" meanWaitingTime="1519.94" meanTravelTime="332.71" meanSpeed="18.45" meanSpeedRelative="0.58" duration="6"/>
    <step time="57000.00" loaded="67774" inserted="59822" running="596" waiting="7952" ended="59226" arrived="59226" collisions="114" teleports="114" halting="3" stopped="0" meanWaitingTime="1536.99" meanTravelTime="333.12" meanSpeed="17.73" meanSpeedRelative="0.55" duration="6"/>
    <step time="57300.00" loaded="68242" inserted="60284" running="587" waiting="7958" ended="59697" arrived="59697" collisions="115" teleports="115" halting="1" stopped="0" meanWaitingTime="1554.46" meanTravelTime="333.62" meanSpeed="18.01" meanSpeedRelative="0.56" duration="7"/>
    <step time="57600.00" loaded="68697" inserted="60748" running="600" waiting="7949" ended="60148" arrived="60148" collisions="116" teleports="116" halting="8" stopped="0" meanWaitingTime="1570.91" meanTravelTime="334.08" meanSpeed="18.60" meanSpeedRelative="0.58" duration="88"/>
    <step time="57900.00" loaded="69261" inserted="61229" running="615" waiting="8032" ended="60614" arrived="60614" collisions="117" teleports="117" halting="8" stopped="0" meanWaitingTime="1585.84" meanTravelTime="334.44" meanSpeed="17.72" meanSpeedRelative="0.55" duration="6"/>
    <step time="58200.00" loaded="69817" inserted="61706" running="644" waiting="8111" ended="61062" arrived="61062" collisions="119" teleports="119" halting="7" stopped="0" meanWaitingTime="1600.74" meanTravelTime="334.91" meanSpeed="16.65" meanSpeedRelative="0.52" duration="10"/>
    <step time="58500.00" loaded="70375" inserted="62187" running="692" waiting="8188" ended="61495" arrived="61495" collisions="121" teleports="121" halting="7" stopped="0" meanWaitingTime="1617.28" meanTravelTime="335.33" meanSpeed="16.32" meanSpeedRelative="0.51" duration="9"/>
    <step time="58800.00" loaded="70969" inserted="62712" running="728" waiting="8257" ended="61984" arrived="61984" collisions="123" teleports="123" halting="5" stopped="0" meanWaitingTime="1632.99" meanTravelTime="335.94" meanSpeed="16.13" meanSpeedRelative="0.50" duration="8"/>
    <step time="59100.00" loaded="71538" inserted="63198" running="751" waiting="8340" ended="62447" arrived="62447" collisions="124" teleports="124" halting="8" stopped="0" meanWaitingTime="1650.02" meanTravelTime="336.59" meanSpeed="16.61" meanSpeedRelative="0.52" duration="8"/>
    <step time="59400.00" loaded="72099" inserted="63650" running="698" waiting="8449" ended="62952" arrived="62952" collisions="126" teleports="126" halting="9" stopped="0" meanWaitingTime="1664.80" meanTravelTime="337.30" meanSpeed="16.26" meanSpeedRelative="0.51" duration="12"/>
    <step time="59700.00" loaded="72662" inserted="64142" running="704" waiting="8520" ended="63438" arrived="63438" collisions="127" teleports="127" halting="4" stopped="0" meanWaitingTime="1679.72" meanTravelTime="338.38" meanSpeed="16.46" meanSpeedRelative="0.51" duration="9"/>
    <step time="60000.00" loaded="73226" inserted="64622" running="697" waiting="8604" ended="63925" arrived="63925" collisions="129" teleports="129" halting="8" stopped="0" meanWaitingTime="1693.52" meanTravelTime="339.10" meanSpeed="16.64" meanSpeedRelative="0.52" duration="8"/>
    <step time="60300.00" loaded="73802" inserted="65120" running="698" waiting="8682" ended="64422" arrived="64422" collisions="129" teleports="129" halting="5" stopped="0" meanWaitingTime="1709.35" meanTravelTime="339.84" meanSpeed="16.21" meanSpeedRelative="0.51" duration="8"/>
    <step time="60600.00" loaded="74376" inserted="65622" running="725" waiting="8754" ended="64897" arrived="64897" collisions="131" teleports="131" halting="8" stopped="0" meanWaitingTime="1724.56" meanTravelTime="340.35" meanSpeed="15.78" meanSpeedRelative="0.49" duration="9"/>
    <step time="60900.00" loaded="74973" inserted="66129" running="750" waiting="8844" ended="65379" arrived="65379" collisions="133" teleports="133" halting="5" stopped="0" meanWaitingTime="1739.63" meanTravelTime="340.92" meanSpeed="15.41" meanSpeedRelative="0.48" duration="10"/>
    <step time="61200.00" loaded="75528" inserted="66645" running="742" waiting="8883" ended="65903" arrived="65903" collisions="137" teleports="137" halting="7" stopped="0" meanWaitingTime="1756.08" meanTravelTime="341.80" meanSpeed="15.88" meanSpeedRelative="0.50" duration="87"/>
    <step time="61500.00" loaded="75592" inserted="66971" running="592" waiting="8621" ended="66379" arrived="66379" collisions="137" teleports="137" halting="2" stopped="0" meanWaitingTime="1775.80" meanTravelTime="342.69" meanSpeed="16.94" meanSpeedRelative="0.53" duration="6"/>
    <step time="61800.00" loaded="75660" inserted="67310" running="518" waiting="8350" ended="66792" arrived="66792" collisions="139" teleports="139" halting="3" stopped="0" meanWaitingTime="1798.24" meanTravelTime="343.84" meanSpeed="17.25" meanSpeedRelative="0.54" duration="6"/>
    <step time="62100.00" loaded="75734" inserted="67648" running="461" waiting="8086" ended="67187" arrived="67187" collisions="139" teleports="139" halting="8" stopped="0" meanWaitingTime="1820.02" meanTravelTime="344.53" meanSpeed="18.30" meanSpeedRelative="0.57" duration="5"/>
    <step time="62400.00" loaded="75806" inserted="67958" running="420" waiting="7848" ended="67538" arrived="67538" collisions="139" teleports="139" halting="6" stopped="0" meanWaitingTime="1841.05" meanTravelTime="345.01" meanSpeed="19.15" meanSpeedRelative="0.60" duration="5"/>
    <step time="62700.00" loaded="75869" inserted="68244" running="377" waiting="7625" ended="67867" arrived="67867" collisions="139" teleports="139" halting="1" stopped="0" meanWaitingTime="1865.10" meanTravelTime="345.16" meanSpeed="18.86" meanSpeedRelative="0.59" duration="4"/>
    <step time="63000.00" loaded="75944" inserted="68541" running="337" waiting="7403" ended="68204" arrived="68204" collisions="139" teleports="139" halting="2" stopped="0" meanWaitingTime="1889.05" meanTravelTime="345.37" meanSpeed="19.83" meanSpeedRelative="0.62" duration="3"/>
    <step time="63300.00" loaded="76006" inserted="68805" running="310" waiting="7201" ended="68495" arrived="68495" collisions="139" teleports="139" halting="5" stopped="0" meanWaitingTime="1912.18" meanTravelTime="345.35" meanSpeed="20.35" meanSpeedRelative="0.64" duration="5"/>
    <step time="63600.00" loaded="76080" inserted="69039" running="277" waiting="7041" ended="68762" arrived="68762" collisions="139" teleports="139" halting="7" stopped="0" meanWaitingTime="1933.16" meanTravelTime="345.47" meanSpeed="21.80" meanSpeedRelative="0.68" duration="4"/>
    <step time="63900.00" loaded="76149" inserted="69267" running="248" waiting="6882" ended="69019" arrived="69019" collisions="139" teleports="139" halting="3" stopped="0" meanWaitingTime="1955.25" meanTravelTime="345.44" meanSpeed="21.68" meanSpeedRelative="0.68" duration="3"/>
    <step time="64200.00" loaded="76227" inserted="69483" running="241" waiting="6744" ended="69242" arrived="69242" collisions="139" teleports="139" halting="10" stopped="0" meanWaitingTime="1971.51" meanTravelTime="345.51" meanSpeed="21.49" meanSpeedRelative="0.67" duration="2"/>
    <step time="64500.00" loaded="76289" inserted="69683" running="213" waiting="6606" ended="69470" arrived="69470" collisions="139" teleports="139" halting="4" stopped="0" meanWaitingTime="1987.83" meanTravelTime="345.49" meanSpeed="22.20" meanSpeedRelative="0.69" duration="2"/>
    <step time="64800.00" loaded="76347" inserted="69924" running="228" waiting="6423" ended="69696" arrived="69696" collisions="139" teleports="139" halting="0" stopped="0" meanWaitingTime="2009.89" meanTravelTime="345.31" meanSpeed="22.54" meanSpeedRelative="0.70" duration="94"/>
    <step time="65100.00" loaded="76407" inserted="70134" running="216" waiting="6273" ended="69918" arrived="69918" collisions="140" teleports="140" halting="2" stopped="0" meanWaitingTime="2028.32" meanTravelTime="345.18" meanSpeed="21.29" meanSpeedRelative="0.67" duration="2"/>
    <step time="65400.00" loaded="76463" inserted="70330" running="217" waiting="6133" ended="70113" arrived="70113" collisions="140" teleports="140" halting="10" stopped="0" meanWaitingTime="2045.14" meanTravelTime="345.14" meanSpeed="21.27" meanSpeedRelative="0.66" duration="2"/>
    <step time="65700.00" loaded="76509" inserted="70524" running="211" waiting="5985" ended="70313" arrived="70313" collisions="140" teleports="140" halting="2" stopped="0" meanWaitingTime="2060.83" meanTravelTime="345.13" meanSpeed="20.53" meanSpeedRelative="0.64" duration="3"/>
    <step time="66000.00" loaded="76560" inserted="70704" running="192" waiting="5856" ended="70512" arrived="70512" collisions="140" teleports="140" halting="6" stopped="0" meanWaitingTime="2074.70" meanTravelTime="345.01" meanSpeed="22.41" meanSpeedRelative="0.70" duration="2"/>
    <step time="66300.00" loaded="76608" inserted="70846" running="137" waiting="5762" ended="70709" arrived="70709" collisions="140" teleports="140" halting="7" stopped="0" meanWaitingTime="2091.48" meanTravelTime="344.93" meanSpeed="21.03" meanSpeedRelative="0.66" duration="3"/>
    <step time="66600.00" loaded="76664" inserted="70990" running="118" waiting="5674" ended="70872" arrived="70872" collisions="140" teleports="140" halting="1" stopped="0" meanWaitingTime="2107.56" meanTravelTime="344.75" meanSpeed="21.05" meanSpeedRelative="0.66" duration="2"/>
    <step time="66900.00" loaded="76707" inserted="71145" running="132" waiting="5562" ended="71013" arrived="71013" collisions="140" teleports="140" halting="6" stopped="0" meanWaitingTime="2128.43" meanTravelTime="344.57" meanSpeed="20.44" meanSpeedRelative="0.64" duration="2"/>
    <step time="67200.00" loaded="76747" inserted="71288" running="116" waiting="5459" ended="71172" arrived="71172" collisions="140" teleports="140" halting="4" stopped="0" meanWaitingTime="2146.74" meanTravelTime="344.38" meanSpeed="21.42" meanSpeedRelative="0.67" duration="1"/>
    <step time="67500.00" loaded="76807" inserted="71443" running="114" waiting="5364" ended="71329" arrived="71329" collisions="140" teleports="140" halting="0" stopped="0" meanWaitingTime="2164.86" meanTravelTime="344.12" meanSpeed="20.89" meanSpeedRelative="0.65" duration="1"/>
    <step time="67800.00" loaded="76859" inserted="71586" running="108" waiting="5273" ended="71478" arrived="71478" collisions="140" teleports="140" halting="3" stopped="0" meanWaitingTime="2182.53" meanTravelTime="343.95" meanSpeed="19.91" meanSpeedRelative="0.62" duration="1"/>
    <step time="68100.00" loaded="76914" inserted="71722" running="105" waiting="5192" ended="71617" arrived="71617" collisions="140" teleports="140" halting="3" stopped="0" meanWaitingTime="2198.03" meanTravelTime="343.74" meanSpeed="19.48" meanSpeedRelative="0.61" duration="2"/>
    <step time="68400.00" loaded="76972" inserted="71868" running="119" waiting="5104" ended="71749" arrived="71749" collisions="140" teleports="140" halting="8" stopped="0" meanWaitingTime="2216.01" meanTravelTime="343.52" meanSpeed="20.50" meanSpeedRelative="0.64" duration="93"/>
    <step time="68700.00" loaded="77143" inserted="72092" running="174" waiting="5051" ended="71918" arrived="71918" collisions="140" teleports="140" halting="1" stopped="0" meanWaitingTime="2229.26" meanTravelTime="343.23" meanSpeed="22.06" meanSpeedRelative="0.69" duration="2"/>
    <step time="69000.00" loaded="77307" inserted="72301" running="187" waiting="5006" ended="72114" arrived="72114" collisions="141" teleports="141" halting="2" stopped="0" meanWaitingTime="2243.14" meanTravelTime="342.96" meanSpeed="21.86" meanSpeedRelative="0.68" duration="2"/>
    <step time="69300.00" loaded="77493" inserted="72531" running="208" waiting="4962" ended="72323" arrived="72323" collisions="141" teleports="141" halting="6" stopped="0" meanWaitingTime="2256.51" meanTravelTime="342.72" meanSpeed="21.66" meanSpeedRelative="0.68" duration="2"/>
    <step time="69600.00" loaded="77674" inserted="72750" running="215" waiting="4924" ended="72535" arrived="72535" collisions="141" teleports="141" halting="3" stopped="0" meanWaitingTime="2270.14" meanTravelTime="342.55" meanSpeed="22.50" meanSpeedRelative="0.70" duration="2"/>
    <step time="69900.00" loaded="77836" inserted="72963" running="220" waiting="4873" ended="72743" arrived="72743" collisions="141" teleports="141" halting="3" stopped="0" meanWaitingTime="2283.46" meanTravelTime="342.47" meanSpeed="22.12" meanSpeedRelative="0.69" duration="2"/>
    <step time="70200.00" loaded="77994" inserted="73179" running="199" waiting="4815" ended="72980" arrived="72980" collisions="141" teleports="141" halting="7" stopped="0" meanWaitingTime="2297.91" meanTravelTime="342.26" meanSpeed="21.79" meanSpeedRelative="0.68" duration="3"/>
    <step time="70500.00" loaded="78155" inserted="73388" running="204" waiting="4767" ended="73184" arrived="73184" collisions="141" teleports="141" halting="7" stopped="0" meanWaitingTime="2313.08" meanTravelTime="342.08" meanSpeed="22.00" meanSpeedRelative="0.69" duration="2"/>
    <step time="70800.00" loaded="78303" inserted="73593" running="193" waiting="4710" ended="73400" arrived="73400" collisions="141" teleports="141" halting="4" stopped="0" meanWaitingTime="2328.76" meanTravelTime="342.00" meanSpeed="21.72" meanSpeedRelative="0.68" duration="2"/>
    <step time="71100.00" loaded="78457" inserted="73798" running="178" waiting="4659" ended="73620" arrived="73620" collisions="141" teleports="141" halting="4" stopped="0" meanWaitingTime="2345.25" meanTravelTime="341.77" meanSpeed="22.58" meanSpeedRelative="0.71" duration="2"/>
    <step time="71400.00" loaded="78616" inserted="74009" running="178" waiting="4607" ended="73831" arrived="73831" collisions="141" teleports="141" halting="8" stopped="0" meanWaitingTime="2360.70" meanTravelTime="341.57" meanSpeed="21.33" meanSpeedRelative="0.67" duration="2"/>
    <step time="71700.00" loaded="78757" inserted="74217" running="204" waiting="4540" ended="74013" arrived="74013" collisions="142" teleports="142" halting="5" stopped="0" meanWaitingTime="2376.66" meanTravelTime="341.37" meanSpeed="21.57" meanSpeedRelative="0.67" duration="2"/>
    <step time="72000.00" loaded="78877" inserted="74394" running="163" waiting="4483" ended="74231" arrived="74231" collisions="142" teleports="142" halting="3" stopped="0" meanWaitingTime="2391.64" meanTravelTime="341.20" meanSpeed="22.50" meanSpeedRelative="0.70" duration="85"/>
    <step time="72300.00" loaded="78997" inserted="74571" running="159" waiting="4426" ended="74412" arrived="74412" collisions="142" teleports="142" halting="6" stopped="0" meanWaitingTime="2407.95" meanTravelTime="341.05" meanSpeed="21.42" meanSpeedRelative="0.67" duration="3"/>
    <step time="72600.00" loaded="79133" inserted="74770" running="171" waiting="4363" ended="74599" arrived="74599" collisions="142" teleports="142" halting="2" stopped="0" meanWaitingTime="2422.99" meanTravelTime="340.89" meanSpeed="22.11" meanSpeedRelative="0.69" duration="2"/>
    <step time="72900.00" loaded="79281" inserted="74975" running="176" waiting="4306" ended="74799" arrived="74799" collisions="142" teleports="142" halting="3" stopped="0" meanWaitingTime="2439.12" meanTravelTime="340.66" meanSpeed="23.12" meanSpeedRelative="0.72" duration="2"/>
    <step time="73200.00" loaded="79408" inserted="75165" running="183" waiting="4243" ended="74982" arrived="74982" collisions="142" teleports="142" halting="4" stopped="0" meanWaitingTime="2456.13" meanTravelTime="340.48" meanSpeed="22.30" meanSpeedRelative="0.70" duration="2"/>
    <step time="73500.00" loaded="79568" inserted="75373" running="210" waiting="4195" ended="75163" arrived="75163" collisions="143" teleports="143" halting="7" stopped="0" meanWaitingTime="2471.00" meanTravelTime="340.32" meanSpeed="21.29" meanSpeedRelative="0.67" duration="2"/>
    <step time="73800.00" loaded="79716" inserted="75575" running="191" waiting="4141" ended="75384" arrived="75384" collisions="143" teleports="143" halting="2" stopped="0" meanWaitingTime="2487.19" meanTravelTime="340.13" meanSpeed="21.69" meanSpeedRelative="0.68" duration="2"/>
    <step time="74100.00" loaded="79882" inserted="75795" running="195" waiting="4087" ended="75600" arrived="75600" collisions="143" teleports="143" halting="4" stopped="0" meanWaitingTime="2503.27" meanTravelTime="339.90" meanSpeed="21.28" meanSpeedRelative="0.67" duration="1"/>
    <step time="74400.00" loaded="79999" inserted="75991" running="186" waiting="4008" ended="75805" arrived="75805" collisions="144" teleports="144" halting="4" stopped="0" meanWaitingTime="2521.65" meanTravelTime="339.74" meanSpeed="21.97" meanSpeedRelative="0.69" duration="3"/>
    <step time="74700.00" loaded="80134" inserted="76183" running="177" waiting="3951" ended="76006" arrived="76006" collisions="145" teleports="145" halting="4" stopped="0" meanWaitingTime="2537.70" meanTravelTime="339.60" meanSpeed="21.82" meanSpeedRelative="0.68" duration="2"/>
    <step time="75000.00" loaded="80276" inserted="76377" running="171" waiting="3899" ended="76206" arrived="76206" collisions="145" teleports="145" halting="2" stopped="0" meanWaitingTime="2553.71" meanTravelTime="339.51" meanSpeed="22.51" meanSpeedRelative="0.70" duration="1"/>
    <step time="75300.00" loaded="80424" inserted="76582" running="178" waiting="3842" ended="76404" arrived="76404" collisions="145" teleports="145" halting="2" stopped="0" meanWaitingTime="2570.12" meanTravelTime="339.32" meanSpeed="22.20" meanSpeedRelative="0.69" duration="1"/>
    <step time="75600.00" loaded="80565" inserted="76768" running="167" waiting="3797" ended="76601" arrived="76601" collisions="145" teleports="145" halting="8" stopped="0" meanWaitingTime="2586.82" meanTravelTime="339.12" meanSpeed="21.89" meanSpeedRelative="0.68" duration="85"/>
    <step time="75900.00" loaded="80757" inserted="76991" running="204" waiting="3766" ended="76787" arrived="76787" collisions="145" teleports="145" halting="6" stopped="0" meanWaitingTime="2603.03" meanTravelTime="338.94" meanSpeed="21.38" meanSpeedRelative="0.67" duration="2"/>
    <step time="76200.00" loaded="80935" inserted="77216" running="199" waiting="3719" ended="77017" arrived="77017" collisions="145" teleports="145" halting="3" stopped="0" meanWaitingTime="2619.37" meanTravelTime="338.76" meanSpeed="23.24" meanSpeedRelative="0.73" duration="2"/>
    <step time="76500.00" loaded="81136" inserted="77465" running="220" waiting="3671" ended="77245" arrived="77245" collisions="145" teleports="145" halting="4" stopped="0" meanWaitingTime="2634.11" meanTravelTime="338.51" meanSpeed="22.35" meanSpeedRelative="0.70" duration="2"/>
    <step time="76800.00" loaded="81346" inserted="77700" running="229" waiting="3646" ended="77471" arrived="77471" collisions="145" teleports="145" halting="5" stopped="0" meanWaitingTime="2649.41" meanTravelTime="338.31" meanSpeed="22.37" meanSpeedRelative="0.70" duration="2"/>
    <step time="77100.00" loaded="81556" inserted="77938" running="222" waiting="3618" ended="77716" arrived="77716" collisions="145" teleports="145" halting="2" stopped="0" meanWaitingTime="2663.41" meanTravelTime="338.12" meanSpeed="21.88" meanSpeedRelative="0.68" duration="2"/>
    <step time="77400.00" loaded="81764" inserted="78187" running="247" waiting="3577" ended="77940" arrived="77940" collisions="145" teleports="145" halting="7" stopped="0" meanWaitingTime="2674.17" meanTravelTime="337.88" meanSpeed="23.09" meanSpeedRelative="0.72" duration="2"/>
    <step time="77700.00" loaded="81983" inserted="78435" running="227" waiting="3548" ended="78208" arrived="78208" collisions="145" teleports="145" halting="6" stopped="0" meanWaitingTime="2685.39" meanTravelTime="337.74" meanSpeed="22.11" meanSpeedRelative="0.69" duration="2"/>
    <step time="78000.00" loaded="82156" inserted="78651" running="200" waiting="3505" ended="78451" arrived="78451" collisions="145" teleports="145" halting="5" stopped="0" meanWaitingTime="2698.17" meanTravelTime="337.58" meanSpeed="21.79" meanSpeedRelative="0.68" duration="2"/>
    <step time="78300.00" loaded="82359" inserted="78889" running="213" waiting="3470" ended="78676" arrived="78676" collisions="145" teleports="145" halting="5" stopped="0" meanWaitingTime="2707.99" meanTravelTime="337.40" meanSpeed="21.87" meanSpeedRelative="0.68" duration="5"/>
    <step time="78600.00" loaded="82577" inserted="79127" running="229" waiting="3450" ended="78898" arrived="78898" collisions="145" teleports="145" halting="6" stopped="0" meanWaitingTime="2718.03" meanTravelTime="337.18" meanSpeed="21.48" meanSpeedRelative="0.67" duration="2"/>
    <step time="78900.00" loaded="82787" inserted="79369" running="221" waiting="3418" ended="79148" arrived="79148" collisions="145" teleports="145" halting="7" stopped="0" meanWaitingTime="2728.01" meanTravelTime="336.98" meanSpeed="21.47" meanSpeedRelative="0.67" duration="2"/>
    <step time="79200.00" loaded="83001" inserted="79613" running="238" waiting="3388" ended="79375" arrived="79375" collisions="145" teleports="145" halting="3" stopped="0" meanWaitingTime="2738.02" meanTravelTime="336.81" meanSpeed="22.53" meanSpeedRelative="0.70" duration="89"/>
    <step time="79500.00" loaded="83164" inserted="79821" running="200" waiting="3343" ended="79621" arrived="79621" collisions="145" teleports="145" halting="3" stopped="0" meanWaitingTime="2747.66" meanTravelTime="336.64" meanSpeed="22.48" meanSpeedRelative="0.70" duration="3"/>
    <step time="79800.00" loaded="83337" inserted="80036" running="183" waiting="3301" ended="79853" arrived="79853" collisions="145" teleports="145" halting="6" stopped="0" meanWaitingTime="2758.35" meanTravelTime="336.47" meanSpeed="21.42" meanSpeedRelative="0.67" duration="2"/>
    <step time="80100.00" loaded="83510" inserted="80261" running="192" waiting="3249" ended="80069" arrived="80069" collisions="145" teleports="145" halting="2" stopped="0" meanWaitingTime="2767.33" meanTravelTime="336.33" meanSpeed="22.60" meanSpeedRelative="0.71" duration="2"/>
    <step time="80400.00" loaded="83709" inserted="80502" running="227" waiting="3207" ended="80275" arrived="80275" collisions="145" teleports="145" halting="6" stopped="0" meanWaitingTime="2774.22" meanTravelTime="336.12" meanSpeed="22.37" meanSpeedRelative="0.70" duration="2"/>
    <step time="80700.00" loaded="83884" inserted="80723" running="215" waiting="3161" ended="80508" arrived="80508" collisions="145" teleports="145" halting="6" stopped="0" meanWaitingTime="2783.88" meanTravelTime="335.97" meanSpeed="21.60" meanSpeedRelative="0.67" duration="2"/>
    <step time="81000.00" loaded="84054" inserted="80936" running="209" waiting="3118" ended="80727" arrived="80727" collisions="145" teleports="145" halting="5" stopped="0" meanWaitingTime="2791.81" meanTravelTime="335.82" meanSpeed="21.88" meanSpeedRelative="0.68" duration="2"/>
    <step time="81300.00" loaded="84230" inserted="81158" running="202" waiting="3072" ended="80956" arrived="80956" collisions="145" teleports="145" halting="2" stopped="0" meanWaitingTime="2799.54" meanTravelTime="335.72" meanSpeed="22.77" meanSpeedRelative="0.71" duration="3"/>
    <step time="81600.00" loaded="84425" inserted="81409" running="230" waiting="3016" ended="81179" arrived="81179" collisions="145" teleports="145" halting="5" stopped="0" meanWaitingTime="2807.16" meanTravelTime="335.57" meanSpeed="21.09" meanSpeedRelative="0.66" duration="3"/>
    <step time="81900.00" loaded="84608" inserted="81632" running="219" waiting="2976" ended="81413" arrived="81413" collisions="145" teleports="145" halting="9" stopped="0" meanWaitingTime="2813.77" meanTravelTime="335.43" meanSpeed="22.24" meanSpeedRelative="0.70" duration="2"/>
    <step time="82200.00" loaded="84754" inserted="81825" running="189" waiting="2929" ended="81636" arrived="81636" collisions="145" teleports="145" halting="5" stopped="0" meanWaitingTime="2822.42" meanTravelTime="335.24" meanSpeed="22.59" meanSpeedRelative="0.71" duration="1"/>
    <step time="82500.00" loaded="84928" inserted="82033" running="189" waiting="2895" ended="81844" arrived="81844" collisions="145" teleports="145" halting="5" stopped="0" meanWaitingTime="2828.42" meanTravelTime="335.15" meanSpeed="21.93" meanSpeedRelative="0.69" duration="2"/>
</summary>
