<?xml version="1.0" encoding="UTF-8"?>

<!-- generated on 2025-08-08 14:04:17 by Eclipse SUMO sumo Version 1.23.1
<sumoConfiguration xmlns:xsi="http://www.w3.org/2001/XMLSchema-instance" xsi:noNamespaceSchemaLocation="http://sumo.dlr.de/xsd/sumoConfiguration.xsd">

    <input>
        <net-file value="Desktop\Master Thesis\Network_fin.net.xml"/>
        <route-files value="Desktop\Master Thesis\demand_model_amsterdam.rou.xml"/>
        <additional-files value="Desktop\Master Thesis\Additionnal.add.xml"/>
    </input>

    <output>
        <summary-output value="outputf/summary_coor_alinea_3neigh_method2_K80_target5_72390.xml"/>
        <summary-output.period value="300"/>
        <tripinfo-output value="outputf/tripinfo_coor_alinea_3neigh_method2_K80_target5_72390.xml"/>
    </output>

    <time>
        <begin value="0"/>
        <end value="82800"/>
        <step-length value="1"/>
    </time>

    <processing>
        <time-to-teleport value="-1"/>
    </processing>

    <report>
        <verbose value="true"/>
        <no-step-log value="true"/>
    </report>

    <emissions>
        <device.emissions.period value="10"/>
    </emissions>

    <traci_server>
        <remote-port value="50727"/>
    </traci_server>

    <random_number>
        <seed value="72390"/>
    </random_number>

</sumoConfiguration>
-->

<summary xmlns:xsi="http://www.w3.org/2001/XMLSchema-instance" xsi:noNamespaceSchemaLocation="http://sumo.dlr.de/xsd/summary_file.xsd">
    <step time="0.00" loaded="1" inserted="1" running="1" waiting="0" ended="0" arrived="0" collisions="0" teleports="0" halting="1" stopped="0" meanWaitingTime="0.00" meanTravelTime="-1.00" meanSpeed="0.00" meanSpeedRelative="0.00" duration="0"/>
    <step time="300.00" loaded="188" inserted="188" running="115" waiting="0" ended="73" arrived="73" collisions="0" teleports="0" halting="0" stopped="0" meanWaitingTime="0.41" meanTravelTime="90.78" meanSpeed="25.29" meanSpeedRelative="0.79" duration="2"/>
    <step time="600.00" loaded="368" inserted="368" running="162" waiting="0" ended="206" arrived="206" collisions="0" teleports="0" halting="0" stopped="0" meanWaitingTime="0.37" meanTravelTime="151.39" meanSpeed="25.51" meanSpeedRelative="0.80" duration="2"/>
    <step time="900.00" loaded="533" inserted="533" running="152" waiting="0" ended="381" arrived="381" collisions="0" teleports="0" halting="0" stopped="0" meanWaitingTime="0.38" meanTravelTime="199.27" meanSpeed="24.81" meanSpeedRelative="0.78" duration="1"/>
    <step time="1200.00" loaded="720" inserted="720" running="164" waiting="0" ended="556" arrived="556" collisions="1" teleports="1" halting="0" stopped="0" meanWaitingTime="0.36" meanTravelTime="216.79" meanSpeed="25.44" meanSpeedRelative="0.79" duration="1"/>
    <step time="1500.00" loaded="905" inserted="905" running="149" waiting="0" ended="756" arrived="756" collisions="1" teleports="1" halting="0" stopped="0" meanWaitingTime="0.43" meanTravelTime="226.28" meanSpeed="25.55" meanSpeedRelative="0.80" duration="1"/>
    <step time="1800.00" loaded="1069" inserted="1069" running="142" waiting="0" ended="927" arrived="927" collisions="2" teleports="2" halting="0" stopped="0" meanWaitingTime="0.43" meanTravelTime="238.38" meanSpeed="25.99" meanSpeedRelative="0.81" duration="0"/>
    <step time="2100.00" loaded="1244" inserted="1244" running="144" waiting="0" ended="1100" arrived="1100" collisions="2" teleports="2" halting="0" stopped="0" meanWaitingTime="0.41" meanTravelTime="240.77" meanSpeed="26.35" meanSpeedRelative="0.82" duration="1"/>
    <step time="2400.00" loaded="1438" inserted="1437" running="146" waiting="1" ended="1291" arrived="1291" collisions="2" teleports="2" halting="2" stopped="0" meanWaitingTime="0.41" meanTravelTime="244.56" meanSpeed="24.21" meanSpeedRelative="0.76" duration="2"/>
    <step time="2700.00" loaded="1610" inserted="1610" running="150" waiting="0" ended="1460" arrived="1460" collisions="2" teleports="2" halting="3" stopped="0" meanWaitingTime="0.41" meanTravelTime="243.48" meanSpeed="25.50" meanSpeedRelative="0.80" duration="1"/>
    <step time="3000.00" loaded="1799" inserted="1799" running="147" waiting="0" ended="1652" arrived="1652" collisions="2" teleports="2" halting="1" stopped="0" meanWaitingTime="0.42" meanTravelTime="241.81" meanSpeed="24.77" meanSpeedRelative="0.77" duration="0"/>
    <step time="3300.00" loaded="2004" inserted="1997" running="174" waiting="7" ended="1823" arrived="1823" collisions="2" teleports="2" halting="3" stopped="0" meanWaitingTime="0.68" meanTravelTime="244.11" meanSpeed="24.34" meanSpeedRelative="0.76" duration="1"/>
    <step time="3600.00" loaded="2170" inserted="2145" running="141" waiting="25" ended="2004" arrived="2004" collisions="2" teleports="2" halting="6" stopped="0" meanWaitingTime="1.75" meanTravelTime="247.13" meanSpeed="24.16" meanSpeedRelative="0.76" duration="87"/>
    <step time="3900.00" loaded="2281" inserted="2264" running="106" waiting="17" ended="2158" arrived="2158" collisions="2" teleports="2" halting="0" stopped="0" meanWaitingTime="4.32" meanTravelTime="252.19" meanSpeed="25.16" meanSpeedRelative="0.79" duration="1"/>
    <step time="4200.00" loaded="2402" inserted="2395" running="113" waiting="7" ended="2282" arrived="2282" collisions="2" teleports="2" halting="1" stopped="0" meanWaitingTime="6.42" meanTravelTime="253.79" meanSpeed="24.45" meanSpeedRelative="0.76" duration="1"/>
    <step time="4500.00" loaded="2493" inserted="2491" running="100" waiting="2" ended="2391" arrived="2391" collisions="2" teleports="2" halting="6" stopped="0" meanWaitingTime="6.88" meanTravelTime="255.68" meanSpeed="24.95" meanSpeedRelative="0.78" duration="1"/>
    <step time="4800.00" loaded="2604" inserted="2604" running="106" waiting="0" ended="2498" arrived="2498" collisions="2" teleports="2" halting="0" stopped="0" meanWaitingTime="6.67" meanTravelTime="256.85" meanSpeed="25.05" meanSpeedRelative="0.78" duration="0"/>
    <step time="5100.00" loaded="2720" inserted="2720" running="90" waiting="0" ended="2630" arrived="2630" collisions="2" teleports="2" halting="3" stopped="0" meanWaitingTime="6.40" meanTravelTime="257.87" meanSpeed="25.08" meanSpeedRelative="0.78" duration="0"/>
    <step time="5400.00" loaded="2823" inserted="2823" running="86" waiting="0" ended="2737" arrived="2737" collisions="2" teleports="2" halting="0" stopped="0" meanWaitingTime="6.18" meanTravelTime="259.13" meanSpeed="24.88" meanSpeedRelative="0.78" duration="0"/>
    <step time="5700.00" loaded="2925" inserted="2925" running="71" waiting="0" ended="2854" arrived="2854" collisions="2" teleports="2" halting="0" stopped="0" meanWaitingTime="5.96" meanTravelTime="256.44" meanSpeed="26.21" meanSpeedRelative="0.82" duration="1"/>
    <step time="6000.00" loaded="3024" inserted="3024" running="79" waiting="0" ended="2945" arrived="2945" collisions="2" teleports="2" halting="0" stopped="0" meanWaitingTime="5.77" meanTravelTime="256.55" meanSpeed="26.49" meanSpeedRelative="0.83" duration="1"/>
    <step time="6300.00" loaded="3119" inserted="3119" running="83" waiting="0" ended="3036" arrived="3036" collisions="2" teleports="2" halting="0" stopped="0" meanWaitingTime="5.60" meanTravelTime="256.37" meanSpeed="26.02" meanSpeedRelative="0.81" duration="1"/>
    <step time="6600.00" loaded="3242" inserted="3242" running="102" waiting="0" ended="3140" arrived="3140" collisions="2" teleports="2" halting="0" stopped="0" meanWaitingTime="5.40" meanTravelTime="256.43" meanSpeed="25.56" meanSpeedRelative="0.80" duration="1"/>
    <step time="6900.00" loaded="3342" inserted="3342" running="106" waiting="0" ended="3236" arrived="3236" collisions="2" teleports="2" halting="0" stopped="0" meanWaitingTime="5.24" meanTravelTime="256.80" meanSpeed="25.87" meanSpeedRelative="0.81" duration="0"/>
    <step time="7200.00" loaded="3460" inserted="3460" running="99" waiting="0" ended="3361" arrived="3361" collisions="2" teleports="2" halting="0" stopped="0" meanWaitingTime="5.07" meanTravelTime="257.62" meanSpeed="25.26" meanSpeedRelative="0.79" duration="87"/>
    <step time="7500.00" loaded="3604" inserted="3604" running="125" waiting="0" ended="3479" arrived="3479" collisions="2" teleports="2" halting="2" stopped="0" meanWaitingTime="4.91" meanTravelTime="257.17" meanSpeed="25.36" meanSpeedRelative="0.79" duration="1"/>
    <step time="7800.00" loaded="3779" inserted="3766" running="148" waiting="13" ended="3618" arrived="3618" collisions="2" teleports="2" halting="7" stopped="0" meanWaitingTime="5.03" meanTravelTime="257.03" meanSpeed="23.99" meanSpeedRelative="0.75" duration="1"/>
    <step time="8100.00" loaded="3929" inserted="3909" running="130" waiting="20" ended="3779" arrived="3779" collisions="2" teleports="2" halting="0" stopped="0" meanWaitingTime="5.81" meanTravelTime="256.72" meanSpeed="25.60" meanSpeedRelative="0.80" duration="1"/>
    <step time="8400.00" loaded="4074" inserted="4053" running="115" waiting="21" ended="3938" arrived="3938" collisions="3" teleports="3" halting="1" stopped="0" meanWaitingTime="7.06" meanTravelTime="257.16" meanSpeed="26.66" meanSpeedRelative="0.83" duration="1"/>
    <step time="8700.00" loaded="4230" inserted="4211" running="135" waiting="19" ended="4076" arrived="4076" collisions="3" teleports="3" halting="1" stopped="0" meanWaitingTime="8.03" meanTravelTime="256.60" meanSpeed="24.11" meanSpeedRelative="0.75" duration="1"/>
    <step time="9000.00" loaded="4386" inserted="4365" running="141" waiting="21" ended="4224" arrived="4224" collisions="3" teleports="3" halting="4" stopped="0" meanWaitingTime="9.10" meanTravelTime="256.54" meanSpeed="24.65" meanSpeedRelative="0.77" duration="1"/>
    <step time="9300.00" loaded="4560" inserted="4529" running="142" waiting="31" ended="4387" arrived="4387" collisions="3" teleports="3" halting="0" stopped="0" meanWaitingTime="10.10" meanTravelTime="257.54" meanSpeed="23.33" meanSpeedRelative="0.73" duration="1"/>
    <step time="9600.00" loaded="4706" inserted="4678" running="135" waiting="28" ended="4543" arrived="4543" collisions="3" teleports="3" halting="2" stopped="0" meanWaitingTime="11.72" meanTravelTime="257.64" meanSpeed="24.08" meanSpeedRelative="0.75" duration="1"/>
    <step time="9900.00" loaded="4847" inserted="4811" running="105" waiting="36" ended="4706" arrived="4706" collisions="3" teleports="3" halting="4" stopped="0" meanWaitingTime="13.06" meanTravelTime="258.03" meanSpeed="23.27" meanSpeedRelative="0.73" duration="1"/>
    <step time="10200.00" loaded="4993" inserted="4956" running="122" waiting="37" ended="4834" arrived="4834" collisions="3" teleports="3" halting="0" stopped="0" meanWaitingTime="14.45" meanTravelTime="256.88" meanSpeed="24.65" meanSpeedRelative="0.77" duration="1"/>
    <step time="10500.00" loaded="5126" inserted="5086" running="110" waiting="40" ended="4976" arrived="4976" collisions="3" teleports="3" halting="1" stopped="0" meanWaitingTime="16.34" meanTravelTime="256.79" meanSpeed="25.02" meanSpeedRelative="0.78" duration="1"/>
    <step time="10800.00" loaded="5278" inserted="5238" running="135" waiting="40" ended="5103" arrived="5103" collisions="3" teleports="3" halting="1" stopped="0" meanWaitingTime="17.89" meanTravelTime="257.15" meanSpeed="25.08" meanSpeedRelative="0.78" duration="87"/>
    <step time="11100.00" loaded="5418" inserted="5376" running="114" waiting="42" ended="5262" arrived="5262" collisions="3" teleports="3" halting="0" stopped="0" meanWaitingTime="19.27" meanTravelTime="257.08" meanSpeed="24.40" meanSpeedRelative="0.76" duration="1"/>
    <step time="11400.00" loaded="5571" inserted="5522" running="105" waiting="49" ended="5417" arrived="5417" collisions="3" teleports="3" halting="3" stopped="0" meanWaitingTime="21.33" meanTravelTime="256.82" meanSpeed="24.38" meanSpeedRelative="0.76" duration="1"/>
    <step time="11700.00" loaded="5728" inserted="5669" running="111" waiting="59" ended="5558" arrived="5558" collisions="3" teleports="3" halting="2" stopped="0" meanWaitingTime="22.83" meanTravelTime="255.80" meanSpeed="23.95" meanSpeedRelative="0.75" duration="1"/>
    <step time="12000.00" loaded="5865" inserted="5809" running="101" waiting="56" ended="5708" arrived="5708" collisions="3" teleports="3" halting="1" stopped="0" meanWaitingTime="24.81" meanTravelTime="254.76" meanSpeed="24.92" meanSpeedRelative="0.78" duration="1"/>
    <step time="12300.00" loaded="6016" inserted="5951" running="104" waiting="65" ended="5847" arrived="5847" collisions="3" teleports="3" halting="1" stopped="0" meanWaitingTime="27.23" meanTravelTime="254.27" meanSpeed="24.72" meanSpeedRelative="0.77" duration="1"/>
    <step time="12600.00" loaded="6178" inserted="6103" running="101" waiting="75" ended="6002" arrived="6002" collisions="3" teleports="3" halting="0" stopped="0" meanWaitingTime="28.85" meanTravelTime="253.97" meanSpeed="24.57" meanSpeedRelative="0.77" duration="1"/>
    <step time="12900.00" loaded="6326" inserted="6246" running="101" waiting="80" ended="6145" arrived="6145" collisions="3" teleports="3" halting="3" stopped="0" meanWaitingTime="31.26" meanTravelTime="252.64" meanSpeed="23.77" meanSpeedRelative="0.74" duration="1"/>
    <step time="13200.00" loaded="6474" inserted="6384" running="108" waiting="90" ended="6276" arrived="6276" collisions="3" teleports="3" halting="2" stopped="0" meanWaitingTime="33.50" meanTravelTime="252.32" meanSpeed="23.98" meanSpeedRelative="0.75" duration="0"/>
    <step time="13500.00" loaded="6622" inserted="6531" running="122" waiting="91" ended="6409" arrived="6409" collisions="3" teleports="3" halting="2" stopped="0" meanWaitingTime="35.93" meanTravelTime="251.90" meanSpeed="24.61" meanSpeedRelative="0.77" duration="1"/>
    <step time="13800.00" loaded="6751" inserted="6668" running="107" waiting="83" ended="6561" arrived="6561" collisions="3" teleports="3" halting="2" stopped="0" meanWaitingTime="38.73" meanTravelTime="251.39" meanSpeed="24.22" meanSpeedRelative="0.76" duration="1"/>
    <step time="14100.00" loaded="6912" inserted="6821" running="112" waiting="91" ended="6709" arrived="6709" collisions="3" teleports="3" halting="1" stopped="0" meanWaitingTime="41.69" meanTravelTime="251.01" meanSpeed="23.56" meanSpeedRelative="0.74" duration="1"/>
    <step time="14400.00" loaded="7065" inserted="6974" running="120" waiting="91" ended="6854" arrived="6854" collisions="3" teleports="3" halting="5" stopped="0" meanWaitingTime="44.55" meanTravelTime="250.05" meanSpeed="23.26" meanSpeedRelative="0.73" duration="87"/>
    <step time="14700.00" loaded="7163" inserted="7073" running="93" waiting="90" ended="6980" arrived="6980" collisions="3" teleports="3" halting="0" stopped="0" meanWaitingTime="47.12" meanTravelTime="249.99" meanSpeed="24.39" meanSpeedRelative="0.76" duration="1"/>
    <step time="15000.00" loaded="7276" inserted="7184" running="92" waiting="92" ended="7092" arrived="7092" collisions="4" teleports="4" halting="2" stopped="0" meanWaitingTime="49.93" meanTravelTime="250.18" meanSpeed="24.29" meanSpeedRelative="0.76" duration="1"/>
    <step time="15300.00" loaded="7389" inserted="7299" running="86" waiting="90" ended="7213" arrived="7213" collisions="4" teleports="4" halting="3" stopped="0" meanWaitingTime="52.61" meanTravelTime="250.35" meanSpeed="24.31" meanSpeedRelative="0.76" duration="0"/>
    <step time="15600.00" loaded="7490" inserted="7398" running="78" waiting="92" ended="7320" arrived="7320" collisions="4" teleports="4" halting="1" stopped="0" meanWaitingTime="55.32" meanTravelTime="249.88" meanSpeed="24.89" meanSpeedRelative="0.78" duration="1"/>
    <step time="15900.00" loaded="7599" inserted="7504" running="81" waiting="95" ended="7423" arrived="7423" collisions="4" teleports="4" halting="2" stopped="0" meanWaitingTime="58.42" meanTravelTime="249.63" meanSpeed="25.09" meanSpeedRelative="0.78" duration="0"/>
    <step time="16200.00" loaded="7703" inserted="7616" running="77" waiting="87" ended="7539" arrived="7539" collisions="4" teleports="4" halting="1" stopped="0" meanWaitingTime="61.18" meanTravelTime="249.07" meanSpeed="24.68" meanSpeedRelative="0.77" duration="1"/>
    <step time="16500.00" loaded="7809" inserted="7724" running="74" waiting="85" ended="7650" arrived="7650" collisions="4" teleports="4" halting="5" stopped="0" meanWaitingTime="63.56" meanTravelTime="249.08" meanSpeed="23.96" meanSpeedRelative="0.75" duration="0"/>
    <step time="16800.00" loaded="7897" inserted="7810" running="70" waiting="87" ended="7740" arrived="7740" collisions="4" teleports="4" halting="3" stopped="0" meanWaitingTime="66.33" meanTravelTime="248.85" meanSpeed="24.58" meanSpeedRelative="0.77" duration="1"/>
    <step time="17100.00" loaded="7998" inserted="7914" running="80" waiting="84" ended="7834" arrived="7834" collisions="4" teleports="4" halting="1" stopped="0" meanWaitingTime="68.81" meanTravelTime="248.31" meanSpeed="24.51" meanSpeedRelative="0.77" duration="0"/>
    <step time="17400.00" loaded="8113" inserted="8026" running="79" waiting="87" ended="7947" arrived="7947" collisions="4" teleports="4" halting="4" stopped="0" meanWaitingTime="71.09" meanTravelTime="247.80" meanSpeed="23.03" meanSpeedRelative="0.72" duration="0"/>
    <step time="17700.00" loaded="8219" inserted="8133" running="77" waiting="86" ended="8056" arrived="8056" collisions="4" teleports="4" halting="0" stopped="0" meanWaitingTime="73.30" meanTravelTime="248.02" meanSpeed="23.94" meanSpeedRelative="0.75" duration="1"/>
    <step time="18000.00" loaded="8317" inserted="8238" running="76" waiting="79" ended="8162" arrived="8162" collisions="4" teleports="4" halting="2" stopped="0" meanWaitingTime="76.03" meanTravelTime="247.86" meanSpeed="25.20" meanSpeedRelative="0.79" duration="83"/>
    <step time="18300.00" loaded="8506" inserted="8414" running="116" waiting="92" ended="8298" arrived="8298" collisions="4" teleports="4" halting="2" stopped="0" meanWaitingTime="77.82" meanTravelTime="246.80" meanSpeed="24.32" meanSpeedRelative="0.76" duration="1"/>
    <step time="18600.00" loaded="8706" inserted="8592" running="137" waiting="114" ended="8455" arrived="8455" collisions="4" teleports="4" halting="5" stopped="0" meanWaitingTime="79.26" meanTravelTime="246.08" meanSpeed="24.54" meanSpeedRelative="0.77" duration="1"/>
    <step time="18900.00" loaded="8885" inserted="8766" running="133" waiting="119" ended="8633" arrived="8633" collisions="4" teleports="4" halting="0" stopped="0" meanWaitingTime="80.47" meanTravelTime="246.15" meanSpeed="25.71" meanSpeedRelative="0.80" duration="1"/>
    <step time="19200.00" loaded="9054" inserted="8927" running="122" waiting="127" ended="8805" arrived="8805" collisions="4" teleports="4" halting="4" stopped="0" meanWaitingTime="81.92" meanTravelTime="245.46" meanSpeed="24.25" meanSpeedRelative="0.76" duration="0"/>
    <step time="19500.00" loaded="9242" inserted="9103" running="151" waiting="139" ended="8952" arrived="8952" collisions="4" teleports="4" halting="1" stopped="0" meanWaitingTime="83.48" meanTravelTime="245.38" meanSpeed="23.90" meanSpeedRelative="0.75" duration="1"/>
    <step time="19800.00" loaded="9456" inserted="9310" running="155" waiting="146" ended="9155" arrived="9155" collisions="4" teleports="4" halting="0" stopped="0" meanWaitingTime="85.52" meanTravelTime="245.04" meanSpeed="25.06" meanSpeedRelative="0.78" duration="1"/>
    <step time="20100.00" loaded="9666" inserted="9498" running="160" waiting="168" ended="9338" arrived="9338" collisions="4" teleports="4" halting="2" stopped="0" meanWaitingTime="87.48" meanTravelTime="245.00" meanSpeed="25.14" meanSpeedRelative="0.79" duration="1"/>
    <step time="20400.00" loaded="9859" inserted="9674" running="139" waiting="185" ended="9535" arrived="9535" collisions="5" teleports="5" halting="1" stopped="0" meanWaitingTime="89.26" meanTravelTime="244.95" meanSpeed="24.37" meanSpeedRelative="0.76" duration="1"/>
    <step time="20700.00" loaded="10056" inserted="9850" running="160" waiting="206" ended="9690" arrived="9690" collisions="5" teleports="5" halting="1" stopped="0" meanWaitingTime="91.43" meanTravelTime="244.90" meanSpeed="23.99" meanSpeedRelative="0.75" duration="1"/>
    <step time="21000.00" loaded="10294" inserted="10060" running="177" waiting="234" ended="9883" arrived="9883" collisions="5" teleports="5" halting="3" stopped="0" meanWaitingTime="93.35" meanTravelTime="245.38" meanSpeed="23.02" meanSpeedRelative="0.72" duration="1"/>
    <step time="21300.00" loaded="10479" inserted="10229" running="138" waiting="250" ended="10091" arrived="10091" collisions="5" teleports="5" halting="5" stopped="0" meanWaitingTime="96.10" meanTravelTime="245.09" meanSpeed="24.06" meanSpeedRelative="0.75" duration="1"/>
    <step time="21600.00" loaded="10670" inserted="10416" running="146" waiting="254" ended="10270" arrived="10270" collisions="5" teleports="5" halting="1" stopped="0" meanWaitingTime="98.98" meanTravelTime="245.23" meanSpeed="24.96" meanSpeedRelative="0.78" duration="80"/>
    <step time="21900.00" loaded="11117" inserted="10791" running="299" waiting="326" ended="10492" arrived="10492" collisions="5" teleports="5" halting="7" stopped="0" meanWaitingTime="102.28" meanTravelTime="244.52" meanSpeed="22.16" meanSpeedRelative="0.69" duration="1"/>
    <step time="22200.00" loaded="11537" inserted="11136" running="331" waiting="401" ended="10805" arrived="10805" collisions="5" teleports="5" halting="2" stopped="0" meanWaitingTime="106.39" meanTravelTime="244.37" meanSpeed="22.20" meanSpeedRelative="0.69" duration="2"/>
    <step time="22500.00" loaded="12024" inserted="11537" running="384" waiting="487" ended="11153" arrived="11153" collisions="5" teleports="5" halting="7" stopped="0" meanWaitingTime="110.54" meanTravelTime="245.40" meanSpeed="20.84" meanSpeedRelative="0.65" duration="2"/>
    <step time="22800.00" loaded="12478" inserted="11914" running="396" waiting="564" ended="11518" arrived="11518" collisions="5" teleports="5" halting="4" stopped="0" meanWaitingTime="115.50" meanTravelTime="247.36" meanSpeed="20.92" meanSpeedRelative="0.65" duration="3"/>
    <step time="23100.00" loaded="12980" inserted="12317" running="392" waiting="663" ended="11925" arrived="11925" collisions="6" teleports="6" halting="2" stopped="0" meanWaitingTime="119.93" meanTravelTime="249.24" meanSpeed="21.08" meanSpeedRelative="0.66" duration="2"/>
    <step time="23400.00" loaded="13458" inserted="12718" running="413" waiting="740" ended="12305" arrived="12305" collisions="7" teleports="7" halting="9" stopped="0" meanWaitingTime="125.51" meanTravelTime="251.09" meanSpeed="21.62" meanSpeedRelative="0.68" duration="3"/>
    <step time="23700.00" loaded="13920" inserted="13105" running="415" waiting="815" ended="12690" arrived="12690" collisions="8" teleports="8" halting="3" stopped="0" meanWaitingTime="131.05" meanTravelTime="252.51" meanSpeed="20.14" meanSpeedRelative="0.63" duration="4"/>
    <step time="24000.00" loaded="14406" inserted="13491" running="420" waiting="915" ended="13071" arrived="13071" collisions="8" teleports="8" halting="5" stopped="0" meanWaitingTime="137.78" meanTravelTime="254.17" meanSpeed="21.02" meanSpeedRelative="0.66" duration="3"/>
    <step time="24300.00" loaded="14870" inserted="13875" running="413" waiting="995" ended="13462" arrived="13462" collisions="8" teleports="8" halting="2" stopped="0" meanWaitingTime="144.36" meanTravelTime="256.41" meanSpeed="21.32" meanSpeedRelative="0.67" duration="2"/>
    <step time="24600.00" loaded="15334" inserted="14244" running="406" waiting="1090" ended="13838" arrived="13838" collisions="8" teleports="8" halting="5" stopped="0" meanWaitingTime="152.25" meanTravelTime="258.32" meanSpeed="21.27" meanSpeedRelative="0.66" duration="3"/>
    <step time="24900.00" loaded="15789" inserted="14625" running="410" waiting="1164" ended="14215" arrived="14215" collisions="10" teleports="10" halting="4" stopped="0" meanWaitingTime="160.73" meanTravelTime="260.27" meanSpeed="21.57" meanSpeedRelative="0.67" duration="2"/>
    <step time="25200.00" loaded="16242" inserted="15033" running="438" waiting="1209" ended="14595" arrived="14595" collisions="10" teleports="10" halting="4" stopped="0" meanWaitingTime="169.60" meanTravelTime="261.29" meanSpeed="20.48" meanSpeedRelative="0.64" duration="88"/>
    <step time="25500.00" loaded="16808" inserted="15460" running="453" waiting="1348" ended="15007" arrived="15007" collisions="10" teleports="10" halting="7" stopped="0" meanWaitingTime="178.52" meanTravelTime="263.28" meanSpeed="20.06" meanSpeedRelative="0.63" duration="4"/>
    <step time="25800.00" loaded="17399" inserted="15902" running="508" waiting="1497" ended="15394" arrived="15394" collisions="11" teleports="11" halting="2" stopped="0" meanWaitingTime="188.14" meanTravelTime="264.94" meanSpeed="19.61" meanSpeedRelative="0.61" duration="3"/>
    <step time="26100.00" loaded="18003" inserted="16367" running="546" waiting="1636" ended="15821" arrived="15821" collisions="11" teleports="11" halting="5" stopped="0" meanWaitingTime="200.30" meanTravelTime="266.96" meanSpeed="19.31" meanSpeedRelative="0.60" duration="5"/>
    <step time="26400.00" loaded="18562" inserted="16795" running="513" waiting="1767" ended="16282" arrived="16282" collisions="13" teleports="13" halting="5" stopped="0" meanWaitingTime="210.90" meanTravelTime="269.52" meanSpeed="19.78" meanSpeedRelative="0.62" duration="5"/>
    <step time="26700.00" loaded="19106" inserted="17237" running="500" waiting="1869" ended="16737" arrived="16737" collisions="14" teleports="14" halting="4" stopped="0" meanWaitingTime="223.09" meanTravelTime="270.96" meanSpeed="20.06" meanSpeedRelative="0.63" duration="5"/>
    <step time="27000.00" loaded="19655" inserted="17677" running="486" waiting="1978" ended="17191" arrived="17191" collisions="14" teleports="14" halting="7" stopped="0" meanWaitingTime="235.85" meanTravelTime="273.32" meanSpeed="19.57" meanSpeedRelative="0.61" duration="3"/>
    <step time="27300.00" loaded="20261" inserted="18139" running="514" waiting="2122" ended="17625" arrived="17625" collisions="14" teleports="14" halting="4" stopped="0" meanWaitingTime="247.77" meanTravelTime="275.08" meanSpeed="19.04" meanSpeedRelative="0.60" duration="4"/>
    <step time="27600.00" loaded="20809" inserted="18567" running="505" waiting="2242" ended="18062" arrived="18062" collisions="15" teleports="15" halting="4" stopped="0" meanWaitingTime="260.01" meanTravelTime="276.67" meanSpeed="19.21" meanSpeedRelative="0.60" duration="4"/>
    <step time="27900.00" loaded="21387" inserted="19027" running="515" waiting="2360" ended="18512" arrived="18512" collisions="17" teleports="17" halting="10" stopped="0" meanWaitingTime="273.06" meanTravelTime="278.11" meanSpeed="18.93" meanSpeedRelative="0.59" duration="4"/>
    <step time="28200.00" loaded="21941" inserted="19492" running="522" waiting="2449" ended="18970" arrived="18970" collisions="17" teleports="17" halting="4" stopped="0" meanWaitingTime="286.64" meanTravelTime="279.83" meanSpeed="18.84" meanSpeedRelative="0.59" duration="4"/>
    <step time="28500.00" loaded="22540" inserted="19945" running="524" waiting="2595" ended="19421" arrived="19421" collisions="18" teleports="18" halting="1" stopped="0" meanWaitingTime="300.49" meanTravelTime="280.98" meanSpeed="18.29" meanSpeedRelative="0.57" duration="5"/>
    <step time="28800.00" loaded="23053" inserted="20360" running="501" waiting="2693" ended="19859" arrived="19859" collisions="18" teleports="18" halting="4" stopped="0" meanWaitingTime="314.51" meanTravelTime="282.77" meanSpeed="19.09" meanSpeedRelative="0.60" duration="91"/>
    <step time="29100.00" loaded="23438" inserted="20760" running="462" waiting="2678" ended="20298" arrived="20298" collisions="18" teleports="18" halting="4" stopped="0" meanWaitingTime="329.00" meanTravelTime="284.50" meanSpeed="19.43" meanSpeedRelative="0.61" duration="4"/>
    <step time="29400.00" loaded="23779" inserted="21136" running="413" waiting="2643" ended="20723" arrived="20723" collisions="19" teleports="19" halting="2" stopped="0" meanWaitingTime="343.58" meanTravelTime="285.66" meanSpeed="21.02" meanSpeedRelative="0.66" duration="4"/>
    <step time="29700.00" loaded="24151" inserted="21519" running="424" waiting="2632" ended="21095" arrived="21095" collisions="20" teleports="20" halting="2" stopped="0" meanWaitingTime="358.44" meanTravelTime="286.15" meanSpeed="19.91" meanSpeedRelative="0.62" duration="4"/>
    <step time="30000.00" loaded="24505" inserted="21909" running="414" waiting="2596" ended="21495" arrived="21495" collisions="21" teleports="21" halting="6" stopped="0" meanWaitingTime="371.62" meanTravelTime="287.12" meanSpeed="20.56" meanSpeedRelative="0.64" duration="5"/>
    <step time="30300.00" loaded="24864" inserted="22309" running="426" waiting="2555" ended="21883" arrived="21883" collisions="21" teleports="21" halting="10" stopped="0" meanWaitingTime="384.63" meanTravelTime="287.84" meanSpeed="19.70" meanSpeedRelative="0.62" duration="4"/>
    <step time="30600.00" loaded="25240" inserted="22680" running="414" waiting="2560" ended="22266" arrived="22266" collisions="21" teleports="21" halting="2" stopped="0" meanWaitingTime="397.52" meanTravelTime="288.49" meanSpeed="20.62" meanSpeedRelative="0.64" duration="3"/>
    <step time="30900.00" loaded="25617" inserted="23077" running="431" waiting="2540" ended="22646" arrived="22646" collisions="22" teleports="22" halting="0" stopped="0" meanWaitingTime="409.83" meanTravelTime="289.05" meanSpeed="20.87" meanSpeedRelative="0.65" duration="3"/>
    <step time="31200.00" loaded="25967" inserted="23431" running="399" waiting="2536" ended="23032" arrived="23032" collisions="23" teleports="23" halting="3" stopped="0" meanWaitingTime="420.78" meanTravelTime="289.66" meanSpeed="21.83" meanSpeedRelative="0.68" duration="6"/>
    <step time="31500.00" loaded="26350" inserted="23814" running="405" waiting="2536" ended="23409" arrived="23409" collisions="23" teleports="23" halting="9" stopped="0" meanWaitingTime="432.20" meanTravelTime="290.19" meanSpeed="20.79" meanSpeedRelative="0.65" duration="6"/>
    <step time="31800.00" loaded="26690" inserted="24165" running="332" waiting="2525" ended="23833" arrived="23833" collisions="25" teleports="25" halting="4" stopped="0" meanWaitingTime="444.44" meanTravelTime="290.57" meanSpeed="22.20" meanSpeedRelative="0.69" duration="4"/>
    <step time="32100.00" loaded="27025" inserted="24481" running="289" waiting="2544" ended="24192" arrived="24192" collisions="26" teleports="26" halting="3" stopped="0" meanWaitingTime="455.34" meanTravelTime="290.61" meanSpeed="23.26" meanSpeedRelative="0.73" duration="5"/>
    <step time="32400.00" loaded="27371" inserted="24816" running="307" waiting="2555" ended="24509" arrived="24509" collisions="26" teleports="26" halting="6" stopped="0" meanWaitingTime="468.19" meanTravelTime="290.53" meanSpeed="22.73" meanSpeedRelative="0.71" duration="90"/>
    <step time="32700.00" loaded="27636" inserted="25102" running="269" waiting="2534" ended="24833" arrived="24833" collisions="26" teleports="26" halting="2" stopped="0" meanWaitingTime="482.57" meanTravelTime="290.47" meanSpeed="22.99" meanSpeedRelative="0.72" duration="4"/>
    <step time="33000.00" loaded="27907" inserted="25366" running="226" waiting="2541" ended="25140" arrived="25140" collisions="26" teleports="26" halting="4" stopped="0" meanWaitingTime="496.38" meanTravelTime="290.20" meanSpeed="23.45" meanSpeedRelative="0.73" duration="3"/>
    <step time="33300.00" loaded="28192" inserted="25655" running="263" waiting="2537" ended="25392" arrived="25392" collisions="26" teleports="26" halting="3" stopped="0" meanWaitingTime="510.40" meanTravelTime="290.03" meanSpeed="23.40" meanSpeedRelative="0.73" duration="4"/>
    <step time="33600.00" loaded="28458" inserted="25918" running="243" waiting="2540" ended="25675" arrived="25675" collisions="26" teleports="26" halting="3" stopped="0" meanWaitingTime="525.40" meanTravelTime="289.74" meanSpeed="23.78" meanSpeedRelative="0.74" duration="4"/>
    <step time="33900.00" loaded="28712" inserted="26165" running="212" waiting="2547" ended="25953" arrived="25953" collisions="26" teleports="26" halting="2" stopped="0" meanWaitingTime="538.69" meanTravelTime="289.65" meanSpeed="23.31" meanSpeedRelative="0.73" duration="2"/>
    <step time="34200.00" loaded="28994" inserted="26449" running="235" waiting="2545" ended="26214" arrived="26214" collisions="26" teleports="26" halting="1" stopped="0" meanWaitingTime="552.48" meanTravelTime="289.37" meanSpeed="23.78" meanSpeedRelative="0.74" duration="2"/>
    <step time="34500.00" loaded="29243" inserted="26697" running="215" waiting="2546" ended="26482" arrived="26482" collisions="27" teleports="27" halting="2" stopped="0" meanWaitingTime="567.80" meanTravelTime="288.97" meanSpeed="23.40" meanSpeedRelative="0.73" duration="1"/>
    <step time="34800.00" loaded="29542" inserted="27002" running="272" waiting="2540" ended="26730" arrived="26730" collisions="27" teleports="27" halting="2" stopped="0" meanWaitingTime="583.70" meanTravelTime="288.56" meanSpeed="23.53" meanSpeedRelative="0.74" duration="3"/>
    <step time="35100.00" loaded="29815" inserted="27291" running="260" waiting="2524" ended="27031" arrived="27031" collisions="27" teleports="27" halting="2" stopped="0" meanWaitingTime="599.24" meanTravelTime="288.34" meanSpeed="23.50" meanSpeedRelative="0.73" duration="2"/>
    <step time="35400.00" loaded="30089" inserted="27566" running="250" waiting="2523" ended="27316" arrived="27316" collisions="27" teleports="27" halting="4" stopped="0" meanWaitingTime="614.23" meanTravelTime="288.26" meanSpeed="23.42" meanSpeedRelative="0.73" duration="2"/>
    <step time="35700.00" loaded="30358" inserted="27843" running="256" waiting="2515" ended="27587" arrived="27587" collisions="29" teleports="29" halting="3" stopped="0" meanWaitingTime="630.00" meanTravelTime="288.00" meanSpeed="22.55" meanSpeedRelative="0.70" duration="3"/>
    <step time="36000.00" loaded="30613" inserted="28111" running="262" waiting="2502" ended="27849" arrived="27849" collisions="29" teleports="29" halting="6" stopped="0" meanWaitingTime="645.09" meanTravelTime="287.98" meanSpeed="23.74" meanSpeedRelative="0.74" duration="84"/>
    <step time="36300.00" loaded="31109" inserted="28528" running="352" waiting="2581" ended="28176" arrived="28176" collisions="30" teleports="30" halting="5" stopped="0" meanWaitingTime="657.77" meanTravelTime="287.73" meanSpeed="22.58" meanSpeedRelative="0.71" duration="3"/>
    <step time="36600.00" loaded="31614" inserted="28969" running="443" waiting="2645" ended="28526" arrived="28526" collisions="30" teleports="30" halting="1" stopped="0" meanWaitingTime="673.88" meanTravelTime="287.59" meanSpeed="20.97" meanSpeedRelative="0.66" duration="4"/>
    <step time="36900.00" loaded="32049" inserted="29337" running="400" waiting="2712" ended="28937" arrived="28937" collisions="30" teleports="30" halting="3" stopped="0" meanWaitingTime="688.50" meanTravelTime="287.80" meanSpeed="21.77" meanSpeedRelative="0.68" duration="4"/>
    <step time="37200.00" loaded="32520" inserted="29750" running="422" waiting="2770" ended="29328" arrived="29328" collisions="31" teleports="31" halting="9" stopped="0" meanWaitingTime="702.43" meanTravelTime="288.17" meanSpeed="21.36" meanSpeedRelative="0.67" duration="4"/>
    <step time="37500.00" loaded="32956" inserted="30157" running="423" waiting="2799" ended="29734" arrived="29734" collisions="33" teleports="33" halting="4" stopped="0" meanWaitingTime="717.37" meanTravelTime="288.33" meanSpeed="21.20" meanSpeedRelative="0.66" duration="4"/>
    <step time="37800.00" loaded="33411" inserted="30575" running="444" waiting="2836" ended="30131" arrived="30131" collisions="34" teleports="34" halting="1" stopped="0" meanWaitingTime="730.23" meanTravelTime="288.77" meanSpeed="20.92" meanSpeedRelative="0.65" duration="5"/>
    <step time="38100.00" loaded="33869" inserted="30985" running="441" waiting="2884" ended="30544" arrived="30544" collisions="34" teleports="34" halting="7" stopped="0" meanWaitingTime="743.86" meanTravelTime="289.02" meanSpeed="21.44" meanSpeedRelative="0.67" duration="3"/>
    <step time="38400.00" loaded="34372" inserted="31397" running="441" waiting="2975" ended="30956" arrived="30956" collisions="38" teleports="38" halting="5" stopped="0" meanWaitingTime="756.62" meanTravelTime="289.49" meanSpeed="21.08" meanSpeedRelative="0.66" duration="4"/>
    <step time="38700.00" loaded="34864" inserted="31820" running="454" waiting="3044" ended="31366" arrived="31366" collisions="38" teleports="38" halting="5" stopped="0" meanWaitingTime="770.70" meanTravelTime="289.96" meanSpeed="20.50" meanSpeedRelative="0.64" duration="5"/>
    <step time="39000.00" loaded="35313" inserted="32218" running="436" waiting="3095" ended="31782" arrived="31782" collisions="38" teleports="38" halting="5" stopped="0" meanWaitingTime="783.63" meanTravelTime="290.35" meanSpeed="20.96" meanSpeedRelative="0.65" duration="5"/>
    <step time="39300.00" loaded="35809" inserted="32655" running="445" waiting="3154" ended="32210" arrived="32210" collisions="39" teleports="39" halting="3" stopped="0" meanWaitingTime="796.31" meanTravelTime="290.79" meanSpeed="21.30" meanSpeedRelative="0.67" duration="6"/>
    <step time="39600.00" loaded="36285" inserted="33063" running="432" waiting="3222" ended="32631" arrived="32631" collisions="40" teleports="40" halting="4" stopped="0" meanWaitingTime="809.18" meanTravelTime="291.13" meanSpeed="21.16" meanSpeedRelative="0.66" duration="89"/>
    <step time="39900.00" loaded="36819" inserted="33512" running="466" waiting="3307" ended="33046" arrived="33046" collisions="40" teleports="40" halting="6" stopped="0" meanWaitingTime="823.06" meanTravelTime="291.43" meanSpeed="20.12" meanSpeedRelative="0.63" duration="4"/>
    <step time="40200.00" loaded="37331" inserted="33971" running="508" waiting="3360" ended="33463" arrived="33463" collisions="42" teleports="42" halting="8" stopped="0" meanWaitingTime="835.03" meanTravelTime="291.90" meanSpeed="19.03" meanSpeedRelative="0.59" duration="5"/>
    <step time="40500.00" loaded="37868" inserted="34403" running="529" waiting="3465" ended="33874" arrived="33874" collisions="43" teleports="43" halting="3" stopped="0" meanWaitingTime="846.56" meanTravelTime="292.33" meanSpeed="19.68" meanSpeedRelative="0.61" duration="4"/>
    <step time="40800.00" loaded="38388" inserted="34819" running="514" waiting="3569" ended="34305" arrived="34305" collisions="45" teleports="45" halting="4" stopped="0" meanWaitingTime="859.59" meanTravelTime="293.26" meanSpeed="19.35" meanSpeedRelative="0.60" duration="6"/>
    <step time="41100.00" loaded="38952" inserted="35294" running="509" waiting="3658" ended="34785" arrived="34785" collisions="47" teleports="47" halting="9" stopped="0" meanWaitingTime="871.90" meanTravelTime="294.12" meanSpeed="19.98" meanSpeedRelative="0.62" duration="4"/>
    <step time="41400.00" loaded="39463" inserted="35738" running="512" waiting="3725" ended="35226" arrived="35226" collisions="47" teleports="47" halting="8" stopped="0" meanWaitingTime="884.15" meanTravelTime="294.60" meanSpeed="19.55" meanSpeedRelative="0.61" duration="5"/>
    <step time="41700.00" loaded="39957" inserted="36167" running="493" waiting="3790" ended="35674" arrived="35674" collisions="48" teleports="48" halting="5" stopped="0" meanWaitingTime="895.22" meanTravelTime="295.20" meanSpeed="19.72" meanSpeedRelative="0.62" duration="5"/>
    <step time="42000.00" loaded="40461" inserted="36584" running="476" waiting="3877" ended="36108" arrived="36108" collisions="50" teleports="50" halting="4" stopped="0" meanWaitingTime="907.78" meanTravelTime="295.69" meanSpeed="20.19" meanSpeedRelative="0.63" duration="5"/>
    <step time="42300.00" loaded="40946" inserted="37005" running="469" waiting="3941" ended="36536" arrived="36536" collisions="51" teleports="51" halting="6" stopped="0" meanWaitingTime="920.88" meanTravelTime="296.40" meanSpeed="21.23" meanSpeedRelative="0.66" duration="4"/>
    <step time="42600.00" loaded="41460" inserted="37439" running="468" waiting="4021" ended="36971" arrived="36971" collisions="51" teleports="51" halting="3" stopped="0" meanWaitingTime="932.23" meanTravelTime="296.84" meanSpeed="20.46" meanSpeedRelative="0.64" duration="4"/>
    <step time="42900.00" loaded="41983" inserted="37868" running="471" waiting="4115" ended="37397" arrived="37397" collisions="53" teleports="53" halting="9" stopped="0" meanWaitingTime="944.91" meanTravelTime="297.12" meanSpeed="19.90" meanSpeedRelative="0.62" duration="4"/>
    <step time="43200.00" loaded="42481" inserted="38269" running="455" waiting="4212" ended="37814" arrived="37814" collisions="54" teleports="54" halting="4" stopped="0" meanWaitingTime="957.59" meanTravelTime="297.76" meanSpeed="20.46" meanSpeedRelative="0.64" duration="92"/>
    <step time="43500.00" loaded="43012" inserted="38726" running="499" waiting="4286" ended="38227" arrived="38227" collisions="54" teleports="54" halting="3" stopped="0" meanWaitingTime="969.78" meanTravelTime="298.00" meanSpeed="20.32" meanSpeedRelative="0.63" duration="5"/>
    <step time="43800.00" loaded="43553" inserted="39181" running="522" waiting="4372" ended="38659" arrived="38659" collisions="56" teleports="56" halting="2" stopped="0" meanWaitingTime="981.71" meanTravelTime="298.31" meanSpeed="19.54" meanSpeedRelative="0.61" duration="5"/>
    <step time="44100.00" loaded="44066" inserted="39613" running="512" waiting="4453" ended="39101" arrived="39101" collisions="58" teleports="58" halting="5" stopped="0" meanWaitingTime="994.90" meanTravelTime="298.77" meanSpeed="19.65" meanSpeedRelative="0.61" duration="6"/>
    <step time="44400.00" loaded="44614" inserted="40077" running="544" waiting="4537" ended="39533" arrived="39533" collisions="59" teleports="59" halting="6" stopped="0" meanWaitingTime="1007.20" meanTravelTime="299.28" meanSpeed="19.45" meanSpeedRelative="0.61" duration="6"/>
    <step time="44700.00" loaded="45185" inserted="40534" running="564" waiting="4651" ended="39970" arrived="39970" collisions="63" teleports="63" halting="6" stopped="0" meanWaitingTime="1018.40" meanTravelTime="299.87" meanSpeed="18.70" meanSpeedRelative="0.58" duration="7"/>
    <step time="45000.00" loaded="45694" inserted="40949" running="534" waiting="4745" ended="40415" arrived="40415" collisions="63" teleports="63" halting="7" stopped="0" meanWaitingTime="1030.61" meanTravelTime="300.56" meanSpeed="18.64" meanSpeedRelative="0.58" duration="5"/>
    <step time="45300.00" loaded="46233" inserted="41404" running="558" waiting="4829" ended="40846" arrived="40846" collisions="64" teleports="64" halting="3" stopped="0" meanWaitingTime="1041.61" meanTravelTime="301.49" meanSpeed="18.95" meanSpeedRelative="0.59" duration="4"/>
    <step time="45600.00" loaded="46745" inserted="41825" running="520" waiting="4920" ended="41305" arrived="41305" collisions="65" teleports="65" halting="3" stopped="0" meanWaitingTime="1051.82" meanTravelTime="302.35" meanSpeed="19.41" meanSpeedRelative="0.61" duration="4"/>
    <step time="45900.00" loaded="47306" inserted="42272" running="528" waiting="5034" ended="41744" arrived="41744" collisions="67" teleports="67" halting="5" stopped="0" meanWaitingTime="1062.44" meanTravelTime="302.95" meanSpeed="19.87" meanSpeedRelative="0.62" duration="5"/>
    <step time="46200.00" loaded="47847" inserted="42743" running="549" waiting="5104" ended="42194" arrived="42194" collisions="68" teleports="68" halting="7" stopped="0" meanWaitingTime="1074.72" meanTravelTime="303.75" meanSpeed="19.32" meanSpeedRelative="0.60" duration="7"/>
    <step time="46500.00" loaded="48379" inserted="43197" running="553" waiting="5182" ended="42644" arrived="42644" collisions="72" teleports="72" halting="9" stopped="0" meanWaitingTime="1086.12" meanTravelTime="304.19" meanSpeed="19.44" meanSpeedRelative="0.61" duration="4"/>
    <step time="46800.00" loaded="48906" inserted="43658" running="568" waiting="5248" ended="43090" arrived="43090" collisions="72" teleports="72" halting="5" stopped="0" meanWaitingTime="1097.76" meanTravelTime="304.67" meanSpeed="19.11" meanSpeedRelative="0.60" duration="94"/>
    <step time="47100.00" loaded="49419" inserted="44070" running="501" waiting="5349" ended="43569" arrived="43569" collisions="73" teleports="73" halting="2" stopped="0" meanWaitingTime="1111.06" meanTravelTime="305.28" meanSpeed="20.84" meanSpeedRelative="0.65" duration="5"/>
    <step time="47400.00" loaded="49920" inserted="44524" running="522" waiting="5396" ended="44002" arrived="44002" collisions="73" teleports="73" halting="4" stopped="0" meanWaitingTime="1123.07" meanTravelTime="305.83" meanSpeed="19.95" meanSpeedRelative="0.62" duration="5"/>
    <step time="47700.00" loaded="50457" inserted="44987" running="520" waiting="5470" ended="44467" arrived="44467" collisions="74" teleports="74" halting="8" stopped="0" meanWaitingTime="1135.26" meanTravelTime="306.23" meanSpeed="20.15" meanSpeedRelative="0.63" duration="5"/>
    <step time="48000.00" loaded="51015" inserted="45449" running="566" waiting="5566" ended="44883" arrived="44883" collisions="75" teleports="75" halting="6" stopped="0" meanWaitingTime="1145.35" meanTravelTime="306.68" meanSpeed="18.78" meanSpeedRelative="0.59" duration="6"/>
    <step time="48300.00" loaded="51527" inserted="45880" running="548" waiting="5647" ended="45332" arrived="45332" collisions="77" teleports="77" halting="3" stopped="0" meanWaitingTime="1157.03" meanTravelTime="307.31" meanSpeed="19.04" meanSpeedRelative="0.60" duration="7"/>
    <step time="48600.00" loaded="52084" inserted="46321" running="518" waiting="5763" ended="45803" arrived="45803" collisions="77" teleports="77" halting="3" stopped="0" meanWaitingTime="1168.28" meanTravelTime="307.84" meanSpeed="19.66" meanSpeedRelative="0.61" duration="6"/>
    <step time="48900.00" loaded="52579" inserted="46774" running="519" waiting="5805" ended="46255" arrived="46255" collisions="77" teleports="77" halting="7" stopped="0" meanWaitingTime="1184.16" meanTravelTime="308.31" meanSpeed="19.37" meanSpeedRelative="0.61" duration="8"/>
    <step time="49200.00" loaded="53131" inserted="47241" running="544" waiting="5890" ended="46697" arrived="46697" collisions="79" teleports="79" halting="10" stopped="0" meanWaitingTime="1199.80" meanTravelTime="308.72" meanSpeed="19.23" meanSpeedRelative="0.60" duration="7"/>
    <step time="49500.00" loaded="53651" inserted="47712" running="539" waiting="5939" ended="47173" arrived="47173" collisions="81" teleports="81" halting="7" stopped="0" meanWaitingTime="1215.25" meanTravelTime="309.01" meanSpeed="19.37" meanSpeedRelative="0.61" duration="6"/>
    <step time="49800.00" loaded="54182" inserted="48176" running="578" waiting="6006" ended="47598" arrived="47598" collisions="82" teleports="82" halting="9" stopped="0" meanWaitingTime="1229.03" meanTravelTime="309.39" meanSpeed="18.68" meanSpeedRelative="0.58" duration="7"/>
    <step time="50100.00" loaded="54743" inserted="48655" running="589" waiting="6088" ended="48066" arrived="48066" collisions="82" teleports="82" halting="5" stopped="0" meanWaitingTime="1244.64" meanTravelTime="309.87" meanSpeed="19.17" meanSpeedRelative="0.60" duration="8"/>
    <step time="50400.00" loaded="55278" inserted="49124" running="587" waiting="6154" ended="48537" arrived="48537" collisions="83" teleports="83" halting="8" stopped="0" meanWaitingTime="1259.69" meanTravelTime="310.48" meanSpeed="19.24" meanSpeedRelative="0.60" duration="96"/>
    <step time="50700.00" loaded="55980" inserted="49666" running="647" waiting="6314" ended="49019" arrived="49019" collisions="84" teleports="84" halting="12" stopped="0" meanWaitingTime="1273.65" meanTravelTime="311.02" meanSpeed="17.92" meanSpeedRelative="0.56" duration="5"/>
    <step time="51000.00" loaded="56708" inserted="50220" running="713" waiting="6488" ended="49507" arrived="49507" collisions="86" teleports="86" halting="3" stopped="0" meanWaitingTime="1287.59" meanTravelTime="311.55" meanSpeed="17.25" meanSpeedRelative="0.54" duration="8"/>
    <step time="51300.00" loaded="57456" inserted="50756" running="746" waiting="6700" ended="50010" arrived="50010" collisions="88" teleports="88" halting="7" stopped="0" meanWaitingTime="1301.46" meanTravelTime="312.54" meanSpeed="15.91" meanSpeedRelative="0.50" duration="6"/>
    <step time="51600.00" loaded="58154" inserted="51304" running="785" waiting="6850" ended="50519" arrived="50519" collisions="90" teleports="90" halting="10" stopped="0" meanWaitingTime="1315.48" meanTravelTime="313.57" meanSpeed="15.55" meanSpeedRelative="0.49" duration="8"/>
    <step time="51900.00" loaded="58894" inserted="51845" running="836" waiting="7049" ended="51009" arrived="51009" collisions="90" teleports="90" halting="10" stopped="0" meanWaitingTime="1328.11" meanTravelTime="314.62" meanSpeed="14.41" meanSpeedRelative="0.45" duration="9"/>
    <step time="52200.00" loaded="59627" inserted="52372" running="869" waiting="7255" ended="51503" arrived="51503" collisions="92" teleports="92" halting="21" stopped="0" meanWaitingTime="1341.23" meanTravelTime="316.08" meanSpeed="13.95" meanSpeedRelative="0.44" duration="11"/>
    <step time="52500.00" loaded="60355" inserted="52893" running="836" waiting="7462" ended="52057" arrived="52057" collisions="96" teleports="96" halting="12" stopped="0" meanWaitingTime="1355.16" meanTravelTime="318.08" meanSpeed="14.57" meanSpeedRelative="0.46" duration="10"/>
    <step time="52800.00" loaded="61091" inserted="53416" running="845" waiting="7675" ended="52571" arrived="52571" collisions="100" teleports="100" halting="9" stopped="0" meanWaitingTime="1366.48" meanTravelTime="319.78" meanSpeed="14.21" meanSpeedRelative="0.44" duration="8"/>
    <step time="53100.00" loaded="61801" inserted="53923" running="855" waiting="7878" ended="53068" arrived="53068" collisions="102" teleports="102" halting="12" stopped="0" meanWaitingTime="1379.08" meanTravelTime="321.30" meanSpeed="13.99" meanSpeedRelative="0.44" duration="9"/>
    <step time="53400.00" loaded="62492" inserted="54459" running="901" waiting="8033" ended="53558" arrived="53558" collisions="104" teleports="104" halting="10" stopped="0" meanWaitingTime="1394.53" meanTravelTime="322.85" meanSpeed="13.60" meanSpeedRelative="0.43" duration="8"/>
    <step time="53700.00" loaded="63174" inserted="54959" running="886" waiting="8215" ended="54073" arrived="54073" collisions="107" teleports="107" halting="6" stopped="0" meanWaitingTime="1409.91" meanTravelTime="324.57" meanSpeed="14.10" meanSpeedRelative="0.44" duration="10"/>
    <step time="54000.00" loaded="63849" inserted="55469" running="862" waiting="8380" ended="54607" arrived="54607" collisions="110" teleports="110" halting="6" stopped="0" meanWaitingTime="1424.44" meanTravelTime="326.55" meanSpeed="13.81" meanSpeedRelative="0.43" duration="96"/>
    <step time="54300.00" loaded="64320" inserted="55917" running="791" waiting="8403" ended="55126" arrived="55126" collisions="111" teleports="111" halting="9" stopped="0" meanWaitingTime="1439.91" meanTravelTime="328.18" meanSpeed="14.17" meanSpeedRelative="0.44" duration="9"/>
    <step time="54600.00" loaded="64808" inserted="56362" running="736" waiting="8446" ended="55626" arrived="55626" collisions="112" teleports="112" halting="6" stopped="0" meanWaitingTime="1456.93" meanTravelTime="329.68" meanSpeed="14.88" meanSpeedRelative="0.47" duration="7"/>
    <step time="54900.00" loaded="65266" inserted="56822" running="705" waiting="8444" ended="56117" arrived="56117" collisions="112" teleports="112" halting="5" stopped="0" meanWaitingTime="1473.87" meanTravelTime="331.00" meanSpeed="15.62" meanSpeedRelative="0.49" duration="8"/>
    <step time="55200.00" loaded="65726" inserted="57290" running="696" waiting="8436" ended="56594" arrived="56594" collisions="114" teleports="114" halting="6" stopped="0" meanWaitingTime="1491.32" meanTravelTime="332.22" meanSpeed="16.43" meanSpeedRelative="0.51" duration="9"/>
    <step time="55500.00" loaded="66202" inserted="57752" running="698" waiting="8450" ended="57054" arrived="57054" collisions="116" teleports="116" halting="9" stopped="0" meanWaitingTime="1509.19" meanTravelTime="333.10" meanSpeed="16.55" meanSpeedRelative="0.52" duration="8"/>
    <step time="55800.00" loaded="66659" inserted="58193" running="693" waiting="8466" ended="57500" arrived="57500" collisions="119" teleports="119" halting="7" stopped="0" meanWaitingTime="1526.08" meanTravelTime="334.05" meanSpeed="16.49" meanSpeedRelative="0.52" duration="8"/>
    <step time="56100.00" loaded="67101" inserted="58603" running="611" waiting="8498" ended="57992" arrived="57992" collisions="121" teleports="121" halting="0" stopped="0" meanWaitingTime="1543.11" meanTravelTime="335.14" meanSpeed="17.48" meanSpeedRelative="0.55" duration="7"/>
    <step time="56400.00" loaded="67556" inserted="59060" running="582" waiting="8496" ended="58478" arrived="58478" collisions="122" teleports="122" halting="2" stopped="0" meanWaitingTime="1562.97" meanTravelTime="335.82" meanSpeed="18.49" meanSpeedRelative="0.58" duration="8"/>
    <step time="56700.00" loaded="67999" inserted="59525" running="588" waiting="8474" ended="58937" arrived="58937" collisions="125" teleports="125" halting="5" stopped="0" meanWaitingTime="1581.94" meanTravelTime="336.34" meanSpeed="18.38" meanSpeedRelative="0.57" duration="8"/>
    <step time="57000.00" loaded="68423" inserted="59981" running="572" waiting="8442" ended="59409" arrived="59409" collisions="125" teleports="125" halting="9" stopped="0" meanWaitingTime="1599.42" meanTravelTime="336.67" meanSpeed="18.19" meanSpeedRelative="0.57" duration="8"/>
    <step time="57300.00" loaded="68909" inserted="60440" running="565" waiting="8469" ended="59875" arrived="59875" collisions="127" teleports="127" halting="5" stopped="0" meanWaitingTime="1617.54" meanTravelTime="337.05" meanSpeed="18.97" meanSpeedRelative="0.59" duration="7"/>
    <step time="57600.00" loaded="69348" inserted="60885" running="570" waiting="8463" ended="60315" arrived="60315" collisions="128" teleports="128" halting="3" stopped="0" meanWaitingTime="1635.42" meanTravelTime="337.31" meanSpeed="18.98" meanSpeedRelative="0.59" duration="87"/>
    <step time="57900.00" loaded="69903" inserted="61363" running="567" waiting="8540" ended="60796" arrived="60796" collisions="129" teleports="129" halting="5" stopped="0" meanWaitingTime="1653.13" meanTravelTime="337.57" meanSpeed="18.78" meanSpeedRelative="0.59" duration="8"/>
    <step time="58200.00" loaded="70453" inserted="61866" running="593" waiting="8587" ended="61273" arrived="61273" collisions="129" teleports="129" halting="5" stopped="0" meanWaitingTime="1671.63" meanTravelTime="337.73" meanSpeed="19.34" meanSpeedRelative="0.60" duration="7"/>
    <step time="58500.00" loaded="71025" inserted="62356" running="618" waiting="8669" ended="61738" arrived="61738" collisions="129" teleports="129" halting="2" stopped="0" meanWaitingTime="1688.23" meanTravelTime="337.84" meanSpeed="17.52" meanSpeedRelative="0.55" duration="10"/>
    <step time="58800.00" loaded="71578" inserted="62861" running="626" waiting="8717" ended="62235" arrived="62235" collisions="130" teleports="130" halting="5" stopped="0" meanWaitingTime="1705.75" meanTravelTime="338.12" meanSpeed="18.18" meanSpeedRelative="0.57" duration="7"/>
    <step time="59100.00" loaded="72130" inserted="63332" running="614" waiting="8798" ended="62718" arrived="62718" collisions="130" teleports="130" halting="8" stopped="0" meanWaitingTime="1722.09" meanTravelTime="338.43" meanSpeed="18.03" meanSpeedRelative="0.56" duration="8"/>
    <step time="59400.00" loaded="72674" inserted="63830" running="638" waiting="8844" ended="63192" arrived="63192" collisions="132" teleports="132" halting="7" stopped="0" meanWaitingTime="1740.83" meanTravelTime="338.71" meanSpeed="17.62" meanSpeedRelative="0.55" duration="8"/>
    <step time="59700.00" loaded="73229" inserted="64330" running="661" waiting="8899" ended="63669" arrived="63669" collisions="134" teleports="134" halting="5" stopped="0" meanWaitingTime="1756.96" meanTravelTime="339.11" meanSpeed="17.54" meanSpeedRelative="0.55" duration="8"/>
    <step time="60000.00" loaded="73750" inserted="64826" running="667" waiting="8924" ended="64159" arrived="64159" collisions="134" teleports="134" halting="6" stopped="0" meanWaitingTime="1772.39" meanTravelTime="339.60" meanSpeed="17.60" meanSpeedRelative="0.55" duration="9"/>
    <step time="60300.00" loaded="74306" inserted="65306" running="686" waiting="9000" ended="64620" arrived="64620" collisions="134" teleports="134" halting="4" stopped="0" meanWaitingTime="1789.48" meanTravelTime="339.92" meanSpeed="17.37" meanSpeedRelative="0.54" duration="10"/>
    <step time="60600.00" loaded="74833" inserted="65803" running="690" waiting="9030" ended="65113" arrived="65113" collisions="138" teleports="138" halting="5" stopped="0" meanWaitingTime="1806.78" meanTravelTime="340.39" meanSpeed="16.75" meanSpeedRelative="0.52" duration="9"/>
    <step time="60900.00" loaded="75440" inserted="66295" running="717" waiting="9145" ended="65578" arrived="65578" collisions="138" teleports="138" halting="5" stopped="0" meanWaitingTime="1822.42" meanTravelTime="340.99" meanSpeed="17.02" meanSpeedRelative="0.53" duration="10"/>
    <step time="61200.00" loaded="76017" inserted="66782" running="703" waiting="9235" ended="66079" arrived="66079" collisions="138" teleports="138" halting="12" stopped="0" meanWaitingTime="1838.39" meanTravelTime="341.77" meanSpeed="16.67" meanSpeedRelative="0.52" duration="91"/>
    <step time="61500.00" loaded="76085" inserted="67125" running="585" waiting="8960" ended="66540" arrived="66540" collisions="141" teleports="141" halting="9" stopped="0" meanWaitingTime="1860.82" meanTravelTime="342.62" meanSpeed="16.71" meanSpeedRelative="0.52" duration="8"/>
    <step time="61800.00" loaded="76141" inserted="67437" running="508" waiting="8704" ended="66929" arrived="66929" collisions="141" teleports="141" halting="8" stopped="0" meanWaitingTime="1880.91" meanTravelTime="343.51" meanSpeed="18.15" meanSpeedRelative="0.57" duration="5"/>
    <step time="62100.00" loaded="76220" inserted="67768" running="456" waiting="8452" ended="67312" arrived="67312" collisions="144" teleports="144" halting="5" stopped="0" meanWaitingTime="1904.41" meanTravelTime="344.25" meanSpeed="18.81" meanSpeedRelative="0.59" duration="7"/>
    <step time="62400.00" loaded="76285" inserted="68119" running="444" waiting="8166" ended="67675" arrived="67675" collisions="144" teleports="144" halting="4" stopped="0" meanWaitingTime="1930.41" meanTravelTime="344.65" meanSpeed="19.24" meanSpeedRelative="0.60" duration="7"/>
    <step time="62700.00" loaded="76364" inserted="68451" running="421" waiting="7913" ended="68030" arrived="68030" collisions="144" teleports="144" halting="3" stopped="0" meanWaitingTime="1951.61" meanTravelTime="344.87" meanSpeed="19.20" meanSpeedRelative="0.60" duration="6"/>
    <step time="63000.00" loaded="76448" inserted="68729" running="354" waiting="7719" ended="68375" arrived="68375" collisions="145" teleports="145" halting="4" stopped="0" meanWaitingTime="1969.62" meanTravelTime="345.00" meanSpeed="20.52" meanSpeedRelative="0.64" duration="5"/>
    <step time="63300.00" loaded="76522" inserted="68947" running="298" waiting="7575" ended="68649" arrived="68649" collisions="145" teleports="145" halting="2" stopped="0" meanWaitingTime="1985.31" meanTravelTime="345.21" meanSpeed="21.54" meanSpeedRelative="0.67" duration="4"/>
    <step time="63600.00" loaded="76592" inserted="69161" running="245" waiting="7431" ended="68916" arrived="68916" collisions="145" teleports="145" halting="1" stopped="0" meanWaitingTime="2003.67" meanTravelTime="345.41" meanSpeed="22.51" meanSpeedRelative="0.70" duration="6"/>
    <step time="63900.00" loaded="76664" inserted="69392" running="241" waiting="7272" ended="69151" arrived="69151" collisions="145" teleports="145" halting="6" stopped="0" meanWaitingTime="2025.97" meanTravelTime="345.42" meanSpeed="21.56" meanSpeedRelative="0.67" duration="7"/>
    <step time="64200.00" loaded="76749" inserted="69611" running="232" waiting="7138" ended="69379" arrived="69379" collisions="145" teleports="145" halting="2" stopped="0" meanWaitingTime="2044.04" meanTravelTime="345.39" meanSpeed="22.03" meanSpeedRelative="0.69" duration="7"/>
    <step time="64500.00" loaded="76821" inserted="69826" running="216" waiting="6995" ended="69610" arrived="69610" collisions="145" teleports="145" halting="2" stopped="0" meanWaitingTime="2063.25" meanTravelTime="345.30" meanSpeed="22.08" meanSpeedRelative="0.69" duration="2"/>
    <step time="64800.00" loaded="76888" inserted="70031" running="219" waiting="6857" ended="69812" arrived="69812" collisions="145" teleports="145" halting="5" stopped="0" meanWaitingTime="2082.55" meanTravelTime="345.21" meanSpeed="21.03" meanSpeedRelative="0.66" duration="95"/>
    <step time="65100.00" loaded="76931" inserted="70241" running="222" waiting="6690" ended="70019" arrived="70019" collisions="145" teleports="145" halting="5" stopped="0" meanWaitingTime="2103.21" meanTravelTime="345.10" meanSpeed="21.12" meanSpeedRelative="0.66" duration="2"/>
    <step time="65400.00" loaded="76982" inserted="70442" running="212" waiting="6540" ended="70230" arrived="70230" collisions="145" teleports="145" halting="3" stopped="0" meanWaitingTime="2122.48" meanTravelTime="345.01" meanSpeed="21.17" meanSpeedRelative="0.66" duration="4"/>
    <step time="65700.00" loaded="77041" inserted="70658" running="219" waiting="6383" ended="70439" arrived="70439" collisions="145" teleports="145" halting="6" stopped="0" meanWaitingTime="2141.63" meanTravelTime="344.92" meanSpeed="21.15" meanSpeedRelative="0.66" duration="4"/>
    <step time="66000.00" loaded="77089" inserted="70863" running="193" waiting="6226" ended="70670" arrived="70670" collisions="147" teleports="147" halting="6" stopped="0" meanWaitingTime="2162.69" meanTravelTime="344.71" meanSpeed="21.49" meanSpeedRelative="0.67" duration="4"/>
    <step time="66300.00" loaded="77140" inserted="71005" running="126" waiting="6135" ended="70879" arrived="70879" collisions="148" teleports="148" halting="4" stopped="0" meanWaitingTime="2181.02" meanTravelTime="344.61" meanSpeed="20.68" meanSpeedRelative="0.65" duration="2"/>
    <step time="66600.00" loaded="77196" inserted="71142" running="113" waiting="6054" ended="71029" arrived="71029" collisions="148" teleports="148" halting="3" stopped="0" meanWaitingTime="2196.97" meanTravelTime="344.43" meanSpeed="20.46" meanSpeedRelative="0.64" duration="4"/>
    <step time="66900.00" loaded="77255" inserted="71308" running="135" waiting="5947" ended="71173" arrived="71173" collisions="148" teleports="148" halting="6" stopped="0" meanWaitingTime="2219.32" meanTravelTime="344.21" meanSpeed="21.47" meanSpeedRelative="0.67" duration="2"/>
    <step time="67200.00" loaded="77324" inserted="71452" running="130" waiting="5872" ended="71322" arrived="71322" collisions="148" teleports="148" halting="7" stopped="0" meanWaitingTime="2235.37" meanTravelTime="344.03" meanSpeed="19.33" meanSpeedRelative="0.60" duration="2"/>
    <step time="67500.00" loaded="77374" inserted="71599" running="111" waiting="5775" ended="71488" arrived="71488" collisions="148" teleports="148" halting="2" stopped="0" meanWaitingTime="2254.78" meanTravelTime="343.82" meanSpeed="20.84" meanSpeedRelative="0.65" duration="3"/>
    <step time="67800.00" loaded="77430" inserted="71751" running="117" waiting="5679" ended="71634" arrived="71634" collisions="148" teleports="148" halting="5" stopped="0" meanWaitingTime="2275.68" meanTravelTime="343.58" meanSpeed="19.33" meanSpeedRelative="0.60" duration="3"/>
    <step time="68100.00" loaded="77469" inserted="71913" running="126" waiting="5556" ended="71787" arrived="71787" collisions="148" teleports="148" halting="11" stopped="0" meanWaitingTime="2300.30" meanTravelTime="343.27" meanSpeed="19.78" meanSpeedRelative="0.62" duration="2"/>
    <step time="68400.00" loaded="77531" inserted="72058" running="127" waiting="5473" ended="71931" arrived="71931" collisions="148" teleports="148" halting="1" stopped="0" meanWaitingTime="2317.46" meanTravelTime="343.04" meanSpeed="23.14" meanSpeedRelative="0.72" duration="92"/>
    <step time="68700.00" loaded="77685" inserted="72265" running="173" waiting="5420" ended="72092" arrived="72092" collisions="148" teleports="148" halting="4" stopped="0" meanWaitingTime="2335.96" meanTravelTime="342.80" meanSpeed="21.60" meanSpeedRelative="0.67" duration="2"/>
    <step time="69000.00" loaded="77831" inserted="72453" running="190" waiting="5378" ended="72263" arrived="72263" collisions="148" teleports="148" halting="9" stopped="0" meanWaitingTime="2349.20" meanTravelTime="342.59" meanSpeed="21.30" meanSpeedRelative="0.67" duration="3"/>
    <step time="69300.00" loaded="77986" inserted="72658" running="184" waiting="5328" ended="72474" arrived="72474" collisions="148" teleports="148" halting="3" stopped="0" meanWaitingTime="2363.58" meanTravelTime="342.51" meanSpeed="21.86" meanSpeedRelative="0.68" duration="4"/>
    <step time="69600.00" loaded="78134" inserted="72858" running="187" waiting="5276" ended="72671" arrived="72671" collisions="148" teleports="148" halting="2" stopped="0" meanWaitingTime="2379.44" meanTravelTime="342.32" meanSpeed="23.19" meanSpeedRelative="0.72" duration="3"/>
    <step time="69900.00" loaded="78295" inserted="73074" running="194" waiting="5221" ended="72880" arrived="72880" collisions="149" teleports="149" halting="7" stopped="0" meanWaitingTime="2395.13" meanTravelTime="342.12" meanSpeed="21.78" meanSpeedRelative="0.68" duration="2"/>
    <step time="70200.00" loaded="78453" inserted="73277" running="187" waiting="5176" ended="73090" arrived="73090" collisions="149" teleports="149" halting="5" stopped="0" meanWaitingTime="2410.58" meanTravelTime="341.89" meanSpeed="21.46" meanSpeedRelative="0.67" duration="4"/>
    <step time="70500.00" loaded="78586" inserted="73469" running="184" waiting="5117" ended="73285" arrived="73285" collisions="149" teleports="149" halting="0" stopped="0" meanWaitingTime="2429.53" meanTravelTime="341.72" meanSpeed="21.87" meanSpeedRelative="0.68" duration="1"/>
    <step time="70800.00" loaded="78733" inserted="73681" running="180" waiting="5052" ended="73501" arrived="73501" collisions="149" teleports="149" halting="5" stopped="0" meanWaitingTime="2448.68" meanTravelTime="341.48" meanSpeed="20.91" meanSpeedRelative="0.65" duration="2"/>
    <step time="71100.00" loaded="78879" inserted="73876" running="175" waiting="5003" ended="73701" arrived="73701" collisions="149" teleports="149" halting="5" stopped="0" meanWaitingTime="2462.12" meanTravelTime="341.30" meanSpeed="21.77" meanSpeedRelative="0.68" duration="2"/>
    <step time="71400.00" loaded="79043" inserted="74092" running="193" waiting="4951" ended="73899" arrived="73899" collisions="149" teleports="149" halting="6" stopped="0" meanWaitingTime="2481.69" meanTravelTime="341.04" meanSpeed="20.25" meanSpeedRelative="0.63" duration="3"/>
    <step time="71700.00" loaded="79202" inserted="74289" running="178" waiting="4913" ended="74111" arrived="74111" collisions="149" teleports="149" halting="2" stopped="0" meanWaitingTime="2495.86" meanTravelTime="340.91" meanSpeed="22.10" meanSpeedRelative="0.69" duration="3"/>
    <step time="72000.00" loaded="79360" inserted="74500" running="186" waiting="4860" ended="74314" arrived="74314" collisions="149" teleports="149" halting="3" stopped="0" meanWaitingTime="2511.03" meanTravelTime="340.67" meanSpeed="23.36" meanSpeedRelative="0.73" duration="87"/>
    <step time="72300.00" loaded="79496" inserted="74690" running="172" waiting="4806" ended="74518" arrived="74518" collisions="150" teleports="150" halting="3" stopped="0" meanWaitingTime="2528.86" meanTravelTime="340.49" meanSpeed="21.97" meanSpeedRelative="0.69" duration="3"/>
    <step time="72600.00" loaded="79618" inserted="74875" running="169" waiting="4743" ended="74706" arrived="74706" collisions="150" teleports="150" halting="5" stopped="0" meanWaitingTime="2545.16" meanTravelTime="340.31" meanSpeed="21.17" meanSpeedRelative="0.66" duration="2"/>
    <step time="72900.00" loaded="79740" inserted="75062" running="160" waiting="4678" ended="74902" arrived="74902" collisions="150" teleports="150" halting="4" stopped="0" meanWaitingTime="2563.09" meanTravelTime="340.14" meanSpeed="21.35" meanSpeedRelative="0.67" duration="2"/>
    <step time="73200.00" loaded="79892" inserted="75278" running="190" waiting="4614" ended="75088" arrived="75088" collisions="150" teleports="150" halting="6" stopped="0" meanWaitingTime="2579.20" meanTravelTime="339.92" meanSpeed="21.77" meanSpeedRelative="0.68" duration="2"/>
    <step time="73500.00" loaded="80046" inserted="75479" running="191" waiting="4567" ended="75288" arrived="75288" collisions="150" teleports="150" halting="8" stopped="0" meanWaitingTime="2594.97" meanTravelTime="339.69" meanSpeed="22.10" meanSpeedRelative="0.69" duration="3"/>
    <step time="73800.00" loaded="80163" inserted="75658" running="166" waiting="4505" ended="75492" arrived="75492" collisions="150" teleports="150" halting="7" stopped="0" meanWaitingTime="2612.36" meanTravelTime="339.59" meanSpeed="21.31" meanSpeedRelative="0.67" duration="3"/>
    <step time="74100.00" loaded="80298" inserted="75850" running="173" waiting="4448" ended="75677" arrived="75677" collisions="150" teleports="150" halting="4" stopped="0" meanWaitingTime="2629.23" meanTravelTime="339.45" meanSpeed="22.33" meanSpeedRelative="0.70" duration="2"/>
    <step time="74400.00" loaded="80426" inserted="76034" running="173" waiting="4392" ended="75861" arrived="75861" collisions="150" teleports="150" halting="6" stopped="0" meanWaitingTime="2645.82" meanTravelTime="339.30" meanSpeed="21.63" meanSpeedRelative="0.68" duration="3"/>
    <step time="74700.00" loaded="80553" inserted="76223" running="175" waiting="4330" ended="76048" arrived="76048" collisions="150" teleports="150" halting="1" stopped="0" meanWaitingTime="2663.53" meanTravelTime="339.16" meanSpeed="21.88" meanSpeedRelative="0.68" duration="2"/>
    <step time="75000.00" loaded="80685" inserted="76411" running="169" waiting="4274" ended="76242" arrived="76242" collisions="150" teleports="150" halting="5" stopped="0" meanWaitingTime="2679.90" meanTravelTime="339.00" meanSpeed="21.50" meanSpeedRelative="0.67" duration="2"/>
    <step time="75300.00" loaded="80820" inserted="76610" running="180" waiting="4210" ended="76430" arrived="76430" collisions="150" teleports="150" halting="4" stopped="0" meanWaitingTime="2697.47" meanTravelTime="338.84" meanSpeed="21.91" meanSpeedRelative="0.68" duration="2"/>
    <step time="75600.00" loaded="80960" inserted="76812" running="189" waiting="4148" ended="76623" arrived="76623" collisions="150" teleports="150" halting="9" stopped="0" meanWaitingTime="2715.13" meanTravelTime="338.65" meanSpeed="21.67" meanSpeedRelative="0.68" duration="84"/>
    <step time="75900.00" loaded="81199" inserted="77087" running="241" waiting="4112" ended="76846" arrived="76846" collisions="150" teleports="150" halting="4" stopped="0" meanWaitingTime="2730.32" meanTravelTime="338.45" meanSpeed="21.79" meanSpeedRelative="0.68" duration="2"/>
    <step time="76200.00" loaded="81410" inserted="77326" running="226" waiting="4084" ended="77100" arrived="77100" collisions="151" teleports="151" halting="2" stopped="0" meanWaitingTime="2744.69" meanTravelTime="338.18" meanSpeed="22.46" meanSpeedRelative="0.70" duration="2"/>
    <step time="76500.00" loaded="81604" inserted="77562" running="228" waiting="4042" ended="77334" arrived="77334" collisions="151" teleports="151" halting="8" stopped="0" meanWaitingTime="2761.08" meanTravelTime="338.04" meanSpeed="22.00" meanSpeedRelative="0.69" duration="2"/>
    <step time="76800.00" loaded="81832" inserted="77800" running="238" waiting="4032" ended="77562" arrived="77562" collisions="151" teleports="151" halting="7" stopped="0" meanWaitingTime="2774.59" meanTravelTime="337.95" meanSpeed="22.48" meanSpeedRelative="0.70" duration="3"/>
    <step time="77100.00" loaded="82048" inserted="78034" running="225" waiting="4014" ended="77809" arrived="77809" collisions="151" teleports="151" halting="3" stopped="0" meanWaitingTime="2788.93" meanTravelTime="337.85" meanSpeed="22.23" meanSpeedRelative="0.69" duration="3"/>
    <step time="77400.00" loaded="82264" inserted="78292" running="241" waiting="3972" ended="78051" arrived="78051" collisions="151" teleports="151" halting="2" stopped="0" meanWaitingTime="2804.87" meanTravelTime="337.63" meanSpeed="23.35" meanSpeedRelative="0.73" duration="3"/>
    <step time="77700.00" loaded="82458" inserted="78530" running="240" waiting="3928" ended="78290" arrived="78290" collisions="152" teleports="152" halting="6" stopped="0" meanWaitingTime="2818.96" meanTravelTime="337.47" meanSpeed="22.71" meanSpeedRelative="0.71" duration="3"/>
    <step time="78000.00" loaded="82667" inserted="78768" running="227" waiting="3899" ended="78541" arrived="78541" collisions="152" teleports="152" halting="2" stopped="0" meanWaitingTime="2830.89" meanTravelTime="337.30" meanSpeed="23.05" meanSpeedRelative="0.72" duration="2"/>
    <step time="78300.00" loaded="82858" inserted="78998" running="214" waiting="3860" ended="78784" arrived="78784" collisions="152" teleports="152" halting="1" stopped="0" meanWaitingTime="2844.49" meanTravelTime="337.21" meanSpeed="23.14" meanSpeedRelative="0.72" duration="3"/>
    <step time="78600.00" loaded="83077" inserted="79256" running="241" waiting="3821" ended="79015" arrived="79015" collisions="153" teleports="153" halting="4" stopped="0" meanWaitingTime="2855.59" meanTravelTime="337.04" meanSpeed="22.62" meanSpeedRelative="0.71" duration="3"/>
    <step time="78900.00" loaded="83274" inserted="79493" running="240" waiting="3781" ended="79253" arrived="79253" collisions="153" teleports="153" halting="9" stopped="0" meanWaitingTime="2865.73" meanTravelTime="336.91" meanSpeed="21.67" meanSpeedRelative="0.68" duration="2"/>
    <step time="79200.00" loaded="83470" inserted="79720" running="232" waiting="3750" ended="79488" arrived="79488" collisions="153" teleports="153" halting="2" stopped="0" meanWaitingTime="2876.72" meanTravelTime="336.79" meanSpeed="22.45" meanSpeedRelative="0.70" duration="85"/>
    <step time="79500.00" loaded="83648" inserted="79949" running="204" waiting="3699" ended="79745" arrived="79745" collisions="154" teleports="154" halting="4" stopped="0" meanWaitingTime="2888.08" meanTravelTime="336.63" meanSpeed="22.58" meanSpeedRelative="0.71" duration="2"/>
    <step time="79800.00" loaded="83816" inserted="80168" running="195" waiting="3648" ended="79973" arrived="79973" collisions="155" teleports="155" halting="3" stopped="0" meanWaitingTime="2898.47" meanTravelTime="336.50" meanSpeed="21.77" meanSpeedRelative="0.68" duration="2"/>
    <step time="80100.00" loaded="83997" inserted="80404" running="219" waiting="3593" ended="80185" arrived="80185" collisions="155" teleports="155" halting="3" stopped="0" meanWaitingTime="2908.20" meanTravelTime="336.29" meanSpeed="22.54" meanSpeedRelative="0.70" duration="2"/>
    <step time="80400.00" loaded="84163" inserted="80620" running="201" waiting="3543" ended="80419" arrived="80419" collisions="155" teleports="155" halting="9" stopped="0" meanWaitingTime="2918.46" meanTravelTime="336.13" meanSpeed="22.04" meanSpeedRelative="0.69" duration="3"/>
    <step time="80700.00" loaded="84342" inserted="80836" running="187" waiting="3506" ended="80649" arrived="80649" collisions="155" teleports="155" halting="2" stopped="0" meanWaitingTime="2927.21" meanTravelTime="336.03" meanSpeed="22.00" meanSpeedRelative="0.69" duration="3"/>
    <step time="81000.00" loaded="84514" inserted="81057" running="202" waiting="3457" ended="80855" arrived="80855" collisions="155" teleports="155" halting="2" stopped="0" meanWaitingTime="2936.35" meanTravelTime="335.86" meanSpeed="21.90" meanSpeedRelative="0.68" duration="2"/>
    <step time="81300.00" loaded="84671" inserted="81270" running="183" waiting="3401" ended="81087" arrived="81087" collisions="155" teleports="155" halting="7" stopped="0" meanWaitingTime="2946.81" meanTravelTime="335.69" meanSpeed="21.70" meanSpeedRelative="0.68" duration="2"/>
    <step time="81600.00" loaded="84845" inserted="81495" running="184" waiting="3350" ended="81311" arrived="81311" collisions="155" teleports="155" halting="4" stopped="0" meanWaitingTime="2955.73" meanTravelTime="335.44" meanSpeed="21.76" meanSpeedRelative="0.68" duration="1"/>
    <step time="81900.00" loaded="85032" inserted="81710" running="187" waiting="3322" ended="81523" arrived="81523" collisions="155" teleports="155" halting="4" stopped="0" meanWaitingTime="2962.87" meanTravelTime="335.25" meanSpeed="22.03" meanSpeedRelative="0.69" duration="3"/>
    <step time="82200.00" loaded="85230" inserted="81956" running="218" waiting="3274" ended="81738" arrived="81738" collisions="155" teleports="155" halting="4" stopped="0" meanWaitingTime="2971.17" meanTravelTime="335.07" meanSpeed="22.87" meanSpeedRelative="0.71" duration="2"/>
    <step time="82500.00" loaded="85415" inserted="82183" running="201" waiting="3232" ended="81982" arrived="81982" collisions="155" teleports="155" halting="4" stopped="0" meanWaitingTime="2978.31" meanTravelTime="334.84" meanSpeed="22.44" meanSpeedRelative="0.70" duration="2"/>
</summary>
