<?xml version="1.0" encoding="UTF-8"?>

<!-- generated on 2025-08-08 14:26:20 by Eclipse SUMO sumo Version 1.23.1
<sumoConfiguration xmlns:xsi="http://www.w3.org/2001/XMLSchema-instance" xsi:noNamespaceSchemaLocation="http://sumo.dlr.de/xsd/sumoConfiguration.xsd">

    <input>
        <net-file value="Desktop\Master Thesis\Network_fin.net.xml"/>
        <route-files value="Desktop\Master Thesis\demand_model_amsterdam.rou.xml"/>
        <additional-files value="Desktop\Master Thesis\Additionnal.add.xml"/>
    </input>

    <output>
        <summary-output value="outputf/summary_coor_alinea_3neigh_method2_K80_target5_92372.xml"/>
        <summary-output.period value="300"/>
        <tripinfo-output value="outputf/tripinfo_coor_alinea_3neigh_method2_K80_target5_92372.xml"/>
    </output>

    <time>
        <begin value="0"/>
        <end value="82800"/>
        <step-length value="1"/>
    </time>

    <processing>
        <time-to-teleport value="-1"/>
    </processing>

    <report>
        <verbose value="true"/>
        <no-step-log value="true"/>
    </report>

    <emissions>
        <device.emissions.period value="10"/>
    </emissions>

    <traci_server>
        <remote-port value="50834"/>
    </traci_server>

    <random_number>
        <seed value="92372"/>
    </random_number>

</sumoConfiguration>
-->

<summary xmlns:xsi="http://www.w3.org/2001/XMLSchema-instance" xsi:noNamespaceSchemaLocation="http://sumo.dlr.de/xsd/summary_file.xsd">
    <step time="0.00" loaded="0" inserted="0" running="0" waiting="0" ended="0" arrived="0" collisions="0" teleports="0" halting="0" stopped="0" meanWaitingTime="-1.00" meanTravelTime="-1.00" meanSpeed="-1.00" meanSpeedRelative="-1.00" duration="0"/>
    <step time="300.00" loaded="181" inserted="181" running="101" waiting="0" ended="80" arrived="80" collisions="0" teleports="0" halting="1" stopped="0" meanWaitingTime="0.54" meanTravelTime="97.45" meanSpeed="25.09" meanSpeedRelative="0.78" duration="0"/>
    <step time="600.00" loaded="369" inserted="367" running="141" waiting="2" ended="226" arrived="226" collisions="0" teleports="0" halting="0" stopped="0" meanWaitingTime="0.47" meanTravelTime="144.00" meanSpeed="24.57" meanSpeedRelative="0.77" duration="1"/>
    <step time="900.00" loaded="560" inserted="560" running="158" waiting="0" ended="402" arrived="402" collisions="0" teleports="0" halting="0" stopped="0" meanWaitingTime="0.43" meanTravelTime="171.27" meanSpeed="25.23" meanSpeedRelative="0.79" duration="1"/>
    <step time="1200.00" loaded="733" inserted="733" running="167" waiting="0" ended="566" arrived="566" collisions="0" teleports="0" halting="2" stopped="0" meanWaitingTime="0.43" meanTravelTime="192.59" meanSpeed="25.67" meanSpeedRelative="0.80" duration="1"/>
    <step time="1500.00" loaded="903" inserted="903" running="158" waiting="0" ended="745" arrived="745" collisions="0" teleports="0" halting="1" stopped="0" meanWaitingTime="0.44" meanTravelTime="213.33" meanSpeed="25.15" meanSpeedRelative="0.79" duration="0"/>
    <step time="1800.00" loaded="1104" inserted="1104" running="168" waiting="0" ended="936" arrived="936" collisions="0" teleports="0" halting="2" stopped="0" meanWaitingTime="0.43" meanTravelTime="220.57" meanSpeed="25.25" meanSpeedRelative="0.79" duration="1"/>
    <step time="2100.00" loaded="1309" inserted="1309" running="177" waiting="0" ended="1132" arrived="1132" collisions="0" teleports="0" halting="1" stopped="0" meanWaitingTime="0.43" meanTravelTime="226.95" meanSpeed="24.43" meanSpeedRelative="0.76" duration="2"/>
    <step time="2400.00" loaded="1486" inserted="1486" running="158" waiting="0" ended="1328" arrived="1328" collisions="0" teleports="0" halting="1" stopped="0" meanWaitingTime="0.44" meanTravelTime="229.48" meanSpeed="25.60" meanSpeedRelative="0.80" duration="1"/>
    <step time="2700.00" loaded="1667" inserted="1667" running="140" waiting="0" ended="1527" arrived="1527" collisions="0" teleports="0" halting="4" stopped="0" meanWaitingTime="0.45" meanTravelTime="234.60" meanSpeed="23.94" meanSpeedRelative="0.75" duration="1"/>
    <step time="3000.00" loaded="1836" inserted="1836" running="131" waiting="0" ended="1705" arrived="1705" collisions="1" teleports="1" halting="0" stopped="0" meanWaitingTime="0.43" meanTravelTime="236.23" meanSpeed="25.15" meanSpeedRelative="0.79" duration="1"/>
    <step time="3300.00" loaded="2018" inserted="2017" running="159" waiting="1" ended="1858" arrived="1858" collisions="2" teleports="2" halting="0" stopped="0" meanWaitingTime="0.47" meanTravelTime="235.15" meanSpeed="23.75" meanSpeedRelative="0.74" duration="1"/>
    <step time="3600.00" loaded="2205" inserted="2200" running="163" waiting="5" ended="2037" arrived="2037" collisions="2" teleports="2" halting="1" stopped="0" meanWaitingTime="0.87" meanTravelTime="236.99" meanSpeed="24.88" meanSpeedRelative="0.78" duration="85"/>
    <step time="3900.00" loaded="2319" inserted="2319" running="118" waiting="0" ended="2201" arrived="2201" collisions="2" teleports="2" halting="2" stopped="0" meanWaitingTime="1.21" meanTravelTime="239.73" meanSpeed="25.01" meanSpeedRelative="0.78" duration="1"/>
    <step time="4200.00" loaded="2422" inserted="2422" running="93" waiting="0" ended="2329" arrived="2329" collisions="2" teleports="2" halting="0" stopped="0" meanWaitingTime="1.17" meanTravelTime="242.60" meanSpeed="26.07" meanSpeedRelative="0.81" duration="1"/>
    <step time="4500.00" loaded="2529" inserted="2529" running="92" waiting="0" ended="2437" arrived="2437" collisions="2" teleports="2" halting="1" stopped="0" meanWaitingTime="1.14" meanTravelTime="245.05" meanSpeed="25.70" meanSpeedRelative="0.80" duration="0"/>
    <step time="4800.00" loaded="2662" inserted="2660" running="107" waiting="2" ended="2553" arrived="2553" collisions="2" teleports="2" halting="1" stopped="0" meanWaitingTime="1.11" meanTravelTime="244.81" meanSpeed="24.66" meanSpeedRelative="0.77" duration="0"/>
    <step time="5100.00" loaded="2766" inserted="2766" running="82" waiting="0" ended="2684" arrived="2684" collisions="2" teleports="2" halting="1" stopped="0" meanWaitingTime="1.08" meanTravelTime="244.38" meanSpeed="25.57" meanSpeedRelative="0.80" duration="0"/>
    <step time="5400.00" loaded="2868" inserted="2868" running="92" waiting="0" ended="2776" arrived="2776" collisions="2" teleports="2" halting="1" stopped="0" meanWaitingTime="1.05" meanTravelTime="245.34" meanSpeed="25.90" meanSpeedRelative="0.81" duration="1"/>
    <step time="5700.00" loaded="2974" inserted="2974" running="88" waiting="0" ended="2886" arrived="2886" collisions="2" teleports="2" halting="2" stopped="0" meanWaitingTime="1.02" meanTravelTime="245.27" meanSpeed="26.03" meanSpeedRelative="0.81" duration="0"/>
    <step time="6000.00" loaded="3081" inserted="3081" running="89" waiting="0" ended="2992" arrived="2992" collisions="2" teleports="2" halting="0" stopped="0" meanWaitingTime="0.99" meanTravelTime="244.64" meanSpeed="25.15" meanSpeedRelative="0.79" duration="0"/>
    <step time="6300.00" loaded="3191" inserted="3191" running="98" waiting="0" ended="3093" arrived="3093" collisions="2" teleports="2" halting="1" stopped="0" meanWaitingTime="0.96" meanTravelTime="243.20" meanSpeed="26.16" meanSpeedRelative="0.82" duration="1"/>
    <step time="6600.00" loaded="3313" inserted="3313" running="104" waiting="0" ended="3209" arrived="3209" collisions="2" teleports="2" halting="1" stopped="0" meanWaitingTime="0.94" meanTravelTime="244.62" meanSpeed="25.57" meanSpeedRelative="0.80" duration="1"/>
    <step time="6900.00" loaded="3414" inserted="3414" running="90" waiting="0" ended="3324" arrived="3324" collisions="2" teleports="2" halting="1" stopped="0" meanWaitingTime="0.92" meanTravelTime="245.16" meanSpeed="25.31" meanSpeedRelative="0.79" duration="0"/>
    <step time="7200.00" loaded="3528" inserted="3521" running="90" waiting="7" ended="3431" arrived="3431" collisions="2" teleports="2" halting="4" stopped="0" meanWaitingTime="1.03" meanTravelTime="245.72" meanSpeed="25.07" meanSpeedRelative="0.78" duration="86"/>
    <step time="7500.00" loaded="3685" inserted="3669" running="123" waiting="16" ended="3546" arrived="3546" collisions="2" teleports="2" halting="1" stopped="0" meanWaitingTime="1.53" meanTravelTime="245.78" meanSpeed="24.96" meanSpeedRelative="0.78" duration="1"/>
    <step time="7800.00" loaded="3845" inserted="3832" running="141" waiting="13" ended="3691" arrived="3691" collisions="2" teleports="2" halting="1" stopped="0" meanWaitingTime="2.53" meanTravelTime="246.04" meanSpeed="25.43" meanSpeedRelative="0.79" duration="1"/>
    <step time="8100.00" loaded="4018" inserted="3990" running="140" waiting="28" ended="3850" arrived="3850" collisions="2" teleports="2" halting="3" stopped="0" meanWaitingTime="3.45" meanTravelTime="246.07" meanSpeed="24.40" meanSpeedRelative="0.76" duration="0"/>
    <step time="8400.00" loaded="4169" inserted="4133" running="147" waiting="36" ended="3986" arrived="3986" collisions="2" teleports="2" halting="0" stopped="0" meanWaitingTime="5.02" meanTravelTime="245.76" meanSpeed="24.96" meanSpeedRelative="0.78" duration="1"/>
    <step time="8700.00" loaded="4317" inserted="4282" running="122" waiting="35" ended="4160" arrived="4160" collisions="2" teleports="2" halting="1" stopped="0" meanWaitingTime="7.08" meanTravelTime="248.32" meanSpeed="24.85" meanSpeedRelative="0.78" duration="0"/>
    <step time="9000.00" loaded="4477" inserted="4427" running="130" waiting="50" ended="4297" arrived="4297" collisions="2" teleports="2" halting="5" stopped="0" meanWaitingTime="8.93" meanTravelTime="248.26" meanSpeed="24.06" meanSpeedRelative="0.75" duration="1"/>
    <step time="9300.00" loaded="4637" inserted="4579" running="129" waiting="58" ended="4450" arrived="4450" collisions="2" teleports="2" halting="0" stopped="0" meanWaitingTime="11.06" meanTravelTime="248.64" meanSpeed="24.51" meanSpeedRelative="0.77" duration="0"/>
    <step time="9600.00" loaded="4793" inserted="4728" running="124" waiting="65" ended="4604" arrived="4604" collisions="2" teleports="2" halting="1" stopped="0" meanWaitingTime="13.72" meanTravelTime="249.12" meanSpeed="24.15" meanSpeedRelative="0.75" duration="1"/>
    <step time="9900.00" loaded="4953" inserted="4889" running="129" waiting="64" ended="4760" arrived="4760" collisions="2" teleports="2" halting="3" stopped="0" meanWaitingTime="16.77" meanTravelTime="249.06" meanSpeed="23.43" meanSpeedRelative="0.73" duration="1"/>
    <step time="10200.00" loaded="5102" inserted="5029" running="118" waiting="73" ended="4911" arrived="4911" collisions="2" teleports="2" halting="1" stopped="0" meanWaitingTime="19.76" meanTravelTime="249.15" meanSpeed="24.91" meanSpeedRelative="0.78" duration="1"/>
    <step time="10500.00" loaded="5246" inserted="5169" running="113" waiting="77" ended="5056" arrived="5056" collisions="2" teleports="2" halting="1" stopped="0" meanWaitingTime="23.01" meanTravelTime="249.12" meanSpeed="24.46" meanSpeedRelative="0.76" duration="1"/>
    <step time="10800.00" loaded="5391" inserted="5307" running="102" waiting="84" ended="5205" arrived="5205" collisions="2" teleports="2" halting="3" stopped="0" meanWaitingTime="26.01" meanTravelTime="248.44" meanSpeed="24.95" meanSpeedRelative="0.78" duration="86"/>
    <step time="11100.00" loaded="5531" inserted="5439" running="103" waiting="92" ended="5336" arrived="5336" collisions="2" teleports="2" halting="0" stopped="0" meanWaitingTime="29.13" meanTravelTime="248.55" meanSpeed="24.02" meanSpeedRelative="0.75" duration="1"/>
    <step time="11400.00" loaded="5674" inserted="5587" running="117" waiting="87" ended="5470" arrived="5470" collisions="2" teleports="2" halting="1" stopped="0" meanWaitingTime="32.90" meanTravelTime="248.17" meanSpeed="24.77" meanSpeedRelative="0.77" duration="1"/>
    <step time="11700.00" loaded="5832" inserted="5742" running="124" waiting="90" ended="5618" arrived="5618" collisions="2" teleports="2" halting="5" stopped="0" meanWaitingTime="36.31" meanTravelTime="247.84" meanSpeed="23.46" meanSpeedRelative="0.73" duration="1"/>
    <step time="12000.00" loaded="5972" inserted="5881" running="115" waiting="91" ended="5766" arrived="5766" collisions="2" teleports="2" halting="2" stopped="0" meanWaitingTime="39.70" meanTravelTime="247.64" meanSpeed="24.61" meanSpeedRelative="0.77" duration="1"/>
    <step time="12300.00" loaded="6105" inserted="6017" running="103" waiting="88" ended="5914" arrived="5914" collisions="2" teleports="2" halting="1" stopped="0" meanWaitingTime="43.42" meanTravelTime="247.62" meanSpeed="25.10" meanSpeedRelative="0.78" duration="1"/>
    <step time="12600.00" loaded="6250" inserted="6162" running="113" waiting="88" ended="6049" arrived="6049" collisions="3" teleports="3" halting="3" stopped="0" meanWaitingTime="46.51" meanTravelTime="247.48" meanSpeed="23.90" meanSpeedRelative="0.75" duration="1"/>
    <step time="12900.00" loaded="6391" inserted="6306" running="113" waiting="85" ended="6193" arrived="6193" collisions="3" teleports="3" halting="0" stopped="0" meanWaitingTime="50.04" meanTravelTime="246.51" meanSpeed="24.29" meanSpeedRelative="0.76" duration="1"/>
    <step time="13200.00" loaded="6539" inserted="6434" running="106" waiting="105" ended="6328" arrived="6328" collisions="3" teleports="3" halting="1" stopped="0" meanWaitingTime="53.17" meanTravelTime="246.86" meanSpeed="24.33" meanSpeedRelative="0.76" duration="0"/>
    <step time="13500.00" loaded="6675" inserted="6575" running="97" waiting="100" ended="6478" arrived="6478" collisions="3" teleports="3" halting="3" stopped="0" meanWaitingTime="56.34" meanTravelTime="246.41" meanSpeed="23.49" meanSpeedRelative="0.73" duration="0"/>
    <step time="13800.00" loaded="6834" inserted="6732" running="119" waiting="102" ended="6613" arrived="6613" collisions="3" teleports="3" halting="5" stopped="0" meanWaitingTime="58.64" meanTravelTime="245.73" meanSpeed="23.92" meanSpeedRelative="0.75" duration="0"/>
    <step time="14100.00" loaded="6988" inserted="6871" running="112" waiting="117" ended="6759" arrived="6759" collisions="3" teleports="3" halting="0" stopped="0" meanWaitingTime="61.08" meanTravelTime="245.37" meanSpeed="24.51" meanSpeedRelative="0.77" duration="1"/>
    <step time="14400.00" loaded="7164" inserted="7036" running="113" waiting="128" ended="6923" arrived="6923" collisions="4" teleports="4" halting="1" stopped="0" meanWaitingTime="64.12" meanTravelTime="245.51" meanSpeed="25.60" meanSpeedRelative="0.80" duration="87"/>
    <step time="14700.00" loaded="7263" inserted="7144" running="96" waiting="119" ended="7048" arrived="7048" collisions="4" teleports="4" halting="2" stopped="0" meanWaitingTime="67.13" meanTravelTime="245.36" meanSpeed="24.59" meanSpeedRelative="0.77" duration="0"/>
    <step time="15000.00" loaded="7371" inserted="7249" running="88" waiting="122" ended="7161" arrived="7161" collisions="4" teleports="4" halting="2" stopped="0" meanWaitingTime="70.31" meanTravelTime="245.23" meanSpeed="23.75" meanSpeedRelative="0.74" duration="1"/>
    <step time="15300.00" loaded="7477" inserted="7354" running="79" waiting="123" ended="7275" arrived="7275" collisions="4" teleports="4" halting="0" stopped="0" meanWaitingTime="73.48" meanTravelTime="245.12" meanSpeed="24.68" meanSpeedRelative="0.77" duration="1"/>
    <step time="15600.00" loaded="7559" inserted="7440" running="67" waiting="119" ended="7373" arrived="7373" collisions="4" teleports="4" halting="1" stopped="0" meanWaitingTime="77.48" meanTravelTime="245.32" meanSpeed="23.56" meanSpeedRelative="0.74" duration="1"/>
    <step time="15900.00" loaded="7661" inserted="7549" running="80" waiting="112" ended="7469" arrived="7469" collisions="4" teleports="4" halting="2" stopped="0" meanWaitingTime="81.49" meanTravelTime="245.18" meanSpeed="24.22" meanSpeedRelative="0.76" duration="0"/>
    <step time="16200.00" loaded="7781" inserted="7673" running="95" waiting="108" ended="7578" arrived="7578" collisions="4" teleports="4" halting="0" stopped="0" meanWaitingTime="84.76" meanTravelTime="244.68" meanSpeed="23.75" meanSpeedRelative="0.74" duration="1"/>
    <step time="16500.00" loaded="7884" inserted="7783" running="83" waiting="101" ended="7700" arrived="7700" collisions="4" teleports="4" halting="4" stopped="0" meanWaitingTime="88.41" meanTravelTime="244.04" meanSpeed="22.77" meanSpeedRelative="0.71" duration="1"/>
    <step time="16800.00" loaded="7987" inserted="7894" running="90" waiting="93" ended="7804" arrived="7804" collisions="4" teleports="4" halting="4" stopped="0" meanWaitingTime="91.77" meanTravelTime="243.74" meanSpeed="22.97" meanSpeedRelative="0.72" duration="1"/>
    <step time="17100.00" loaded="8084" inserted="7994" running="90" waiting="90" ended="7904" arrived="7904" collisions="4" teleports="4" halting="4" stopped="0" meanWaitingTime="94.63" meanTravelTime="243.85" meanSpeed="23.24" meanSpeedRelative="0.73" duration="1"/>
    <step time="17400.00" loaded="8183" inserted="8099" running="80" waiting="84" ended="8019" arrived="8019" collisions="4" teleports="4" halting="1" stopped="0" meanWaitingTime="97.23" meanTravelTime="244.11" meanSpeed="24.12" meanSpeedRelative="0.75" duration="1"/>
    <step time="17700.00" loaded="8285" inserted="8206" running="78" waiting="79" ended="8128" arrived="8128" collisions="4" teleports="4" halting="2" stopped="0" meanWaitingTime="100.24" meanTravelTime="244.10" meanSpeed="23.51" meanSpeedRelative="0.73" duration="0"/>
    <step time="18000.00" loaded="8384" inserted="8306" running="74" waiting="78" ended="8232" arrived="8232" collisions="4" teleports="4" halting="6" stopped="0" meanWaitingTime="102.56" meanTravelTime="243.55" meanSpeed="23.57" meanSpeedRelative="0.74" duration="80"/>
    <step time="18300.00" loaded="8595" inserted="8503" running="140" waiting="92" ended="8363" arrived="8363" collisions="4" teleports="4" halting="1" stopped="0" meanWaitingTime="103.52" meanTravelTime="243.09" meanSpeed="24.01" meanSpeedRelative="0.75" duration="0"/>
    <step time="18600.00" loaded="8805" inserted="8704" running="153" waiting="101" ended="8551" arrived="8551" collisions="4" teleports="4" halting="0" stopped="0" meanWaitingTime="104.39" meanTravelTime="241.95" meanSpeed="24.84" meanSpeedRelative="0.78" duration="1"/>
    <step time="18900.00" loaded="8989" inserted="8882" running="143" waiting="107" ended="8739" arrived="8739" collisions="4" teleports="4" halting="3" stopped="0" meanWaitingTime="104.96" meanTravelTime="241.80" meanSpeed="25.46" meanSpeedRelative="0.80" duration="0"/>
    <step time="19200.00" loaded="9182" inserted="9057" running="150" waiting="125" ended="8907" arrived="8907" collisions="4" teleports="4" halting="3" stopped="0" meanWaitingTime="105.34" meanTravelTime="242.34" meanSpeed="24.02" meanSpeedRelative="0.75" duration="1"/>
    <step time="19500.00" loaded="9372" inserted="9232" running="147" waiting="140" ended="9085" arrived="9085" collisions="4" teleports="4" halting="1" stopped="0" meanWaitingTime="106.25" meanTravelTime="242.58" meanSpeed="25.82" meanSpeedRelative="0.81" duration="1"/>
    <step time="19800.00" loaded="9588" inserted="9434" running="159" waiting="154" ended="9275" arrived="9275" collisions="4" teleports="4" halting="3" stopped="0" meanWaitingTime="107.28" meanTravelTime="242.20" meanSpeed="24.03" meanSpeedRelative="0.75" duration="1"/>
    <step time="20100.00" loaded="9774" inserted="9613" running="131" waiting="161" ended="9482" arrived="9482" collisions="4" teleports="4" halting="7" stopped="0" meanWaitingTime="108.69" meanTravelTime="242.29" meanSpeed="23.11" meanSpeedRelative="0.72" duration="1"/>
    <step time="20400.00" loaded="9986" inserted="9808" running="157" waiting="178" ended="9651" arrived="9651" collisions="4" teleports="4" halting="2" stopped="0" meanWaitingTime="110.10" meanTravelTime="242.30" meanSpeed="24.11" meanSpeedRelative="0.75" duration="1"/>
    <step time="20700.00" loaded="10186" inserted="10002" running="180" waiting="184" ended="9822" arrived="9822" collisions="4" teleports="4" halting="3" stopped="0" meanWaitingTime="112.36" meanTravelTime="242.53" meanSpeed="24.24" meanSpeedRelative="0.76" duration="1"/>
    <step time="21000.00" loaded="10363" inserted="10173" running="149" waiting="190" ended="10024" arrived="10024" collisions="4" teleports="4" halting="3" stopped="0" meanWaitingTime="114.48" meanTravelTime="243.21" meanSpeed="24.93" meanSpeedRelative="0.78" duration="1"/>
    <step time="21300.00" loaded="10564" inserted="10358" running="153" waiting="206" ended="10205" arrived="10205" collisions="4" teleports="4" halting="1" stopped="0" meanWaitingTime="115.93" meanTravelTime="243.23" meanSpeed="24.08" meanSpeedRelative="0.75" duration="1"/>
    <step time="21600.00" loaded="10764" inserted="10553" running="171" waiting="211" ended="10382" arrived="10382" collisions="4" teleports="4" halting="3" stopped="0" meanWaitingTime="118.87" meanTravelTime="243.72" meanSpeed="24.53" meanSpeedRelative="0.77" duration="82"/>
    <step time="21900.00" loaded="11237" inserted="10948" running="310" waiting="289" ended="10638" arrived="10638" collisions="4" teleports="4" halting="3" stopped="0" meanWaitingTime="120.28" meanTravelTime="243.49" meanSpeed="23.27" meanSpeedRelative="0.73" duration="2"/>
    <step time="22200.00" loaded="11720" inserted="11360" running="397" waiting="360" ended="10963" arrived="10963" collisions="4" teleports="4" halting="5" stopped="0" meanWaitingTime="123.78" meanTravelTime="243.71" meanSpeed="22.06" meanSpeedRelative="0.69" duration="2"/>
    <step time="22500.00" loaded="12185" inserted="11747" running="401" waiting="438" ended="11346" arrived="11346" collisions="5" teleports="5" halting="8" stopped="0" meanWaitingTime="126.77" meanTravelTime="244.99" meanSpeed="21.41" meanSpeedRelative="0.67" duration="2"/>
    <step time="22800.00" loaded="12655" inserted="12136" running="393" waiting="519" ended="11743" arrived="11743" collisions="7" teleports="7" halting="2" stopped="0" meanWaitingTime="129.66" meanTravelTime="247.00" meanSpeed="21.64" meanSpeedRelative="0.68" duration="3"/>
    <step time="23100.00" loaded="13155" inserted="12546" running="415" waiting="609" ended="12131" arrived="12131" collisions="8" teleports="8" halting="3" stopped="0" meanWaitingTime="132.67" meanTravelTime="248.71" meanSpeed="21.58" meanSpeedRelative="0.67" duration="3"/>
    <step time="23400.00" loaded="13593" inserted="12910" running="405" waiting="683" ended="12505" arrived="12505" collisions="9" teleports="9" halting="10" stopped="0" meanWaitingTime="136.97" meanTravelTime="251.07" meanSpeed="20.75" meanSpeedRelative="0.65" duration="3"/>
    <step time="23700.00" loaded="14038" inserted="13292" running="423" waiting="746" ended="12869" arrived="12869" collisions="11" teleports="11" halting="2" stopped="0" meanWaitingTime="142.04" meanTravelTime="252.80" meanSpeed="20.22" meanSpeedRelative="0.63" duration="3"/>
    <step time="24000.00" loaded="14487" inserted="13685" running="422" waiting="802" ended="13263" arrived="13263" collisions="11" teleports="11" halting="4" stopped="0" meanWaitingTime="147.20" meanTravelTime="255.23" meanSpeed="19.51" meanSpeedRelative="0.61" duration="4"/>
    <step time="24300.00" loaded="14947" inserted="14072" running="453" waiting="875" ended="13619" arrived="13619" collisions="11" teleports="11" halting="5" stopped="0" meanWaitingTime="153.66" meanTravelTime="256.68" meanSpeed="21.02" meanSpeedRelative="0.66" duration="2"/>
    <step time="24600.00" loaded="15441" inserted="14487" running="452" waiting="954" ended="14035" arrived="14035" collisions="12" teleports="12" halting="5" stopped="0" meanWaitingTime="160.67" meanTravelTime="259.15" meanSpeed="20.70" meanSpeedRelative="0.65" duration="3"/>
    <step time="24900.00" loaded="15941" inserted="14882" running="457" waiting="1059" ended="14425" arrived="14425" collisions="15" teleports="15" halting="4" stopped="0" meanWaitingTime="167.82" meanTravelTime="261.30" meanSpeed="20.51" meanSpeedRelative="0.64" duration="3"/>
    <step time="25200.00" loaded="16415" inserted="15268" running="434" waiting="1147" ended="14834" arrived="14834" collisions="15" teleports="15" halting="6" stopped="0" meanWaitingTime="175.31" meanTravelTime="263.05" meanSpeed="19.49" meanSpeedRelative="0.61" duration="92"/>
    <step time="25500.00" loaded="17018" inserted="15713" running="495" waiting="1305" ended="15218" arrived="15218" collisions="15" teleports="15" halting="6" stopped="0" meanWaitingTime="183.81" meanTravelTime="264.45" meanSpeed="20.32" meanSpeedRelative="0.64" duration="3"/>
    <step time="25800.00" loaded="17554" inserted="16176" running="536" waiting="1378" ended="15640" arrived="15640" collisions="16" teleports="16" halting="7" stopped="0" meanWaitingTime="193.62" meanTravelTime="266.71" meanSpeed="19.54" meanSpeedRelative="0.61" duration="5"/>
    <step time="26100.00" loaded="18119" inserted="16605" running="530" waiting="1514" ended="16075" arrived="16075" collisions="18" teleports="18" halting="6" stopped="0" meanWaitingTime="202.74" meanTravelTime="269.26" meanSpeed="18.87" meanSpeedRelative="0.59" duration="4"/>
    <step time="26400.00" loaded="18693" inserted="17074" running="547" waiting="1619" ended="16527" arrived="16527" collisions="18" teleports="18" halting="6" stopped="0" meanWaitingTime="213.08" meanTravelTime="271.53" meanSpeed="19.00" meanSpeedRelative="0.59" duration="5"/>
    <step time="26700.00" loaded="19269" inserted="17536" running="510" waiting="1733" ended="17026" arrived="17026" collisions="18" teleports="18" halting="3" stopped="0" meanWaitingTime="226.24" meanTravelTime="273.80" meanSpeed="17.96" meanSpeedRelative="0.56" duration="3"/>
    <step time="27000.00" loaded="19837" inserted="17994" running="520" waiting="1843" ended="17474" arrived="17474" collisions="20" teleports="20" halting="5" stopped="0" meanWaitingTime="239.45" meanTravelTime="275.32" meanSpeed="18.91" meanSpeedRelative="0.59" duration="4"/>
    <step time="27300.00" loaded="20406" inserted="18442" running="517" waiting="1964" ended="17925" arrived="17925" collisions="21" teleports="21" halting="4" stopped="0" meanWaitingTime="251.36" meanTravelTime="277.21" meanSpeed="18.75" meanSpeedRelative="0.59" duration="5"/>
    <step time="27600.00" loaded="20946" inserted="18871" running="475" waiting="2075" ended="18396" arrived="18396" collisions="22" teleports="22" halting="7" stopped="0" meanWaitingTime="264.56" meanTravelTime="278.65" meanSpeed="19.36" meanSpeedRelative="0.61" duration="3"/>
    <step time="27900.00" loaded="21485" inserted="19335" running="520" waiting="2150" ended="18815" arrived="18815" collisions="23" teleports="23" halting="9" stopped="0" meanWaitingTime="278.95" meanTravelTime="280.19" meanSpeed="18.33" meanSpeedRelative="0.57" duration="3"/>
    <step time="28200.00" loaded="22033" inserted="19756" running="506" waiting="2277" ended="19250" arrived="19250" collisions="25" teleports="25" halting="6" stopped="0" meanWaitingTime="291.58" meanTravelTime="281.51" meanSpeed="19.77" meanSpeedRelative="0.62" duration="5"/>
    <step time="28500.00" loaded="22629" inserted="20221" running="505" waiting="2408" ended="19716" arrived="19716" collisions="25" teleports="25" halting="2" stopped="0" meanWaitingTime="305.81" meanTravelTime="282.87" meanSpeed="19.70" meanSpeedRelative="0.62" duration="5"/>
    <step time="28800.00" loaded="23189" inserted="20685" running="531" waiting="2504" ended="20154" arrived="20154" collisions="27" teleports="27" halting="2" stopped="0" meanWaitingTime="321.24" meanTravelTime="284.02" meanSpeed="19.23" meanSpeedRelative="0.60" duration="94"/>
    <step time="29100.00" loaded="23561" inserted="21086" running="463" waiting="2475" ended="20623" arrived="20623" collisions="28" teleports="28" halting="7" stopped="0" meanWaitingTime="334.85" meanTravelTime="285.26" meanSpeed="20.31" meanSpeedRelative="0.63" duration="4"/>
    <step time="29400.00" loaded="23901" inserted="21462" running="438" waiting="2439" ended="21024" arrived="21024" collisions="30" teleports="30" halting="5" stopped="0" meanWaitingTime="348.99" meanTravelTime="286.65" meanSpeed="20.22" meanSpeedRelative="0.63" duration="4"/>
    <step time="29700.00" loaded="24276" inserted="21873" running="427" waiting="2403" ended="21446" arrived="21446" collisions="30" teleports="30" halting="5" stopped="0" meanWaitingTime="360.93" meanTravelTime="287.74" meanSpeed="20.95" meanSpeedRelative="0.65" duration="3"/>
    <step time="30000.00" loaded="24603" inserted="22243" running="393" waiting="2360" ended="21850" arrived="21850" collisions="31" teleports="31" halting="3" stopped="0" meanWaitingTime="372.42" meanTravelTime="288.28" meanSpeed="21.57" meanSpeedRelative="0.67" duration="4"/>
    <step time="30300.00" loaded="24963" inserted="22632" running="393" waiting="2331" ended="22239" arrived="22239" collisions="31" teleports="31" halting="5" stopped="0" meanWaitingTime="383.77" meanTravelTime="288.76" meanSpeed="21.32" meanSpeedRelative="0.67" duration="3"/>
    <step time="30600.00" loaded="25310" inserted="22992" running="373" waiting="2318" ended="22619" arrived="22619" collisions="31" teleports="31" halting="6" stopped="0" meanWaitingTime="395.15" meanTravelTime="289.38" meanSpeed="21.24" meanSpeedRelative="0.66" duration="2"/>
    <step time="30900.00" loaded="25653" inserted="23333" running="319" waiting="2320" ended="23014" arrived="23014" collisions="32" teleports="32" halting="1" stopped="0" meanWaitingTime="406.95" meanTravelTime="289.66" meanSpeed="22.17" meanSpeedRelative="0.69" duration="4"/>
    <step time="31200.00" loaded="25995" inserted="23692" running="323" waiting="2303" ended="23369" arrived="23369" collisions="32" teleports="32" halting="6" stopped="0" meanWaitingTime="418.30" meanTravelTime="289.50" meanSpeed="22.63" meanSpeedRelative="0.71" duration="3"/>
    <step time="31500.00" loaded="26373" inserted="24067" running="344" waiting="2306" ended="23723" arrived="23723" collisions="32" teleports="32" halting="1" stopped="0" meanWaitingTime="430.08" meanTravelTime="289.14" meanSpeed="22.40" meanSpeedRelative="0.70" duration="3"/>
    <step time="31800.00" loaded="26724" inserted="24423" running="354" waiting="2301" ended="24069" arrived="24069" collisions="33" teleports="33" halting="2" stopped="0" meanWaitingTime="441.43" meanTravelTime="288.89" meanSpeed="22.35" meanSpeedRelative="0.70" duration="3"/>
    <step time="32100.00" loaded="27082" inserted="24788" running="346" waiting="2294" ended="24442" arrived="24442" collisions="35" teleports="35" halting="2" stopped="0" meanWaitingTime="452.65" meanTravelTime="288.94" meanSpeed="22.38" meanSpeedRelative="0.70" duration="2"/>
    <step time="32400.00" loaded="27439" inserted="25155" running="360" waiting="2284" ended="24795" arrived="24795" collisions="35" teleports="35" halting="2" stopped="0" meanWaitingTime="463.26" meanTravelTime="288.94" meanSpeed="21.49" meanSpeedRelative="0.67" duration="91"/>
    <step time="32700.00" loaded="27714" inserted="25446" running="299" waiting="2268" ended="25147" arrived="25147" collisions="35" teleports="35" halting="0" stopped="0" meanWaitingTime="475.36" meanTravelTime="289.08" meanSpeed="23.39" meanSpeedRelative="0.73" duration="2"/>
    <step time="33000.00" loaded="27969" inserted="25704" running="256" waiting="2265" ended="25448" arrived="25448" collisions="36" teleports="36" halting="2" stopped="0" meanWaitingTime="487.10" meanTravelTime="289.31" meanSpeed="24.12" meanSpeedRelative="0.75" duration="3"/>
    <step time="33300.00" loaded="28218" inserted="25960" running="244" waiting="2258" ended="25716" arrived="25716" collisions="36" teleports="36" halting="3" stopped="0" meanWaitingTime="499.49" meanTravelTime="289.30" meanSpeed="23.37" meanSpeedRelative="0.73" duration="2"/>
    <step time="33600.00" loaded="28499" inserted="26251" running="251" waiting="2248" ended="26000" arrived="26000" collisions="36" teleports="36" halting="2" stopped="0" meanWaitingTime="512.56" meanTravelTime="289.11" meanSpeed="23.38" meanSpeedRelative="0.73" duration="1"/>
    <step time="33900.00" loaded="28764" inserted="26514" running="229" waiting="2250" ended="26285" arrived="26285" collisions="36" teleports="36" halting="1" stopped="0" meanWaitingTime="524.68" meanTravelTime="288.97" meanSpeed="23.19" meanSpeedRelative="0.72" duration="2"/>
    <step time="34200.00" loaded="29052" inserted="26800" running="246" waiting="2252" ended="26554" arrived="26554" collisions="36" teleports="36" halting="3" stopped="0" meanWaitingTime="537.33" meanTravelTime="288.72" meanSpeed="23.81" meanSpeedRelative="0.74" duration="2"/>
    <step time="34500.00" loaded="29300" inserted="27054" running="229" waiting="2246" ended="26825" arrived="26825" collisions="37" teleports="37" halting="4" stopped="0" meanWaitingTime="551.31" meanTravelTime="288.41" meanSpeed="22.73" meanSpeedRelative="0.71" duration="2"/>
    <step time="34800.00" loaded="29591" inserted="27357" running="263" waiting="2234" ended="27094" arrived="27094" collisions="37" teleports="37" halting="1" stopped="0" meanWaitingTime="565.27" meanTravelTime="288.26" meanSpeed="23.15" meanSpeedRelative="0.72" duration="3"/>
    <step time="35100.00" loaded="29862" inserted="27623" running="250" waiting="2239" ended="27373" arrived="27373" collisions="37" teleports="37" halting="2" stopped="0" meanWaitingTime="578.01" meanTravelTime="288.11" meanSpeed="22.77" meanSpeedRelative="0.71" duration="2"/>
    <step time="35400.00" loaded="30122" inserted="27888" running="226" waiting="2234" ended="27662" arrived="27662" collisions="37" teleports="37" halting="3" stopped="0" meanWaitingTime="592.76" meanTravelTime="288.04" meanSpeed="23.74" meanSpeedRelative="0.74" duration="2"/>
    <step time="35700.00" loaded="30372" inserted="28145" running="221" waiting="2227" ended="27924" arrived="27924" collisions="37" teleports="37" halting="4" stopped="0" meanWaitingTime="607.08" meanTravelTime="287.69" meanSpeed="23.19" meanSpeedRelative="0.72" duration="1"/>
    <step time="36000.00" loaded="30623" inserted="28392" running="224" waiting="2231" ended="28168" arrived="28168" collisions="37" teleports="37" halting="2" stopped="0" meanWaitingTime="620.30" meanTravelTime="287.57" meanSpeed="23.83" meanSpeedRelative="0.74" duration="84"/>
    <step time="36300.00" loaded="31120" inserted="28820" running="347" waiting="2300" ended="28473" arrived="28473" collisions="37" teleports="37" halting="5" stopped="0" meanWaitingTime="631.79" meanTravelTime="287.00" meanSpeed="22.41" meanSpeedRelative="0.70" duration="2"/>
    <step time="36600.00" loaded="31582" inserted="29219" running="403" waiting="2363" ended="28816" arrived="28816" collisions="38" teleports="38" halting="5" stopped="0" meanWaitingTime="642.83" meanTravelTime="286.79" meanSpeed="21.17" meanSpeedRelative="0.66" duration="4"/>
    <step time="36900.00" loaded="32048" inserted="29636" running="404" waiting="2412" ended="29232" arrived="29232" collisions="38" teleports="38" halting="6" stopped="0" meanWaitingTime="656.53" meanTravelTime="286.78" meanSpeed="20.51" meanSpeedRelative="0.64" duration="4"/>
    <step time="37200.00" loaded="32480" inserted="30029" running="428" waiting="2451" ended="29601" arrived="29601" collisions="40" teleports="40" halting="4" stopped="0" meanWaitingTime="668.78" meanTravelTime="286.93" meanSpeed="21.50" meanSpeedRelative="0.67" duration="3"/>
    <step time="37500.00" loaded="32957" inserted="30451" running="433" waiting="2506" ended="30018" arrived="30018" collisions="41" teleports="41" halting="6" stopped="0" meanWaitingTime="681.22" meanTravelTime="287.29" meanSpeed="20.72" meanSpeedRelative="0.65" duration="3"/>
    <step time="37800.00" loaded="33414" inserted="30845" running="404" waiting="2569" ended="30441" arrived="30441" collisions="42" teleports="42" halting="8" stopped="0" meanWaitingTime="693.64" meanTravelTime="287.54" meanSpeed="21.07" meanSpeedRelative="0.66" duration="2"/>
    <step time="38100.00" loaded="33873" inserted="31224" running="404" waiting="2649" ended="30820" arrived="30820" collisions="43" teleports="43" halting="4" stopped="0" meanWaitingTime="705.06" meanTravelTime="288.06" meanSpeed="21.34" meanSpeedRelative="0.67" duration="2"/>
    <step time="38400.00" loaded="34345" inserted="31622" running="412" waiting="2723" ended="31210" arrived="31210" collisions="44" teleports="44" halting="6" stopped="0" meanWaitingTime="717.09" meanTravelTime="288.30" meanSpeed="21.16" meanSpeedRelative="0.66" duration="4"/>
    <step time="38700.00" loaded="34831" inserted="32045" running="433" waiting="2786" ended="31612" arrived="31612" collisions="44" teleports="44" halting="4" stopped="0" meanWaitingTime="728.88" meanTravelTime="288.76" meanSpeed="20.82" meanSpeedRelative="0.65" duration="5"/>
    <step time="39000.00" loaded="35294" inserted="32455" running="415" waiting="2839" ended="32040" arrived="32040" collisions="45" teleports="45" halting="6" stopped="0" meanWaitingTime="741.02" meanTravelTime="289.09" meanSpeed="21.77" meanSpeedRelative="0.68" duration="5"/>
    <step time="39300.00" loaded="35723" inserted="32840" running="394" waiting="2883" ended="32446" arrived="32446" collisions="45" teleports="45" halting="5" stopped="0" meanWaitingTime="754.79" meanTravelTime="289.07" meanSpeed="20.68" meanSpeedRelative="0.65" duration="5"/>
    <step time="39600.00" loaded="36202" inserted="33228" running="412" waiting="2974" ended="32816" arrived="32816" collisions="47" teleports="47" halting="2" stopped="0" meanWaitingTime="765.77" meanTravelTime="289.29" meanSpeed="21.51" meanSpeedRelative="0.67" duration="89"/>
    <step time="39900.00" loaded="36733" inserted="33650" running="464" waiting="3083" ended="33186" arrived="33186" collisions="49" teleports="49" halting="2" stopped="0" meanWaitingTime="775.69" meanTravelTime="289.67" meanSpeed="20.98" meanSpeedRelative="0.66" duration="3"/>
    <step time="40200.00" loaded="37227" inserted="34077" running="451" waiting="3150" ended="33626" arrived="33626" collisions="51" teleports="51" halting="6" stopped="0" meanWaitingTime="787.92" meanTravelTime="290.17" meanSpeed="20.56" meanSpeedRelative="0.64" duration="5"/>
    <step time="40500.00" loaded="37779" inserted="34536" running="485" waiting="3243" ended="34051" arrived="34051" collisions="51" teleports="51" halting="6" stopped="0" meanWaitingTime="800.65" meanTravelTime="290.43" meanSpeed="20.67" meanSpeedRelative="0.65" duration="4"/>
    <step time="40800.00" loaded="38308" inserted="34993" running="511" waiting="3315" ended="34482" arrived="34482" collisions="53" teleports="53" halting="6" stopped="0" meanWaitingTime="812.79" meanTravelTime="290.96" meanSpeed="19.67" meanSpeedRelative="0.61" duration="5"/>
    <step time="41100.00" loaded="38827" inserted="35443" running="516" waiting="3384" ended="34927" arrived="34927" collisions="55" teleports="55" halting="5" stopped="0" meanWaitingTime="822.82" meanTravelTime="291.45" meanSpeed="19.85" meanSpeedRelative="0.62" duration="6"/>
    <step time="41400.00" loaded="39350" inserted="35883" running="507" waiting="3467" ended="35376" arrived="35376" collisions="55" teleports="55" halting="3" stopped="0" meanWaitingTime="834.63" meanTravelTime="292.07" meanSpeed="20.67" meanSpeedRelative="0.65" duration="4"/>
    <step time="41700.00" loaded="39859" inserted="36326" running="483" waiting="3533" ended="35843" arrived="35843" collisions="55" teleports="55" halting="6" stopped="0" meanWaitingTime="847.89" meanTravelTime="292.74" meanSpeed="20.64" meanSpeedRelative="0.65" duration="3"/>
    <step time="42000.00" loaded="40370" inserted="36769" running="477" waiting="3601" ended="36292" arrived="36292" collisions="56" teleports="56" halting="5" stopped="0" meanWaitingTime="858.58" meanTravelTime="293.22" meanSpeed="20.51" meanSpeedRelative="0.64" duration="5"/>
    <step time="42300.00" loaded="40866" inserted="37188" running="470" waiting="3678" ended="36718" arrived="36718" collisions="56" teleports="56" halting="3" stopped="0" meanWaitingTime="868.52" meanTravelTime="293.50" meanSpeed="21.13" meanSpeedRelative="0.66" duration="6"/>
    <step time="42600.00" loaded="41348" inserted="37602" running="468" waiting="3746" ended="37134" arrived="37134" collisions="58" teleports="58" halting="7" stopped="0" meanWaitingTime="879.98" meanTravelTime="293.94" meanSpeed="20.29" meanSpeedRelative="0.63" duration="4"/>
    <step time="42900.00" loaded="41891" inserted="38063" running="513" waiting="3828" ended="37550" arrived="37550" collisions="61" teleports="61" halting="10" stopped="0" meanWaitingTime="891.98" meanTravelTime="294.60" meanSpeed="19.80" meanSpeedRelative="0.62" duration="4"/>
    <step time="43200.00" loaded="42420" inserted="38498" running="495" waiting="3922" ended="38003" arrived="38003" collisions="61" teleports="61" halting="3" stopped="0" meanWaitingTime="902.04" meanTravelTime="294.95" meanSpeed="19.92" meanSpeedRelative="0.62" duration="95"/>
    <step time="43500.00" loaded="42983" inserted="38964" running="532" waiting="4019" ended="38432" arrived="38432" collisions="61" teleports="61" halting="4" stopped="0" meanWaitingTime="912.57" meanTravelTime="295.54" meanSpeed="19.60" meanSpeedRelative="0.61" duration="5"/>
    <step time="43800.00" loaded="43524" inserted="39421" running="546" waiting="4103" ended="38875" arrived="38875" collisions="63" teleports="63" halting="6" stopped="0" meanWaitingTime="923.24" meanTravelTime="295.98" meanSpeed="19.45" meanSpeedRelative="0.61" duration="5"/>
    <step time="44100.00" loaded="44035" inserted="39849" running="494" waiting="4186" ended="39355" arrived="39355" collisions="65" teleports="65" halting="6" stopped="0" meanWaitingTime="934.61" meanTravelTime="296.97" meanSpeed="19.63" meanSpeedRelative="0.61" duration="4"/>
    <step time="44400.00" loaded="44551" inserted="40302" running="539" waiting="4249" ended="39763" arrived="39763" collisions="67" teleports="67" halting="6" stopped="0" meanWaitingTime="945.66" meanTravelTime="297.41" meanSpeed="19.34" meanSpeedRelative="0.60" duration="6"/>
    <step time="44700.00" loaded="45066" inserted="40766" running="555" waiting="4300" ended="40211" arrived="40211" collisions="69" teleports="69" halting="9" stopped="0" meanWaitingTime="957.17" meanTravelTime="297.93" meanSpeed="19.13" meanSpeedRelative="0.60" duration="4"/>
    <step time="45000.00" loaded="45618" inserted="41239" running="586" waiting="4379" ended="40653" arrived="40653" collisions="69" teleports="69" halting="5" stopped="0" meanWaitingTime="967.04" meanTravelTime="298.62" meanSpeed="18.95" meanSpeedRelative="0.59" duration="7"/>
    <step time="45300.00" loaded="46162" inserted="41678" running="569" waiting="4484" ended="41109" arrived="41109" collisions="70" teleports="70" halting="3" stopped="0" meanWaitingTime="977.83" meanTravelTime="299.46" meanSpeed="18.55" meanSpeedRelative="0.58" duration="4"/>
    <step time="45600.00" loaded="46698" inserted="42126" running="547" waiting="4572" ended="41579" arrived="41579" collisions="71" teleports="71" halting="5" stopped="0" meanWaitingTime="987.36" meanTravelTime="300.55" meanSpeed="19.55" meanSpeedRelative="0.61" duration="4"/>
    <step time="45900.00" loaded="47251" inserted="42598" running="553" waiting="4653" ended="42045" arrived="42045" collisions="72" teleports="72" halting="4" stopped="0" meanWaitingTime="998.37" meanTravelTime="301.10" meanSpeed="19.12" meanSpeedRelative="0.60" duration="6"/>
    <step time="46200.00" loaded="47784" inserted="43057" running="552" waiting="4727" ended="42505" arrived="42505" collisions="72" teleports="72" halting="2" stopped="0" meanWaitingTime="1011.45" meanTravelTime="301.80" meanSpeed="19.31" meanSpeedRelative="0.60" duration="5"/>
    <step time="46500.00" loaded="48311" inserted="43512" running="548" waiting="4799" ended="42964" arrived="42964" collisions="73" teleports="73" halting="8" stopped="0" meanWaitingTime="1021.66" meanTravelTime="302.45" meanSpeed="18.60" meanSpeedRelative="0.58" duration="5"/>
    <step time="46800.00" loaded="48840" inserted="43976" running="568" waiting="4864" ended="43408" arrived="43408" collisions="74" teleports="74" halting="4" stopped="0" meanWaitingTime="1033.85" meanTravelTime="303.00" meanSpeed="19.30" meanSpeedRelative="0.60" duration="95"/>
    <step time="47100.00" loaded="49370" inserted="44424" running="555" waiting="4946" ended="43869" arrived="43869" collisions="77" teleports="77" halting="2" stopped="0" meanWaitingTime="1044.71" meanTravelTime="303.74" meanSpeed="18.82" meanSpeedRelative="0.59" duration="4"/>
    <step time="47400.00" loaded="49891" inserted="44878" running="567" waiting="5013" ended="44311" arrived="44311" collisions="78" teleports="78" halting="7" stopped="0" meanWaitingTime="1055.87" meanTravelTime="304.46" meanSpeed="19.10" meanSpeedRelative="0.60" duration="7"/>
    <step time="47700.00" loaded="50429" inserted="45321" running="563" waiting="5108" ended="44758" arrived="44758" collisions="78" teleports="78" halting="4" stopped="0" meanWaitingTime="1067.82" meanTravelTime="305.09" meanSpeed="19.03" meanSpeedRelative="0.59" duration="8"/>
    <step time="48000.00" loaded="50934" inserted="45780" running="536" waiting="5154" ended="45244" arrived="45244" collisions="80" teleports="80" halting="5" stopped="0" meanWaitingTime="1081.57" meanTravelTime="306.04" meanSpeed="19.12" meanSpeedRelative="0.60" duration="6"/>
    <step time="48300.00" loaded="51469" inserted="46242" running="536" waiting="5227" ended="45706" arrived="45706" collisions="80" teleports="80" halting="5" stopped="0" meanWaitingTime="1094.61" meanTravelTime="306.49" meanSpeed="19.05" meanSpeedRelative="0.60" duration="4"/>
    <step time="48600.00" loaded="52025" inserted="46734" running="582" waiting="5291" ended="46152" arrived="46152" collisions="82" teleports="82" halting="5" stopped="0" meanWaitingTime="1107.82" meanTravelTime="306.91" meanSpeed="18.45" meanSpeedRelative="0.58" duration="7"/>
    <step time="48900.00" loaded="52563" inserted="47177" running="562" waiting="5386" ended="46615" arrived="46615" collisions="82" teleports="82" halting="4" stopped="0" meanWaitingTime="1120.04" meanTravelTime="307.55" meanSpeed="18.57" meanSpeedRelative="0.58" duration="7"/>
    <step time="49200.00" loaded="53100" inserted="47648" running="593" waiting="5452" ended="47055" arrived="47055" collisions="82" teleports="82" halting="6" stopped="0" meanWaitingTime="1133.39" meanTravelTime="307.94" meanSpeed="18.41" meanSpeedRelative="0.58" duration="6"/>
    <step time="49500.00" loaded="53609" inserted="48115" running="587" waiting="5494" ended="47528" arrived="47528" collisions="82" teleports="82" halting="3" stopped="0" meanWaitingTime="1146.30" meanTravelTime="308.50" meanSpeed="18.99" meanSpeedRelative="0.59" duration="7"/>
    <step time="49800.00" loaded="54148" inserted="48579" running="578" waiting="5569" ended="48001" arrived="48001" collisions="82" teleports="82" halting="8" stopped="0" meanWaitingTime="1159.96" meanTravelTime="309.30" meanSpeed="18.81" meanSpeedRelative="0.59" duration="6"/>
    <step time="50100.00" loaded="54668" inserted="49038" running="571" waiting="5630" ended="48467" arrived="48467" collisions="83" teleports="83" halting="4" stopped="0" meanWaitingTime="1174.40" meanTravelTime="309.98" meanSpeed="18.90" meanSpeedRelative="0.59" duration="8"/>
    <step time="50400.00" loaded="55165" inserted="49503" running="563" waiting="5662" ended="48940" arrived="48940" collisions="84" teleports="84" halting="9" stopped="0" meanWaitingTime="1187.91" meanTravelTime="310.64" meanSpeed="18.67" meanSpeedRelative="0.58" duration="94"/>
    <step time="50700.00" loaded="55865" inserted="50053" running="665" waiting="5812" ended="49388" arrived="49388" collisions="87" teleports="87" halting="4" stopped="0" meanWaitingTime="1200.41" meanTravelTime="311.08" meanSpeed="17.70" meanSpeedRelative="0.55" duration="7"/>
    <step time="51000.00" loaded="56620" inserted="50574" running="714" waiting="6046" ended="49860" arrived="49860" collisions="88" teleports="88" halting="4" stopped="0" meanWaitingTime="1211.54" meanTravelTime="311.65" meanSpeed="16.48" meanSpeedRelative="0.52" duration="7"/>
    <step time="51300.00" loaded="57350" inserted="51097" running="746" waiting="6253" ended="50351" arrived="50351" collisions="91" teleports="91" halting="4" stopped="0" meanWaitingTime="1224.79" meanTravelTime="312.62" meanSpeed="16.17" meanSpeedRelative="0.51" duration="9"/>
    <step time="51600.00" loaded="58094" inserted="51629" running="793" waiting="6465" ended="50836" arrived="50836" collisions="94" teleports="94" halting="10" stopped="0" meanWaitingTime="1237.00" meanTravelTime="313.67" meanSpeed="15.53" meanSpeedRelative="0.49" duration="8"/>
    <step time="51900.00" loaded="58819" inserted="52179" running="842" waiting="6640" ended="51337" arrived="51337" collisions="96" teleports="96" halting="12" stopped="0" meanWaitingTime="1249.62" meanTravelTime="314.87" meanSpeed="15.17" meanSpeedRelative="0.47" duration="11"/>
    <step time="52200.00" loaded="59515" inserted="52711" running="823" waiting="6804" ended="51888" arrived="51888" collisions="98" teleports="98" halting="10" stopped="0" meanWaitingTime="1262.13" meanTravelTime="316.36" meanSpeed="15.28" meanSpeedRelative="0.48" duration="10"/>
    <step time="52500.00" loaded="60204" inserted="53223" running="817" waiting="6981" ended="52406" arrived="52406" collisions="98" teleports="98" halting="10" stopped="0" meanWaitingTime="1273.51" meanTravelTime="318.02" meanSpeed="14.80" meanSpeedRelative="0.46" duration="9"/>
    <step time="52800.00" loaded="60944" inserted="53777" running="858" waiting="7167" ended="52919" arrived="52919" collisions="100" teleports="100" halting="4" stopped="0" meanWaitingTime="1286.96" meanTravelTime="319.40" meanSpeed="14.03" meanSpeedRelative="0.44" duration="8"/>
    <step time="53100.00" loaded="61699" inserted="54312" running="896" waiting="7387" ended="53416" arrived="53416" collisions="101" teleports="101" halting="9" stopped="0" meanWaitingTime="1299.61" meanTravelTime="320.81" meanSpeed="13.51" meanSpeedRelative="0.42" duration="10"/>
    <step time="53400.00" loaded="62434" inserted="54830" running="891" waiting="7604" ended="53939" arrived="53939" collisions="105" teleports="105" halting="7" stopped="0" meanWaitingTime="1312.54" meanTravelTime="322.49" meanSpeed="13.47" meanSpeedRelative="0.42" duration="11"/>
    <step time="53700.00" loaded="63135" inserted="55326" running="871" waiting="7809" ended="54455" arrived="54455" collisions="107" teleports="107" halting="8" stopped="0" meanWaitingTime="1326.05" meanTravelTime="324.36" meanSpeed="13.77" meanSpeedRelative="0.43" duration="10"/>
    <step time="54000.00" loaded="63857" inserted="55856" running="897" waiting="8001" ended="54959" arrived="54959" collisions="108" teleports="108" halting="8" stopped="0" meanWaitingTime="1342.93" meanTravelTime="325.69" meanSpeed="13.47" meanSpeedRelative="0.42" duration="94"/>
    <step time="54300.00" loaded="64303" inserted="56281" running="813" waiting="8022" ended="55468" arrived="55468" collisions="110" teleports="110" halting="9" stopped="0" meanWaitingTime="1357.83" meanTravelTime="327.77" meanSpeed="13.73" meanSpeedRelative="0.43" duration="10"/>
    <step time="54600.00" loaded="64801" inserted="56744" running="789" waiting="8057" ended="55955" arrived="55955" collisions="112" teleports="112" halting="6" stopped="0" meanWaitingTime="1373.09" meanTravelTime="329.68" meanSpeed="13.97" meanSpeedRelative="0.44" duration="10"/>
    <step time="54900.00" loaded="65268" inserted="57190" running="756" waiting="8078" ended="56434" arrived="56434" collisions="112" teleports="112" halting="7" stopped="0" meanWaitingTime="1388.45" meanTravelTime="331.31" meanSpeed="14.72" meanSpeedRelative="0.46" duration="10"/>
    <step time="55200.00" loaded="65736" inserted="57626" running="679" waiting="8110" ended="56947" arrived="56947" collisions="114" teleports="114" halting="2" stopped="0" meanWaitingTime="1404.27" meanTravelTime="332.72" meanSpeed="16.11" meanSpeedRelative="0.50" duration="10"/>
    <step time="55500.00" loaded="66184" inserted="58072" running="639" waiting="8112" ended="57433" arrived="57433" collisions="116" teleports="116" halting="4" stopped="0" meanWaitingTime="1422.62" meanTravelTime="333.77" meanSpeed="17.49" meanSpeedRelative="0.55" duration="10"/>
    <step time="55800.00" loaded="66672" inserted="58542" running="615" waiting="8130" ended="57927" arrived="57927" collisions="119" teleports="119" halting="8" stopped="0" meanWaitingTime="1440.15" meanTravelTime="334.44" meanSpeed="17.52" meanSpeedRelative="0.55" duration="10"/>
    <step time="56100.00" loaded="67102" inserted="58984" running="591" waiting="8118" ended="58393" arrived="58393" collisions="120" teleports="120" halting="8" stopped="0" meanWaitingTime="1458.25" meanTravelTime="334.88" meanSpeed="19.03" meanSpeedRelative="0.59" duration="12"/>
    <step time="56400.00" loaded="67548" inserted="59439" running="589" waiting="8109" ended="58850" arrived="58850" collisions="120" teleports="120" halting="8" stopped="0" meanWaitingTime="1475.48" meanTravelTime="335.38" meanSpeed="19.08" meanSpeedRelative="0.60" duration="8"/>
    <step time="56700.00" loaded="67999" inserted="59876" running="572" waiting="8123" ended="59304" arrived="59304" collisions="120" teleports="120" halting="7" stopped="0" meanWaitingTime="1493.17" meanTravelTime="335.81" meanSpeed="18.75" meanSpeedRelative="0.59" duration="9"/>
    <step time="57000.00" loaded="68441" inserted="60316" running="563" waiting="8125" ended="59753" arrived="59753" collisions="123" teleports="123" halting="7" stopped="0" meanWaitingTime="1512.13" meanTravelTime="336.13" meanSpeed="18.48" meanSpeedRelative="0.58" duration="9"/>
    <step time="57300.00" loaded="68887" inserted="60742" running="553" waiting="8145" ended="60189" arrived="60189" collisions="123" teleports="123" halting="4" stopped="0" meanWaitingTime="1527.83" meanTravelTime="336.60" meanSpeed="18.39" meanSpeedRelative="0.57" duration="6"/>
    <step time="57600.00" loaded="69318" inserted="61165" running="565" waiting="8153" ended="60600" arrived="60600" collisions="123" teleports="123" halting="5" stopped="0" meanWaitingTime="1545.85" meanTravelTime="336.94" meanSpeed="18.15" meanSpeedRelative="0.57" duration="88"/>
    <step time="57900.00" loaded="69840" inserted="61652" running="618" waiting="8188" ended="61034" arrived="61034" collisions="123" teleports="123" halting="6" stopped="0" meanWaitingTime="1562.82" meanTravelTime="337.32" meanSpeed="17.73" meanSpeedRelative="0.55" duration="8"/>
    <step time="58200.00" loaded="70444" inserted="62142" running="660" waiting="8302" ended="61482" arrived="61482" collisions="124" teleports="124" halting="5" stopped="0" meanWaitingTime="1579.87" meanTravelTime="337.69" meanSpeed="17.75" meanSpeedRelative="0.55" duration="9"/>
    <step time="58500.00" loaded="70967" inserted="62618" running="666" waiting="8349" ended="61952" arrived="61952" collisions="126" teleports="126" halting="3" stopped="0" meanWaitingTime="1596.38" meanTravelTime="338.09" meanSpeed="17.54" meanSpeedRelative="0.55" duration="10"/>
    <step time="58800.00" loaded="71548" inserted="63121" running="688" waiting="8427" ended="62433" arrived="62433" collisions="127" teleports="127" halting="4" stopped="0" meanWaitingTime="1612.19" meanTravelTime="338.63" meanSpeed="16.81" meanSpeedRelative="0.53" duration="11"/>
    <step time="59100.00" loaded="72121" inserted="63611" running="702" waiting="8510" ended="62909" arrived="62909" collisions="127" teleports="127" halting="6" stopped="0" meanWaitingTime="1629.25" meanTravelTime="339.29" meanSpeed="17.12" meanSpeedRelative="0.53" duration="10"/>
    <step time="59400.00" loaded="72638" inserted="64067" running="689" waiting="8571" ended="63378" arrived="63378" collisions="128" teleports="128" halting="7" stopped="0" meanWaitingTime="1646.31" meanTravelTime="339.85" meanSpeed="16.61" meanSpeedRelative="0.52" duration="9"/>
    <step time="59700.00" loaded="73209" inserted="64564" running="701" waiting="8645" ended="63863" arrived="63863" collisions="131" teleports="131" halting="7" stopped="0" meanWaitingTime="1662.01" meanTravelTime="340.60" meanSpeed="16.48" meanSpeedRelative="0.51" duration="11"/>
    <step time="60000.00" loaded="73773" inserted="65052" running="709" waiting="8721" ended="64343" arrived="64343" collisions="132" teleports="132" halting="9" stopped="0" meanWaitingTime="1677.73" meanTravelTime="341.34" meanSpeed="16.73" meanSpeedRelative="0.52" duration="10"/>
    <step time="60300.00" loaded="74323" inserted="65541" running="723" waiting="8782" ended="64818" arrived="64818" collisions="134" teleports="134" halting="11" stopped="0" meanWaitingTime="1694.20" meanTravelTime="341.93" meanSpeed="16.38" meanSpeedRelative="0.51" duration="10"/>
    <step time="60600.00" loaded="74895" inserted="66031" running="731" waiting="8864" ended="65300" arrived="65300" collisions="137" teleports="137" halting="8" stopped="0" meanWaitingTime="1709.99" meanTravelTime="342.70" meanSpeed="16.18" meanSpeedRelative="0.51" duration="8"/>
    <step time="60900.00" loaded="75501" inserted="66520" running="707" waiting="8981" ended="65813" arrived="65813" collisions="138" teleports="138" halting="8" stopped="0" meanWaitingTime="1724.42" meanTravelTime="343.57" meanSpeed="16.18" meanSpeedRelative="0.51" duration="10"/>
    <step time="61200.00" loaded="76060" inserted="66985" running="687" waiting="9075" ended="66298" arrived="66298" collisions="139" teleports="139" halting="3" stopped="0" meanWaitingTime="1741.14" meanTravelTime="344.27" meanSpeed="16.45" meanSpeedRelative="0.51" duration="92"/>
    <step time="61500.00" loaded="76135" inserted="67296" running="577" waiting="8839" ended="66719" arrived="66719" collisions="142" teleports="142" halting="6" stopped="0" meanWaitingTime="1760.38" meanTravelTime="345.03" meanSpeed="16.46" meanSpeedRelative="0.51" duration="8"/>
    <step time="61800.00" loaded="76210" inserted="67646" running="531" waiting="8564" ended="67115" arrived="67115" collisions="143" teleports="143" halting="5" stopped="0" meanWaitingTime="1784.42" meanTravelTime="345.84" meanSpeed="17.53" meanSpeedRelative="0.55" duration="7"/>
    <step time="62100.00" loaded="76301" inserted="67965" running="455" waiting="8336" ended="67510" arrived="67510" collisions="145" teleports="145" halting="5" stopped="0" meanWaitingTime="1804.66" meanTravelTime="346.65" meanSpeed="19.24" meanSpeedRelative="0.60" duration="7"/>
    <step time="62400.00" loaded="76371" inserted="68294" running="444" waiting="8077" ended="67850" arrived="67850" collisions="146" teleports="146" halting="1" stopped="0" meanWaitingTime="1826.96" meanTravelTime="347.14" meanSpeed="19.89" meanSpeedRelative="0.62" duration="7"/>
    <step time="62700.00" loaded="76439" inserted="68639" running="414" waiting="7800" ended="68225" arrived="68225" collisions="148" teleports="148" halting="4" stopped="0" meanWaitingTime="1849.27" meanTravelTime="347.44" meanSpeed="19.60" meanSpeedRelative="0.61" duration="7"/>
    <step time="63000.00" loaded="76522" inserted="68925" running="365" waiting="7597" ended="68560" arrived="68560" collisions="148" teleports="148" halting="4" stopped="0" meanWaitingTime="1867.62" meanTravelTime="347.73" meanSpeed="21.19" meanSpeedRelative="0.66" duration="6"/>
    <step time="63300.00" loaded="76590" inserted="69200" running="350" waiting="7390" ended="68850" arrived="68850" collisions="151" teleports="151" halting="1" stopped="0" meanWaitingTime="1885.41" meanTravelTime="347.93" meanSpeed="21.29" meanSpeedRelative="0.67" duration="6"/>
    <step time="63600.00" loaded="76660" inserted="69438" running="293" waiting="7222" ended="69145" arrived="69145" collisions="151" teleports="151" halting="2" stopped="0" meanWaitingTime="1900.43" meanTravelTime="348.10" meanSpeed="22.27" meanSpeedRelative="0.70" duration="6"/>
    <step time="63900.00" loaded="76731" inserted="69658" running="244" waiting="7073" ended="69414" arrived="69414" collisions="151" teleports="151" halting="5" stopped="0" meanWaitingTime="1918.53" meanTravelTime="348.10" meanSpeed="21.58" meanSpeedRelative="0.67" duration="5"/>
    <step time="64200.00" loaded="76800" inserted="69905" running="234" waiting="6895" ended="69671" arrived="69671" collisions="152" teleports="152" halting="3" stopped="0" meanWaitingTime="1944.16" meanTravelTime="348.02" meanSpeed="22.72" meanSpeedRelative="0.71" duration="3"/>
    <step time="64500.00" loaded="76868" inserted="70125" running="213" waiting="6743" ended="69912" arrived="69912" collisions="152" teleports="152" halting="2" stopped="0" meanWaitingTime="1965.25" meanTravelTime="347.86" meanSpeed="21.94" meanSpeedRelative="0.69" duration="4"/>
    <step time="64800.00" loaded="76946" inserted="70358" running="218" waiting="6588" ended="70140" arrived="70140" collisions="152" teleports="152" halting="6" stopped="0" meanWaitingTime="1985.78" meanTravelTime="347.66" meanSpeed="21.78" meanSpeedRelative="0.68" duration="94"/>
    <step time="65100.00" loaded="76997" inserted="70573" running="226" waiting="6424" ended="70347" arrived="70347" collisions="152" teleports="152" halting="5" stopped="0" meanWaitingTime="2006.48" meanTravelTime="347.56" meanSpeed="20.81" meanSpeedRelative="0.65" duration="5"/>
    <step time="65400.00" loaded="77052" inserted="70761" running="204" waiting="6291" ended="70557" arrived="70557" collisions="152" teleports="152" halting="5" stopped="0" meanWaitingTime="2023.44" meanTravelTime="347.41" meanSpeed="21.74" meanSpeedRelative="0.68" duration="2"/>
    <step time="65700.00" loaded="77105" inserted="70956" running="202" waiting="6149" ended="70754" arrived="70754" collisions="152" teleports="152" halting="3" stopped="0" meanWaitingTime="2041.00" meanTravelTime="347.33" meanSpeed="20.98" meanSpeedRelative="0.66" duration="5"/>
    <step time="66000.00" loaded="77151" inserted="71171" running="209" waiting="5980" ended="70962" arrived="70962" collisions="152" teleports="152" halting="1" stopped="0" meanWaitingTime="2061.86" meanTravelTime="347.17" meanSpeed="21.34" meanSpeedRelative="0.67" duration="3"/>
    <step time="66300.00" loaded="77196" inserted="71372" running="209" waiting="5824" ended="71163" arrived="71163" collisions="152" teleports="152" halting="5" stopped="0" meanWaitingTime="2079.05" meanTravelTime="347.04" meanSpeed="22.02" meanSpeedRelative="0.69" duration="3"/>
    <step time="66600.00" loaded="77259" inserted="71531" running="164" waiting="5728" ended="71367" arrived="71367" collisions="152" teleports="152" halting="6" stopped="0" meanWaitingTime="2093.81" meanTravelTime="346.95" meanSpeed="21.26" meanSpeedRelative="0.66" duration="2"/>
    <step time="66900.00" loaded="77304" inserted="71685" running="135" waiting="5619" ended="71550" arrived="71550" collisions="153" teleports="153" halting="0" stopped="0" meanWaitingTime="2114.07" meanTravelTime="346.71" meanSpeed="22.07" meanSpeedRelative="0.69" duration="3"/>
    <step time="67200.00" loaded="77358" inserted="71836" running="120" waiting="5522" ended="71716" arrived="71716" collisions="153" teleports="153" halting="2" stopped="0" meanWaitingTime="2132.44" meanTravelTime="346.59" meanSpeed="20.95" meanSpeedRelative="0.65" duration="2"/>
    <step time="67500.00" loaded="77414" inserted="72002" running="132" waiting="5412" ended="71870" arrived="71870" collisions="153" teleports="153" halting="4" stopped="0" meanWaitingTime="2152.46" meanTravelTime="346.33" meanSpeed="20.76" meanSpeedRelative="0.65" duration="2"/>
    <step time="67800.00" loaded="77465" inserted="72186" running="147" waiting="5279" ended="72039" arrived="72039" collisions="153" teleports="153" halting="7" stopped="0" meanWaitingTime="2176.10" meanTravelTime="346.06" meanSpeed="20.95" meanSpeedRelative="0.65" duration="2"/>
    <step time="68100.00" loaded="77519" inserted="72327" running="129" waiting="5192" ended="72198" arrived="72198" collisions="153" teleports="153" halting="0" stopped="0" meanWaitingTime="2191.72" meanTravelTime="345.88" meanSpeed="21.16" meanSpeedRelative="0.66" duration="2"/>
    <step time="68400.00" loaded="77584" inserted="72503" running="155" waiting="5081" ended="72348" arrived="72348" collisions="153" teleports="153" halting="4" stopped="0" meanWaitingTime="2211.43" meanTravelTime="345.72" meanSpeed="20.84" meanSpeedRelative="0.65" duration="93"/>
    <step time="68700.00" loaded="77759" inserted="72724" running="178" waiting="5035" ended="72546" arrived="72546" collisions="153" teleports="153" halting="8" stopped="0" meanWaitingTime="2223.54" meanTravelTime="345.45" meanSpeed="21.33" meanSpeedRelative="0.67" duration="2"/>
    <step time="69000.00" loaded="77921" inserted="72931" running="200" waiting="4990" ended="72731" arrived="72731" collisions="154" teleports="154" halting="4" stopped="0" meanWaitingTime="2237.57" meanTravelTime="345.24" meanSpeed="21.84" meanSpeedRelative="0.68" duration="2"/>
    <step time="69300.00" loaded="78083" inserted="73126" running="192" waiting="4957" ended="72934" arrived="72934" collisions="154" teleports="154" halting="6" stopped="0" meanWaitingTime="2250.45" meanTravelTime="345.04" meanSpeed="21.90" meanSpeedRelative="0.68" duration="2"/>
    <step time="69600.00" loaded="78248" inserted="73333" running="186" waiting="4915" ended="73147" arrived="73147" collisions="154" teleports="154" halting="7" stopped="0" meanWaitingTime="2266.12" meanTravelTime="344.89" meanSpeed="20.57" meanSpeedRelative="0.64" duration="2"/>
    <step time="69900.00" loaded="78390" inserted="73531" running="192" waiting="4859" ended="73339" arrived="73339" collisions="154" teleports="154" halting="3" stopped="0" meanWaitingTime="2280.35" meanTravelTime="344.66" meanSpeed="21.29" meanSpeedRelative="0.67" duration="2"/>
    <step time="70200.00" loaded="78546" inserted="73737" running="196" waiting="4809" ended="73541" arrived="73541" collisions="154" teleports="154" halting="5" stopped="0" meanWaitingTime="2294.83" meanTravelTime="344.49" meanSpeed="22.45" meanSpeedRelative="0.70" duration="2"/>
    <step time="70500.00" loaded="78695" inserted="73924" running="178" waiting="4771" ended="73746" arrived="73746" collisions="154" teleports="154" halting="7" stopped="0" meanWaitingTime="2309.09" meanTravelTime="344.37" meanSpeed="20.91" meanSpeedRelative="0.65" duration="2"/>
    <step time="70800.00" loaded="78855" inserted="74137" running="203" waiting="4718" ended="73934" arrived="73934" collisions="154" teleports="154" halting="4" stopped="0" meanWaitingTime="2322.70" meanTravelTime="344.15" meanSpeed="22.11" meanSpeedRelative="0.69" duration="2"/>
    <step time="71100.00" loaded="79026" inserted="74346" running="196" waiting="4680" ended="74150" arrived="74150" collisions="154" teleports="154" halting="3" stopped="0" meanWaitingTime="2338.07" meanTravelTime="343.99" meanSpeed="22.15" meanSpeedRelative="0.69" duration="2"/>
    <step time="71400.00" loaded="79173" inserted="74550" running="189" waiting="4623" ended="74361" arrived="74361" collisions="154" teleports="154" halting="7" stopped="0" meanWaitingTime="2353.60" meanTravelTime="343.78" meanSpeed="22.16" meanSpeedRelative="0.69" duration="2"/>
    <step time="71700.00" loaded="79319" inserted="74747" running="188" waiting="4572" ended="74559" arrived="74559" collisions="155" teleports="155" halting="9" stopped="0" meanWaitingTime="2369.73" meanTravelTime="343.62" meanSpeed="21.82" meanSpeedRelative="0.68" duration="2"/>
    <step time="72000.00" loaded="79487" inserted="74951" running="189" waiting="4536" ended="74762" arrived="74762" collisions="155" teleports="155" halting="2" stopped="0" meanWaitingTime="2381.85" meanTravelTime="343.45" meanSpeed="21.53" meanSpeedRelative="0.67" duration="87"/>
    <step time="72300.00" loaded="79627" inserted="75126" running="162" waiting="4501" ended="74964" arrived="74964" collisions="155" teleports="155" halting="5" stopped="0" meanWaitingTime="2395.87" meanTravelTime="343.31" meanSpeed="22.36" meanSpeedRelative="0.70" duration="2"/>
    <step time="72600.00" loaded="79752" inserted="75310" running="157" waiting="4442" ended="75153" arrived="75153" collisions="155" teleports="155" halting="3" stopped="0" meanWaitingTime="2409.61" meanTravelTime="343.15" meanSpeed="21.61" meanSpeedRelative="0.68" duration="2"/>
    <step time="72900.00" loaded="79881" inserted="75505" running="169" waiting="4376" ended="75336" arrived="75336" collisions="155" teleports="155" halting="6" stopped="0" meanWaitingTime="2427.20" meanTravelTime="342.98" meanSpeed="21.20" meanSpeedRelative="0.66" duration="1"/>
    <step time="73200.00" loaded="80006" inserted="75690" running="162" waiting="4316" ended="75528" arrived="75528" collisions="155" teleports="155" halting="7" stopped="0" meanWaitingTime="2442.32" meanTravelTime="342.75" meanSpeed="21.57" meanSpeedRelative="0.67" duration="2"/>
    <step time="73500.00" loaded="80130" inserted="75880" running="185" waiting="4250" ended="75695" arrived="75695" collisions="155" teleports="155" halting="3" stopped="0" meanWaitingTime="2458.11" meanTravelTime="342.55" meanSpeed="21.81" meanSpeedRelative="0.68" duration="2"/>
    <step time="73800.00" loaded="80280" inserted="76090" running="188" waiting="4190" ended="75902" arrived="75902" collisions="155" teleports="155" halting="6" stopped="0" meanWaitingTime="2475.67" meanTravelTime="342.37" meanSpeed="21.80" meanSpeedRelative="0.68" duration="4"/>
    <step time="74100.00" loaded="80395" inserted="76283" running="167" waiting="4112" ended="76116" arrived="76116" collisions="155" teleports="155" halting="7" stopped="0" meanWaitingTime="2497.37" meanTravelTime="342.14" meanSpeed="21.08" meanSpeedRelative="0.66" duration="1"/>
    <step time="74400.00" loaded="80540" inserted="76465" running="169" waiting="4075" ended="76296" arrived="76296" collisions="156" teleports="156" halting="3" stopped="0" meanWaitingTime="2510.32" meanTravelTime="342.00" meanSpeed="22.11" meanSpeedRelative="0.69" duration="1"/>
    <step time="74700.00" loaded="80672" inserted="76647" running="166" waiting="4025" ended="76481" arrived="76481" collisions="156" teleports="156" halting="4" stopped="0" meanWaitingTime="2525.93" meanTravelTime="341.87" meanSpeed="22.33" meanSpeedRelative="0.70" duration="2"/>
    <step time="75000.00" loaded="80803" inserted="76825" running="164" waiting="3978" ended="76661" arrived="76661" collisions="156" teleports="156" halting="6" stopped="0" meanWaitingTime="2541.96" meanTravelTime="341.69" meanSpeed="21.71" meanSpeedRelative="0.68" duration="2"/>
    <step time="75300.00" loaded="80909" inserted="76998" running="166" waiting="3911" ended="76832" arrived="76832" collisions="156" teleports="156" halting="6" stopped="0" meanWaitingTime="2558.34" meanTravelTime="341.58" meanSpeed="21.07" meanSpeedRelative="0.66" duration="1"/>
    <step time="75600.00" loaded="81038" inserted="77193" running="165" waiting="3845" ended="77028" arrived="77028" collisions="157" teleports="157" halting="2" stopped="0" meanWaitingTime="2576.42" meanTravelTime="341.41" meanSpeed="20.88" meanSpeedRelative="0.65" duration="85"/>
    <step time="75900.00" loaded="81220" inserted="77418" running="201" waiting="3802" ended="77217" arrived="77217" collisions="157" teleports="157" halting="9" stopped="0" meanWaitingTime="2592.96" meanTravelTime="341.21" meanSpeed="22.53" meanSpeedRelative="0.70" duration="2"/>
    <step time="76200.00" loaded="81389" inserted="77627" running="190" waiting="3762" ended="77437" arrived="77437" collisions="158" teleports="158" halting="3" stopped="0" meanWaitingTime="2608.79" meanTravelTime="340.96" meanSpeed="22.54" meanSpeedRelative="0.70" duration="2"/>
    <step time="76500.00" loaded="81604" inserted="77882" running="229" waiting="3722" ended="77653" arrived="77653" collisions="158" teleports="158" halting="4" stopped="0" meanWaitingTime="2625.14" meanTravelTime="340.74" meanSpeed="22.32" meanSpeedRelative="0.70" duration="1"/>
    <step time="76800.00" loaded="81823" inserted="78140" running="255" waiting="3683" ended="77885" arrived="77885" collisions="159" teleports="159" halting="6" stopped="0" meanWaitingTime="2637.82" meanTravelTime="340.57" meanSpeed="21.86" meanSpeedRelative="0.68" duration="3"/>
    <step time="77100.00" loaded="82016" inserted="78376" running="239" waiting="3640" ended="78137" arrived="78137" collisions="159" teleports="159" halting="8" stopped="0" meanWaitingTime="2650.29" meanTravelTime="340.39" meanSpeed="21.56" meanSpeedRelative="0.67" duration="2"/>
    <step time="77400.00" loaded="82205" inserted="78600" running="214" waiting="3605" ended="78386" arrived="78386" collisions="161" teleports="161" halting="6" stopped="0" meanWaitingTime="2662.11" meanTravelTime="340.22" meanSpeed="22.01" meanSpeedRelative="0.69" duration="2"/>
    <step time="77700.00" loaded="82390" inserted="78837" running="206" waiting="3553" ended="78631" arrived="78631" collisions="161" teleports="161" halting="5" stopped="0" meanWaitingTime="2672.48" meanTravelTime="340.04" meanSpeed="22.24" meanSpeedRelative="0.69" duration="2"/>
    <step time="78000.00" loaded="82585" inserted="79079" running="229" waiting="3506" ended="78850" arrived="78850" collisions="161" teleports="161" halting="4" stopped="0" meanWaitingTime="2683.22" meanTravelTime="339.84" meanSpeed="21.27" meanSpeedRelative="0.66" duration="3"/>
    <step time="78300.00" loaded="82779" inserted="79301" running="198" waiting="3478" ended="79103" arrived="79103" collisions="161" teleports="161" halting="5" stopped="0" meanWaitingTime="2694.93" meanTravelTime="339.69" meanSpeed="21.71" meanSpeedRelative="0.68" duration="3"/>
    <step time="78600.00" loaded="82972" inserted="79538" running="216" waiting="3434" ended="79322" arrived="79322" collisions="162" teleports="162" halting="3" stopped="0" meanWaitingTime="2705.00" meanTravelTime="339.52" meanSpeed="21.79" meanSpeedRelative="0.68" duration="2"/>
    <step time="78900.00" loaded="83170" inserted="79754" running="209" waiting="3416" ended="79545" arrived="79545" collisions="162" teleports="162" halting="4" stopped="0" meanWaitingTime="2715.42" meanTravelTime="339.38" meanSpeed="22.08" meanSpeedRelative="0.69" duration="2"/>
    <step time="79200.00" loaded="83359" inserted="79995" running="234" waiting="3364" ended="79761" arrived="79761" collisions="162" teleports="162" halting="7" stopped="0" meanWaitingTime="2725.29" meanTravelTime="339.19" meanSpeed="21.65" meanSpeedRelative="0.68" duration="88"/>
    <step time="79500.00" loaded="83513" inserted="80207" running="196" waiting="3306" ended="80011" arrived="80011" collisions="162" teleports="162" halting="3" stopped="0" meanWaitingTime="2736.00" meanTravelTime="339.07" meanSpeed="22.06" meanSpeedRelative="0.69" duration="1"/>
    <step time="79800.00" loaded="83680" inserted="80420" running="191" waiting="3260" ended="80229" arrived="80229" collisions="162" teleports="162" halting="4" stopped="0" meanWaitingTime="2746.08" meanTravelTime="338.88" meanSpeed="22.23" meanSpeedRelative="0.69" duration="1"/>
    <step time="80100.00" loaded="83851" inserted="80652" running="212" waiting="3199" ended="80440" arrived="80440" collisions="162" teleports="162" halting="5" stopped="0" meanWaitingTime="2755.55" meanTravelTime="338.72" meanSpeed="22.24" meanSpeedRelative="0.69" duration="2"/>
    <step time="80400.00" loaded="84029" inserted="80863" running="206" waiting="3166" ended="80657" arrived="80657" collisions="162" teleports="162" halting="5" stopped="0" meanWaitingTime="2764.82" meanTravelTime="338.48" meanSpeed="21.91" meanSpeedRelative="0.68" duration="2"/>
    <step time="80700.00" loaded="84190" inserted="81088" running="200" waiting="3102" ended="80888" arrived="80888" collisions="163" teleports="163" halting="3" stopped="0" meanWaitingTime="2773.42" meanTravelTime="338.39" meanSpeed="22.12" meanSpeedRelative="0.69" duration="2"/>
    <step time="81000.00" loaded="84362" inserted="81311" running="196" waiting="3051" ended="81115" arrived="81115" collisions="163" teleports="163" halting="5" stopped="0" meanWaitingTime="2782.02" meanTravelTime="338.20" meanSpeed="20.91" meanSpeedRelative="0.65" duration="2"/>
    <step time="81300.00" loaded="84508" inserted="81516" running="187" waiting="2992" ended="81329" arrived="81329" collisions="163" teleports="163" halting="7" stopped="0" meanWaitingTime="2791.35" meanTravelTime="338.02" meanSpeed="22.15" meanSpeedRelative="0.69" duration="2"/>
    <step time="81600.00" loaded="84667" inserted="81737" running="196" waiting="2930" ended="81541" arrived="81541" collisions="163" teleports="163" halting="1" stopped="0" meanWaitingTime="2800.34" meanTravelTime="337.80" meanSpeed="21.96" meanSpeedRelative="0.69" duration="2"/>
    <step time="81900.00" loaded="84836" inserted="81942" running="182" waiting="2894" ended="81760" arrived="81760" collisions="165" teleports="165" halting="3" stopped="0" meanWaitingTime="2807.71" meanTravelTime="337.59" meanSpeed="22.42" meanSpeedRelative="0.70" duration="2"/>
    <step time="82200.00" loaded="85001" inserted="82152" running="187" waiting="2849" ended="81965" arrived="81965" collisions="165" teleports="165" halting="3" stopped="0" meanWaitingTime="2814.21" meanTravelTime="337.40" meanSpeed="22.11" meanSpeedRelative="0.69" duration="2"/>
    <step time="82500.00" loaded="85166" inserted="82349" running="172" waiting="2817" ended="82177" arrived="82177" collisions="165" teleports="165" halting="6" stopped="0" meanWaitingTime="2822.61" meanTravelTime="337.19" meanSpeed="21.07" meanSpeedRelative="0.66" duration="2"/>
</summary>
