<?xml version="1.0" encoding="UTF-8"?>

<!-- generated on 2025-08-08 11:29:58 by Eclipse SUMO sumo Version 1.23.1
<sumoConfiguration xmlns:xsi="http://www.w3.org/2001/XMLSchema-instance" xsi:noNamespaceSchemaLocation="http://sumo.dlr.de/xsd/sumoConfiguration.xsd">

    <input>
        <net-file value="Desktop\Master Thesis\Network_fin.net.xml"/>
        <route-files value="Desktop\Master Thesis\demand_model_amsterdam.rou.xml"/>
        <additional-files value="Desktop\Master Thesis\Additionnal.add.xml"/>
    </input>

    <output>
        <summary-output value="outputf/summary_coor_alinea_3neigh_method2_K80_target5_44835.xml"/>
        <summary-output.period value="300"/>
        <tripinfo-output value="outputf/tripinfo_coor_alinea_3neigh_method2_K80_target5_44835.xml"/>
    </output>

    <time>
        <begin value="0"/>
        <end value="82800"/>
        <step-length value="1"/>
    </time>

    <processing>
        <time-to-teleport value="-1"/>
    </processing>

    <report>
        <verbose value="true"/>
        <no-step-log value="true"/>
    </report>

    <emissions>
        <device.emissions.period value="10"/>
    </emissions>

    <traci_server>
        <remote-port value="51348"/>
    </traci_server>

    <random_number>
        <seed value="44835"/>
    </random_number>

</sumoConfiguration>
-->

<summary xmlns:xsi="http://www.w3.org/2001/XMLSchema-instance" xsi:noNamespaceSchemaLocation="http://sumo.dlr.de/xsd/summary_file.xsd">
    <step time="0.00" loaded="2" inserted="2" running="2" waiting="0" ended="0" arrived="0" collisions="0" teleports="0" halting="2" stopped="0" meanWaitingTime="0.00" meanTravelTime="-1.00" meanSpeed="0.00" meanSpeedRelative="0.00" duration="1"/>
    <step time="300.00" loaded="182" inserted="182" running="111" waiting="0" ended="71" arrived="71" collisions="0" teleports="0" halting="1" stopped="0" meanWaitingTime="0.24" meanTravelTime="106.62" meanSpeed="25.18" meanSpeedRelative="0.79" duration="1"/>
    <step time="600.00" loaded="397" inserted="397" running="164" waiting="0" ended="233" arrived="233" collisions="0" teleports="0" halting="0" stopped="0" meanWaitingTime="0.42" meanTravelTime="161.18" meanSpeed="25.70" meanSpeedRelative="0.80" duration="1"/>
    <step time="900.00" loaded="570" inserted="570" running="162" waiting="0" ended="408" arrived="408" collisions="2" teleports="2" halting="1" stopped="0" meanWaitingTime="0.39" meanTravelTime="187.78" meanSpeed="24.30" meanSpeedRelative="0.76" duration="2"/>
    <step time="1200.00" loaded="735" inserted="735" running="151" waiting="0" ended="584" arrived="584" collisions="2" teleports="2" halting="2" stopped="0" meanWaitingTime="0.38" meanTravelTime="213.22" meanSpeed="25.46" meanSpeedRelative="0.80" duration="1"/>
    <step time="1500.00" loaded="904" inserted="902" running="150" waiting="2" ended="752" arrived="752" collisions="2" teleports="2" halting="1" stopped="0" meanWaitingTime="0.39" meanTravelTime="228.34" meanSpeed="24.95" meanSpeedRelative="0.78" duration="0"/>
    <step time="1800.00" loaded="1087" inserted="1087" running="155" waiting="0" ended="932" arrived="932" collisions="2" teleports="2" halting="0" stopped="0" meanWaitingTime="0.39" meanTravelTime="228.31" meanSpeed="24.64" meanSpeedRelative="0.77" duration="1"/>
    <step time="2100.00" loaded="1266" inserted="1265" running="168" waiting="1" ended="1097" arrived="1097" collisions="2" teleports="2" halting="1" stopped="0" meanWaitingTime="0.39" meanTravelTime="234.39" meanSpeed="24.70" meanSpeedRelative="0.77" duration="1"/>
    <step time="2400.00" loaded="1450" inserted="1450" running="156" waiting="0" ended="1294" arrived="1294" collisions="2" teleports="2" halting="1" stopped="0" meanWaitingTime="0.40" meanTravelTime="240.79" meanSpeed="25.15" meanSpeedRelative="0.79" duration="1"/>
    <step time="2700.00" loaded="1625" inserted="1625" running="144" waiting="0" ended="1481" arrived="1481" collisions="2" teleports="2" halting="0" stopped="0" meanWaitingTime="0.39" meanTravelTime="240.90" meanSpeed="25.13" meanSpeedRelative="0.79" duration="0"/>
    <step time="3000.00" loaded="1807" inserted="1807" running="144" waiting="0" ended="1663" arrived="1663" collisions="3" teleports="3" halting="0" stopped="0" meanWaitingTime="0.37" meanTravelTime="243.10" meanSpeed="25.29" meanSpeedRelative="0.79" duration="0"/>
    <step time="3300.00" loaded="2006" inserted="1999" running="158" waiting="7" ended="1841" arrived="1841" collisions="3" teleports="3" halting="3" stopped="0" meanWaitingTime="0.73" meanTravelTime="244.72" meanSpeed="23.67" meanSpeedRelative="0.74" duration="1"/>
    <step time="3600.00" loaded="2159" inserted="2143" running="149" waiting="16" ended="1994" arrived="1994" collisions="3" teleports="3" halting="0" stopped="0" meanWaitingTime="1.96" meanTravelTime="248.54" meanSpeed="24.28" meanSpeedRelative="0.76" duration="88"/>
    <step time="3900.00" loaded="2260" inserted="2247" running="106" waiting="13" ended="2141" arrived="2141" collisions="3" teleports="3" halting="3" stopped="0" meanWaitingTime="3.72" meanTravelTime="251.79" meanSpeed="23.50" meanSpeedRelative="0.73" duration="1"/>
    <step time="4200.00" loaded="2365" inserted="2354" running="107" waiting="11" ended="2247" arrived="2247" collisions="3" teleports="3" halting="1" stopped="0" meanWaitingTime="5.05" meanTravelTime="255.16" meanSpeed="24.50" meanSpeedRelative="0.77" duration="1"/>
    <step time="4500.00" loaded="2493" inserted="2484" running="120" waiting="9" ended="2364" arrived="2364" collisions="3" teleports="3" halting="1" stopped="0" meanWaitingTime="6.61" meanTravelTime="254.77" meanSpeed="24.03" meanSpeedRelative="0.75" duration="1"/>
    <step time="4800.00" loaded="2619" inserted="2612" running="109" waiting="7" ended="2503" arrived="2503" collisions="3" teleports="3" halting="5" stopped="0" meanWaitingTime="7.39" meanTravelTime="256.56" meanSpeed="24.99" meanSpeedRelative="0.78" duration="1"/>
    <step time="5100.00" loaded="2714" inserted="2712" running="89" waiting="2" ended="2623" arrived="2623" collisions="4" teleports="4" halting="4" stopped="0" meanWaitingTime="7.92" meanTravelTime="257.52" meanSpeed="22.78" meanSpeedRelative="0.71" duration="1"/>
    <step time="5400.00" loaded="2828" inserted="2828" running="115" waiting="0" ended="2713" arrived="2713" collisions="4" teleports="4" halting="0" stopped="0" meanWaitingTime="7.70" meanTravelTime="258.39" meanSpeed="25.23" meanSpeedRelative="0.79" duration="0"/>
    <step time="5700.00" loaded="2933" inserted="2933" running="91" waiting="0" ended="2842" arrived="2842" collisions="4" teleports="4" halting="5" stopped="0" meanWaitingTime="7.48" meanTravelTime="259.05" meanSpeed="24.79" meanSpeedRelative="0.77" duration="1"/>
    <step time="6000.00" loaded="3046" inserted="3043" running="93" waiting="3" ended="2950" arrived="2950" collisions="5" teleports="5" halting="0" stopped="0" meanWaitingTime="7.28" meanTravelTime="258.75" meanSpeed="25.39" meanSpeedRelative="0.79" duration="1"/>
    <step time="6300.00" loaded="3143" inserted="3142" running="92" waiting="1" ended="3050" arrived="3050" collisions="5" teleports="5" halting="2" stopped="0" meanWaitingTime="7.08" meanTravelTime="259.47" meanSpeed="24.74" meanSpeedRelative="0.77" duration="1"/>
    <step time="6600.00" loaded="3259" inserted="3259" running="96" waiting="0" ended="3163" arrived="3163" collisions="5" teleports="5" halting="1" stopped="0" meanWaitingTime="6.86" meanTravelTime="259.74" meanSpeed="24.77" meanSpeedRelative="0.77" duration="0"/>
    <step time="6900.00" loaded="3386" inserted="3386" running="100" waiting="0" ended="3286" arrived="3286" collisions="5" teleports="5" halting="0" stopped="0" meanWaitingTime="6.62" meanTravelTime="258.99" meanSpeed="25.29" meanSpeedRelative="0.79" duration="0"/>
    <step time="7200.00" loaded="3496" inserted="3496" running="101" waiting="0" ended="3395" arrived="3395" collisions="5" teleports="5" halting="2" stopped="0" meanWaitingTime="6.42" meanTravelTime="259.27" meanSpeed="24.63" meanSpeedRelative="0.77" duration="90"/>
    <step time="7500.00" loaded="3628" inserted="3623" running="119" waiting="5" ended="3504" arrived="3504" collisions="5" teleports="5" halting="0" stopped="0" meanWaitingTime="6.29" meanTravelTime="259.01" meanSpeed="23.89" meanSpeedRelative="0.75" duration="1"/>
    <step time="7800.00" loaded="3785" inserted="3767" running="133" waiting="18" ended="3634" arrived="3634" collisions="5" teleports="5" halting="5" stopped="0" meanWaitingTime="6.63" meanTravelTime="258.99" meanSpeed="24.23" meanSpeedRelative="0.76" duration="1"/>
    <step time="8100.00" loaded="3953" inserted="3937" running="150" waiting="16" ended="3787" arrived="3787" collisions="5" teleports="5" halting="2" stopped="0" meanWaitingTime="7.68" meanTravelTime="259.54" meanSpeed="23.62" meanSpeedRelative="0.74" duration="1"/>
    <step time="8400.00" loaded="4103" inserted="4093" running="143" waiting="10" ended="3950" arrived="3950" collisions="5" teleports="5" halting="1" stopped="0" meanWaitingTime="8.28" meanTravelTime="259.85" meanSpeed="24.36" meanSpeedRelative="0.76" duration="2"/>
    <step time="8700.00" loaded="4244" inserted="4237" running="138" waiting="7" ended="4099" arrived="4099" collisions="5" teleports="5" halting="4" stopped="0" meanWaitingTime="8.56" meanTravelTime="260.64" meanSpeed="24.31" meanSpeedRelative="0.76" duration="1"/>
    <step time="9000.00" loaded="4409" inserted="4393" running="135" waiting="16" ended="4258" arrived="4258" collisions="5" teleports="5" halting="6" stopped="0" meanWaitingTime="8.96" meanTravelTime="261.13" meanSpeed="24.85" meanSpeedRelative="0.78" duration="1"/>
    <step time="9300.00" loaded="4558" inserted="4546" running="149" waiting="12" ended="4397" arrived="4397" collisions="5" teleports="5" halting="1" stopped="0" meanWaitingTime="9.50" meanTravelTime="261.10" meanSpeed="25.08" meanSpeedRelative="0.78" duration="1"/>
    <step time="9600.00" loaded="4714" inserted="4704" running="126" waiting="10" ended="4578" arrived="4578" collisions="5" teleports="5" halting="1" stopped="0" meanWaitingTime="9.92" meanTravelTime="261.79" meanSpeed="24.84" meanSpeedRelative="0.78" duration="1"/>
    <step time="9900.00" loaded="4872" inserted="4858" running="124" waiting="14" ended="4734" arrived="4734" collisions="5" teleports="5" halting="5" stopped="0" meanWaitingTime="10.25" meanTravelTime="261.24" meanSpeed="23.86" meanSpeedRelative="0.75" duration="0"/>
    <step time="10200.00" loaded="5049" inserted="5027" running="147" waiting="22" ended="4880" arrived="4880" collisions="5" teleports="5" halting="1" stopped="0" meanWaitingTime="10.87" meanTravelTime="261.05" meanSpeed="23.69" meanSpeedRelative="0.74" duration="1"/>
    <step time="10500.00" loaded="5211" inserted="5188" running="133" waiting="23" ended="5055" arrived="5055" collisions="5" teleports="5" halting="3" stopped="0" meanWaitingTime="11.80" meanTravelTime="260.48" meanSpeed="24.11" meanSpeedRelative="0.75" duration="0"/>
    <step time="10800.00" loaded="5379" inserted="5342" running="134" waiting="37" ended="5208" arrived="5208" collisions="6" teleports="6" halting="1" stopped="0" meanWaitingTime="12.58" meanTravelTime="259.93" meanSpeed="24.15" meanSpeedRelative="0.75" duration="90"/>
    <step time="11100.00" loaded="5535" inserted="5492" running="119" waiting="43" ended="5373" arrived="5373" collisions="6" teleports="6" halting="2" stopped="0" meanWaitingTime="14.08" meanTravelTime="260.44" meanSpeed="24.53" meanSpeedRelative="0.77" duration="1"/>
    <step time="11400.00" loaded="5682" inserted="5641" running="120" waiting="41" ended="5521" arrived="5521" collisions="6" teleports="6" halting="5" stopped="0" meanWaitingTime="15.88" meanTravelTime="260.80" meanSpeed="23.89" meanSpeedRelative="0.75" duration="0"/>
    <step time="11700.00" loaded="5829" inserted="5780" running="111" waiting="49" ended="5669" arrived="5669" collisions="6" teleports="6" halting="1" stopped="0" meanWaitingTime="17.52" meanTravelTime="259.18" meanSpeed="24.50" meanSpeedRelative="0.77" duration="1"/>
    <step time="12000.00" loaded="5964" inserted="5912" running="114" waiting="52" ended="5798" arrived="5798" collisions="6" teleports="6" halting="0" stopped="0" meanWaitingTime="19.22" meanTravelTime="259.29" meanSpeed="23.99" meanSpeedRelative="0.75" duration="1"/>
    <step time="12300.00" loaded="6112" inserted="6053" running="107" waiting="59" ended="5946" arrived="5946" collisions="6" teleports="6" halting="2" stopped="0" meanWaitingTime="21.20" meanTravelTime="259.32" meanSpeed="24.16" meanSpeedRelative="0.75" duration="1"/>
    <step time="12600.00" loaded="6250" inserted="6193" running="110" waiting="57" ended="6083" arrived="6083" collisions="6" teleports="6" halting="4" stopped="0" meanWaitingTime="23.27" meanTravelTime="258.56" meanSpeed="23.54" meanSpeedRelative="0.74" duration="1"/>
    <step time="12900.00" loaded="6380" inserted="6328" running="99" waiting="52" ended="6229" arrived="6229" collisions="6" teleports="6" halting="0" stopped="0" meanWaitingTime="25.37" meanTravelTime="257.29" meanSpeed="24.37" meanSpeedRelative="0.76" duration="1"/>
    <step time="13200.00" loaded="6525" inserted="6469" running="115" waiting="56" ended="6354" arrived="6354" collisions="6" teleports="6" halting="4" stopped="0" meanWaitingTime="27.63" meanTravelTime="256.53" meanSpeed="24.22" meanSpeedRelative="0.76" duration="1"/>
    <step time="13500.00" loaded="6662" inserted="6593" running="118" waiting="69" ended="6475" arrived="6475" collisions="6" teleports="6" halting="3" stopped="0" meanWaitingTime="29.28" meanTravelTime="256.47" meanSpeed="24.22" meanSpeedRelative="0.76" duration="1"/>
    <step time="13800.00" loaded="6824" inserted="6755" running="131" waiting="69" ended="6624" arrived="6624" collisions="6" teleports="6" halting="2" stopped="0" meanWaitingTime="31.28" meanTravelTime="256.34" meanSpeed="24.13" meanSpeedRelative="0.75" duration="1"/>
    <step time="14100.00" loaded="6976" inserted="6893" running="123" waiting="83" ended="6770" arrived="6770" collisions="6" teleports="6" halting="1" stopped="0" meanWaitingTime="33.25" meanTravelTime="256.29" meanSpeed="24.53" meanSpeedRelative="0.77" duration="1"/>
    <step time="14400.00" loaded="7121" inserted="7035" running="120" waiting="86" ended="6915" arrived="6915" collisions="6" teleports="6" halting="1" stopped="0" meanWaitingTime="35.51" meanTravelTime="256.06" meanSpeed="25.27" meanSpeedRelative="0.79" duration="90"/>
    <step time="14700.00" loaded="7213" inserted="7134" running="74" waiting="79" ended="7060" arrived="7060" collisions="6" teleports="6" halting="4" stopped="0" meanWaitingTime="37.74" meanTravelTime="256.08" meanSpeed="24.37" meanSpeedRelative="0.76" duration="0"/>
    <step time="15000.00" loaded="7316" inserted="7241" running="86" waiting="75" ended="7155" arrived="7155" collisions="6" teleports="6" halting="6" stopped="0" meanWaitingTime="40.62" meanTravelTime="256.03" meanSpeed="23.64" meanSpeedRelative="0.74" duration="1"/>
    <step time="15300.00" loaded="7425" inserted="7353" running="81" waiting="72" ended="7272" arrived="7272" collisions="6" teleports="6" halting="0" stopped="0" meanWaitingTime="43.12" meanTravelTime="255.54" meanSpeed="24.71" meanSpeedRelative="0.77" duration="0"/>
    <step time="15600.00" loaded="7518" inserted="7451" running="74" waiting="67" ended="7377" arrived="7377" collisions="6" teleports="6" halting="1" stopped="0" meanWaitingTime="45.92" meanTravelTime="255.37" meanSpeed="24.66" meanSpeedRelative="0.77" duration="1"/>
    <step time="15900.00" loaded="7607" inserted="7542" running="69" waiting="65" ended="7473" arrived="7473" collisions="6" teleports="6" halting="2" stopped="0" meanWaitingTime="48.15" meanTravelTime="254.96" meanSpeed="23.83" meanSpeedRelative="0.74" duration="1"/>
    <step time="16200.00" loaded="7710" inserted="7646" running="88" waiting="64" ended="7558" arrived="7558" collisions="6" teleports="6" halting="0" stopped="0" meanWaitingTime="50.11" meanTravelTime="254.44" meanSpeed="24.93" meanSpeedRelative="0.78" duration="1"/>
    <step time="16500.00" loaded="7817" inserted="7756" running="76" waiting="61" ended="7680" arrived="7680" collisions="6" teleports="6" halting="1" stopped="0" meanWaitingTime="52.40" meanTravelTime="254.37" meanSpeed="24.24" meanSpeedRelative="0.76" duration="0"/>
    <step time="16800.00" loaded="7916" inserted="7861" running="83" waiting="55" ended="7778" arrived="7778" collisions="6" teleports="6" halting="6" stopped="0" meanWaitingTime="54.09" meanTravelTime="254.21" meanSpeed="22.89" meanSpeedRelative="0.72" duration="0"/>
    <step time="17100.00" loaded="8009" inserted="7955" running="73" waiting="54" ended="7882" arrived="7882" collisions="6" teleports="6" halting="2" stopped="0" meanWaitingTime="55.93" meanTravelTime="253.74" meanSpeed="24.74" meanSpeedRelative="0.77" duration="0"/>
    <step time="17400.00" loaded="8100" inserted="8045" running="62" waiting="55" ended="7983" arrived="7983" collisions="6" teleports="6" halting="1" stopped="0" meanWaitingTime="57.47" meanTravelTime="253.31" meanSpeed="24.63" meanSpeedRelative="0.77" duration="1"/>
    <step time="17700.00" loaded="8197" inserted="8141" running="67" waiting="56" ended="8074" arrived="8074" collisions="6" teleports="6" halting="3" stopped="0" meanWaitingTime="58.74" meanTravelTime="253.13" meanSpeed="24.57" meanSpeedRelative="0.77" duration="1"/>
    <step time="18000.00" loaded="8293" inserted="8242" running="74" waiting="51" ended="8168" arrived="8168" collisions="6" teleports="6" halting="4" stopped="0" meanWaitingTime="60.34" meanTravelTime="252.68" meanSpeed="23.58" meanSpeedRelative="0.74" duration="88"/>
    <step time="18300.00" loaded="8491" inserted="8427" running="112" waiting="64" ended="8315" arrived="8315" collisions="6" teleports="6" halting="2" stopped="0" meanWaitingTime="60.96" meanTravelTime="251.46" meanSpeed="23.70" meanSpeedRelative="0.74" duration="1"/>
    <step time="18600.00" loaded="8684" inserted="8616" running="139" waiting="68" ended="8477" arrived="8477" collisions="6" teleports="6" halting="3" stopped="0" meanWaitingTime="61.66" meanTravelTime="250.45" meanSpeed="25.00" meanSpeedRelative="0.78" duration="1"/>
    <step time="18900.00" loaded="8902" inserted="8812" running="158" waiting="90" ended="8654" arrived="8654" collisions="6" teleports="6" halting="3" stopped="0" meanWaitingTime="62.02" meanTravelTime="250.35" meanSpeed="24.34" meanSpeedRelative="0.76" duration="1"/>
    <step time="19200.00" loaded="9093" inserted="8986" running="142" waiting="107" ended="8844" arrived="8844" collisions="7" teleports="7" halting="0" stopped="0" meanWaitingTime="62.91" meanTravelTime="249.68" meanSpeed="23.67" meanSpeedRelative="0.74" duration="1"/>
    <step time="19500.00" loaded="9276" inserted="9158" running="130" waiting="118" ended="9028" arrived="9028" collisions="7" teleports="7" halting="3" stopped="0" meanWaitingTime="63.91" meanTravelTime="249.76" meanSpeed="25.44" meanSpeedRelative="0.80" duration="1"/>
    <step time="19800.00" loaded="9476" inserted="9337" running="140" waiting="139" ended="9197" arrived="9197" collisions="7" teleports="7" halting="4" stopped="0" meanWaitingTime="65.38" meanTravelTime="249.84" meanSpeed="23.77" meanSpeedRelative="0.74" duration="1"/>
    <step time="20100.00" loaded="9692" inserted="9530" running="157" waiting="162" ended="9373" arrived="9373" collisions="7" teleports="7" halting="1" stopped="0" meanWaitingTime="66.80" meanTravelTime="249.61" meanSpeed="24.91" meanSpeedRelative="0.78" duration="1"/>
    <step time="20400.00" loaded="9861" inserted="9687" running="129" waiting="174" ended="9558" arrived="9558" collisions="7" teleports="7" halting="2" stopped="0" meanWaitingTime="68.63" meanTravelTime="249.31" meanSpeed="24.64" meanSpeedRelative="0.77" duration="1"/>
    <step time="20700.00" loaded="10069" inserted="9876" running="155" waiting="193" ended="9721" arrived="9721" collisions="7" teleports="7" halting="3" stopped="0" meanWaitingTime="70.91" meanTravelTime="249.33" meanSpeed="23.76" meanSpeedRelative="0.74" duration="1"/>
    <step time="21000.00" loaded="10259" inserted="10048" running="148" waiting="211" ended="9900" arrived="9900" collisions="8" teleports="8" halting="7" stopped="0" meanWaitingTime="73.04" meanTravelTime="249.25" meanSpeed="23.85" meanSpeedRelative="0.75" duration="1"/>
    <step time="21300.00" loaded="10450" inserted="10235" running="137" waiting="215" ended="10098" arrived="10098" collisions="8" teleports="8" halting="3" stopped="0" meanWaitingTime="76.19" meanTravelTime="249.65" meanSpeed="24.15" meanSpeedRelative="0.75" duration="1"/>
    <step time="21600.00" loaded="10630" inserted="10400" running="142" waiting="230" ended="10258" arrived="10258" collisions="8" teleports="8" halting="6" stopped="0" meanWaitingTime="78.78" meanTravelTime="249.42" meanSpeed="23.23" meanSpeedRelative="0.73" duration="82"/>
    <step time="21900.00" loaded="11091" inserted="10781" running="316" waiting="310" ended="10465" arrived="10465" collisions="8" teleports="8" halting="4" stopped="0" meanWaitingTime="82.31" meanTravelTime="248.71" meanSpeed="22.58" meanSpeedRelative="0.71" duration="2"/>
    <step time="22200.00" loaded="11574" inserted="11174" running="379" waiting="400" ended="10795" arrived="10795" collisions="8" teleports="8" halting="3" stopped="0" meanWaitingTime="86.99" meanTravelTime="248.53" meanSpeed="21.91" meanSpeedRelative="0.68" duration="2"/>
    <step time="22500.00" loaded="12050" inserted="11562" running="400" waiting="488" ended="11162" arrived="11162" collisions="8" teleports="8" halting="8" stopped="0" meanWaitingTime="92.34" meanTravelTime="249.89" meanSpeed="21.06" meanSpeedRelative="0.66" duration="2"/>
    <step time="22800.00" loaded="12503" inserted="11940" running="392" waiting="563" ended="11548" arrived="11548" collisions="8" teleports="8" halting="2" stopped="0" meanWaitingTime="98.51" meanTravelTime="251.68" meanSpeed="20.65" meanSpeedRelative="0.65" duration="2"/>
    <step time="23100.00" loaded="12959" inserted="12334" running="418" waiting="625" ended="11916" arrived="11916" collisions="8" teleports="8" halting="3" stopped="0" meanWaitingTime="104.89" meanTravelTime="253.61" meanSpeed="21.03" meanSpeedRelative="0.66" duration="2"/>
    <step time="23400.00" loaded="13407" inserted="12712" running="428" waiting="695" ended="12284" arrived="12284" collisions="8" teleports="8" halting="3" stopped="0" meanWaitingTime="110.31" meanTravelTime="255.15" meanSpeed="20.37" meanSpeedRelative="0.64" duration="3"/>
    <step time="23700.00" loaded="13903" inserted="13125" running="472" waiting="778" ended="12653" arrived="12653" collisions="9" teleports="9" halting="6" stopped="0" meanWaitingTime="117.05" meanTravelTime="257.75" meanSpeed="19.63" meanSpeedRelative="0.61" duration="3"/>
    <step time="24000.00" loaded="14382" inserted="13519" running="464" waiting="863" ended="13055" arrived="13055" collisions="10" teleports="10" halting="4" stopped="0" meanWaitingTime="124.41" meanTravelTime="260.10" meanSpeed="19.61" meanSpeedRelative="0.61" duration="2"/>
    <step time="24300.00" loaded="14810" inserted="13888" running="442" waiting="922" ended="13446" arrived="13446" collisions="10" teleports="10" halting="5" stopped="0" meanWaitingTime="132.36" meanTravelTime="263.03" meanSpeed="19.74" meanSpeedRelative="0.62" duration="3"/>
    <step time="24600.00" loaded="15270" inserted="14292" running="486" waiting="978" ended="13806" arrived="13806" collisions="10" teleports="10" halting="8" stopped="0" meanWaitingTime="140.78" meanTravelTime="265.14" meanSpeed="19.13" meanSpeedRelative="0.60" duration="3"/>
    <step time="24900.00" loaded="15708" inserted="14681" running="490" waiting="1027" ended="14191" arrived="14191" collisions="11" teleports="11" halting="3" stopped="0" meanWaitingTime="148.91" meanTravelTime="267.76" meanSpeed="18.91" meanSpeedRelative="0.59" duration="2"/>
    <step time="25200.00" loaded="16163" inserted="15064" running="452" waiting="1099" ended="14612" arrived="14612" collisions="12" teleports="12" halting="4" stopped="0" meanWaitingTime="157.84" meanTravelTime="270.43" meanSpeed="19.47" meanSpeedRelative="0.61" duration="87"/>
    <step time="25500.00" loaded="16673" inserted="15475" running="437" waiting="1198" ended="15038" arrived="15038" collisions="12" teleports="12" halting="5" stopped="0" meanWaitingTime="167.57" meanTravelTime="272.30" meanSpeed="20.32" meanSpeedRelative="0.64" duration="2"/>
    <step time="25800.00" loaded="17217" inserted="15898" running="464" waiting="1319" ended="15434" arrived="15434" collisions="12" teleports="12" halting="7" stopped="0" meanWaitingTime="177.36" meanTravelTime="273.78" meanSpeed="20.46" meanSpeedRelative="0.64" duration="2"/>
    <step time="26100.00" loaded="17785" inserted="16347" running="481" waiting="1438" ended="15866" arrived="15866" collisions="14" teleports="14" halting="1" stopped="0" meanWaitingTime="187.58" meanTravelTime="275.14" meanSpeed="19.77" meanSpeedRelative="0.62" duration="4"/>
    <step time="26400.00" loaded="18350" inserted="16801" running="510" waiting="1549" ended="16291" arrived="16291" collisions="14" teleports="14" halting="4" stopped="0" meanWaitingTime="198.35" meanTravelTime="276.35" meanSpeed="19.68" meanSpeedRelative="0.62" duration="3"/>
    <step time="26700.00" loaded="18878" inserted="17243" running="522" waiting="1635" ended="16721" arrived="16721" collisions="15" teleports="15" halting="6" stopped="0" meanWaitingTime="209.53" meanTravelTime="278.48" meanSpeed="18.24" meanSpeedRelative="0.57" duration="4"/>
    <step time="27000.00" loaded="19478" inserted="17692" running="523" waiting="1786" ended="17169" arrived="17169" collisions="16" teleports="16" halting="4" stopped="0" meanWaitingTime="221.47" meanTravelTime="280.31" meanSpeed="18.57" meanSpeedRelative="0.58" duration="4"/>
    <step time="27300.00" loaded="20014" inserted="18125" running="491" waiting="1889" ended="17634" arrived="17634" collisions="17" teleports="17" halting="5" stopped="0" meanWaitingTime="232.88" meanTravelTime="281.99" meanSpeed="20.20" meanSpeedRelative="0.63" duration="3"/>
    <step time="27600.00" loaded="20544" inserted="18535" running="456" waiting="2009" ended="18079" arrived="18079" collisions="18" teleports="18" halting="2" stopped="0" meanWaitingTime="246.67" meanTravelTime="283.45" meanSpeed="20.50" meanSpeedRelative="0.64" duration="4"/>
    <step time="27900.00" loaded="21116" inserted="18987" running="474" waiting="2129" ended="18513" arrived="18513" collisions="19" teleports="19" halting="3" stopped="0" meanWaitingTime="259.83" meanTravelTime="284.21" meanSpeed="20.14" meanSpeedRelative="0.63" duration="3"/>
    <step time="28200.00" loaded="21651" inserted="19445" running="480" waiting="2206" ended="18965" arrived="18965" collisions="19" teleports="19" halting="4" stopped="0" meanWaitingTime="276.09" meanTravelTime="285.16" meanSpeed="19.86" meanSpeedRelative="0.62" duration="3"/>
    <step time="28500.00" loaded="22228" inserted="19882" running="483" waiting="2346" ended="19399" arrived="19399" collisions="20" teleports="20" halting="8" stopped="0" meanWaitingTime="289.74" meanTravelTime="286.31" meanSpeed="20.06" meanSpeedRelative="0.63" duration="4"/>
    <step time="28800.00" loaded="22776" inserted="20332" running="494" waiting="2444" ended="19838" arrived="19838" collisions="20" teleports="20" halting="4" stopped="0" meanWaitingTime="305.38" meanTravelTime="287.01" meanSpeed="19.44" meanSpeedRelative="0.61" duration="90"/>
    <step time="29100.00" loaded="23125" inserted="20726" running="464" waiting="2399" ended="20262" arrived="20262" collisions="22" teleports="22" halting="3" stopped="0" meanWaitingTime="320.32" meanTravelTime="288.26" meanSpeed="20.73" meanSpeedRelative="0.65" duration="3"/>
    <step time="29400.00" loaded="23507" inserted="21135" running="420" waiting="2372" ended="20715" arrived="20715" collisions="23" teleports="23" halting="3" stopped="0" meanWaitingTime="335.54" meanTravelTime="288.98" meanSpeed="20.74" meanSpeedRelative="0.65" duration="3"/>
    <step time="29700.00" loaded="23888" inserted="21530" running="403" waiting="2358" ended="21127" arrived="21127" collisions="23" teleports="23" halting="7" stopped="0" meanWaitingTime="348.93" meanTravelTime="289.54" meanSpeed="21.66" meanSpeedRelative="0.68" duration="3"/>
    <step time="30000.00" loaded="24250" inserted="21912" running="389" waiting="2338" ended="21523" arrived="21523" collisions="23" teleports="23" halting="4" stopped="0" meanWaitingTime="362.61" meanTravelTime="290.07" meanSpeed="21.54" meanSpeedRelative="0.67" duration="3"/>
    <step time="30300.00" loaded="24619" inserted="22285" running="385" waiting="2334" ended="21900" arrived="21900" collisions="23" teleports="23" halting="2" stopped="0" meanWaitingTime="374.80" meanTravelTime="290.55" meanSpeed="21.89" meanSpeedRelative="0.68" duration="3"/>
    <step time="30600.00" loaded="24960" inserted="22652" running="382" waiting="2308" ended="22270" arrived="22270" collisions="23" teleports="23" halting="3" stopped="0" meanWaitingTime="387.13" meanTravelTime="290.89" meanSpeed="22.11" meanSpeedRelative="0.69" duration="3"/>
    <step time="30900.00" loaded="25350" inserted="23042" running="379" waiting="2308" ended="22663" arrived="22663" collisions="25" teleports="25" halting="3" stopped="0" meanWaitingTime="399.01" meanTravelTime="291.21" meanSpeed="21.83" meanSpeedRelative="0.68" duration="3"/>
    <step time="31200.00" loaded="25712" inserted="23428" running="380" waiting="2284" ended="23048" arrived="23048" collisions="25" teleports="25" halting="3" stopped="0" meanWaitingTime="410.39" meanTravelTime="291.22" meanSpeed="21.95" meanSpeedRelative="0.69" duration="3"/>
    <step time="31500.00" loaded="26064" inserted="23808" running="371" waiting="2256" ended="23437" arrived="23437" collisions="25" teleports="25" halting="1" stopped="0" meanWaitingTime="421.80" meanTravelTime="291.37" meanSpeed="22.69" meanSpeedRelative="0.71" duration="2"/>
    <step time="31800.00" loaded="26404" inserted="24153" running="345" waiting="2251" ended="23808" arrived="23808" collisions="25" teleports="25" halting="5" stopped="0" meanWaitingTime="433.55" meanTravelTime="291.52" meanSpeed="22.10" meanSpeedRelative="0.69" duration="3"/>
    <step time="32100.00" loaded="26782" inserted="24522" running="350" waiting="2260" ended="24172" arrived="24172" collisions="25" teleports="25" halting="4" stopped="0" meanWaitingTime="445.03" meanTravelTime="291.67" meanSpeed="22.44" meanSpeedRelative="0.70" duration="2"/>
    <step time="32400.00" loaded="27140" inserted="24870" running="339" waiting="2270" ended="24531" arrived="24531" collisions="25" teleports="25" halting="4" stopped="0" meanWaitingTime="456.15" meanTravelTime="291.49" meanSpeed="21.78" meanSpeedRelative="0.68" duration="90"/>
    <step time="32700.00" loaded="27392" inserted="25161" running="277" waiting="2231" ended="24884" arrived="24884" collisions="25" teleports="25" halting="3" stopped="0" meanWaitingTime="467.07" meanTravelTime="291.55" meanSpeed="22.51" meanSpeedRelative="0.70" duration="3"/>
    <step time="33000.00" loaded="27639" inserted="25447" running="263" waiting="2192" ended="25184" arrived="25184" collisions="25" teleports="25" halting="2" stopped="0" meanWaitingTime="478.71" meanTravelTime="291.54" meanSpeed="22.37" meanSpeedRelative="0.70" duration="2"/>
    <step time="33300.00" loaded="27923" inserted="25748" running="270" waiting="2175" ended="25478" arrived="25478" collisions="25" teleports="25" halting="1" stopped="0" meanWaitingTime="491.90" meanTravelTime="291.31" meanSpeed="22.40" meanSpeedRelative="0.70" duration="2"/>
    <step time="33600.00" loaded="28190" inserted="26022" running="262" waiting="2168" ended="25760" arrived="25760" collisions="26" teleports="26" halting="3" stopped="0" meanWaitingTime="504.19" meanTravelTime="291.23" meanSpeed="23.23" meanSpeedRelative="0.73" duration="3"/>
    <step time="33900.00" loaded="28466" inserted="26314" running="259" waiting="2152" ended="26055" arrived="26055" collisions="27" teleports="27" halting="2" stopped="0" meanWaitingTime="518.23" meanTravelTime="290.90" meanSpeed="23.73" meanSpeedRelative="0.74" duration="2"/>
    <step time="34200.00" loaded="28740" inserted="26601" running="255" waiting="2139" ended="26346" arrived="26346" collisions="27" teleports="27" halting="3" stopped="0" meanWaitingTime="531.09" meanTravelTime="290.56" meanSpeed="22.85" meanSpeedRelative="0.71" duration="2"/>
    <step time="34500.00" loaded="29001" inserted="26870" running="244" waiting="2131" ended="26626" arrived="26626" collisions="27" teleports="27" halting="3" stopped="0" meanWaitingTime="543.81" meanTravelTime="290.27" meanSpeed="23.52" meanSpeedRelative="0.73" duration="2"/>
    <step time="34800.00" loaded="29262" inserted="27127" running="226" waiting="2135" ended="26901" arrived="26901" collisions="27" teleports="27" halting="3" stopped="0" meanWaitingTime="557.26" meanTravelTime="289.94" meanSpeed="23.28" meanSpeedRelative="0.73" duration="1"/>
    <step time="35100.00" loaded="29507" inserted="27383" running="238" waiting="2124" ended="27145" arrived="27145" collisions="28" teleports="28" halting="2" stopped="0" meanWaitingTime="571.39" meanTravelTime="289.85" meanSpeed="23.07" meanSpeedRelative="0.72" duration="2"/>
    <step time="35400.00" loaded="29762" inserted="27652" running="239" waiting="2110" ended="27413" arrived="27413" collisions="28" teleports="28" halting="4" stopped="0" meanWaitingTime="585.20" meanTravelTime="289.75" meanSpeed="23.72" meanSpeedRelative="0.74" duration="2"/>
    <step time="35700.00" loaded="30008" inserted="27898" running="214" waiting="2110" ended="27684" arrived="27684" collisions="28" teleports="28" halting="3" stopped="0" meanWaitingTime="598.69" meanTravelTime="289.52" meanSpeed="23.67" meanSpeedRelative="0.74" duration="1"/>
    <step time="36000.00" loaded="30258" inserted="28156" running="225" waiting="2102" ended="27931" arrived="27931" collisions="28" teleports="28" halting="0" stopped="0" meanWaitingTime="613.32" meanTravelTime="289.22" meanSpeed="23.37" meanSpeedRelative="0.73" duration="89"/>
    <step time="36300.00" loaded="30730" inserted="28582" running="365" waiting="2148" ended="28217" arrived="28217" collisions="28" teleports="28" halting="7" stopped="0" meanWaitingTime="626.27" meanTravelTime="288.72" meanSpeed="20.29" meanSpeedRelative="0.63" duration="2"/>
    <step time="36600.00" loaded="31229" inserted="29020" running="434" waiting="2209" ended="28586" arrived="28586" collisions="29" teleports="29" halting="7" stopped="0" meanWaitingTime="638.41" meanTravelTime="288.48" meanSpeed="20.91" meanSpeedRelative="0.65" duration="4"/>
    <step time="36900.00" loaded="31730" inserted="29447" running="433" waiting="2283" ended="29014" arrived="29014" collisions="30" teleports="30" halting="9" stopped="0" meanWaitingTime="649.55" meanTravelTime="288.40" meanSpeed="21.46" meanSpeedRelative="0.67" duration="3"/>
    <step time="37200.00" loaded="32220" inserted="29871" running="447" waiting="2349" ended="29424" arrived="29424" collisions="30" teleports="30" halting="4" stopped="0" meanWaitingTime="662.11" meanTravelTime="288.45" meanSpeed="21.09" meanSpeedRelative="0.66" duration="4"/>
    <step time="37500.00" loaded="32649" inserted="30258" running="415" waiting="2391" ended="29843" arrived="29843" collisions="32" teleports="32" halting="4" stopped="0" meanWaitingTime="673.54" meanTravelTime="289.05" meanSpeed="21.57" meanSpeedRelative="0.67" duration="5"/>
    <step time="37800.00" loaded="33061" inserted="30640" running="399" waiting="2421" ended="30241" arrived="30241" collisions="35" teleports="35" halting="4" stopped="0" meanWaitingTime="686.10" meanTravelTime="289.32" meanSpeed="21.45" meanSpeedRelative="0.67" duration="3"/>
    <step time="38100.00" loaded="33561" inserted="31076" running="442" waiting="2485" ended="30634" arrived="30634" collisions="36" teleports="36" halting="2" stopped="0" meanWaitingTime="699.61" meanTravelTime="289.58" meanSpeed="20.99" meanSpeedRelative="0.66" duration="3"/>
    <step time="38400.00" loaded="34071" inserted="31503" running="454" waiting="2568" ended="31049" arrived="31049" collisions="36" teleports="36" halting="5" stopped="0" meanWaitingTime="712.08" meanTravelTime="290.10" meanSpeed="20.48" meanSpeedRelative="0.64" duration="3"/>
    <step time="38700.00" loaded="34545" inserted="31911" running="452" waiting="2634" ended="31459" arrived="31459" collisions="36" teleports="36" halting="10" stopped="0" meanWaitingTime="724.47" meanTravelTime="290.36" meanSpeed="21.24" meanSpeedRelative="0.66" duration="4"/>
    <step time="39000.00" loaded="35047" inserted="32338" running="471" waiting="2709" ended="31867" arrived="31867" collisions="36" teleports="36" halting="6" stopped="0" meanWaitingTime="735.77" meanTravelTime="290.82" meanSpeed="20.84" meanSpeedRelative="0.65" duration="3"/>
    <step time="39300.00" loaded="35527" inserted="32751" running="466" waiting="2776" ended="32285" arrived="32285" collisions="38" teleports="38" halting="8" stopped="0" meanWaitingTime="748.55" meanTravelTime="291.31" meanSpeed="20.03" meanSpeedRelative="0.63" duration="3"/>
    <step time="39600.00" loaded="35997" inserted="33155" running="455" waiting="2842" ended="32700" arrived="32700" collisions="39" teleports="39" halting="5" stopped="0" meanWaitingTime="760.69" meanTravelTime="291.99" meanSpeed="21.14" meanSpeedRelative="0.66" duration="92"/>
    <step time="39900.00" loaded="36534" inserted="33605" running="482" waiting="2929" ended="33123" arrived="33123" collisions="40" teleports="40" halting="1" stopped="0" meanWaitingTime="773.17" meanTravelTime="292.44" meanSpeed="20.58" meanSpeedRelative="0.64" duration="4"/>
    <step time="40200.00" loaded="37073" inserted="34082" running="524" waiting="2991" ended="33558" arrived="33558" collisions="42" teleports="42" halting="6" stopped="0" meanWaitingTime="785.19" meanTravelTime="292.86" meanSpeed="19.48" meanSpeedRelative="0.61" duration="3"/>
    <step time="40500.00" loaded="37600" inserted="34537" running="509" waiting="3063" ended="34028" arrived="34028" collisions="42" teleports="42" halting="6" stopped="0" meanWaitingTime="798.77" meanTravelTime="293.28" meanSpeed="20.35" meanSpeedRelative="0.64" duration="4"/>
    <step time="40800.00" loaded="38143" inserted="35008" running="523" waiting="3135" ended="34485" arrived="34485" collisions="43" teleports="43" halting="4" stopped="0" meanWaitingTime="811.20" meanTravelTime="293.77" meanSpeed="19.57" meanSpeedRelative="0.61" duration="4"/>
    <step time="41100.00" loaded="38685" inserted="35453" running="512" waiting="3232" ended="34941" arrived="34941" collisions="44" teleports="44" halting="3" stopped="0" meanWaitingTime="824.69" meanTravelTime="294.20" meanSpeed="20.13" meanSpeedRelative="0.63" duration="4"/>
    <step time="41400.00" loaded="39234" inserted="35925" running="516" waiting="3309" ended="35409" arrived="35409" collisions="45" teleports="45" halting="3" stopped="0" meanWaitingTime="838.66" meanTravelTime="294.86" meanSpeed="18.86" meanSpeedRelative="0.59" duration="5"/>
    <step time="41700.00" loaded="39724" inserted="36361" running="499" waiting="3363" ended="35862" arrived="35862" collisions="45" teleports="45" halting="6" stopped="0" meanWaitingTime="851.90" meanTravelTime="295.54" meanSpeed="20.05" meanSpeedRelative="0.63" duration="3"/>
    <step time="42000.00" loaded="40250" inserted="36823" running="522" waiting="3427" ended="36301" arrived="36301" collisions="45" teleports="45" halting="5" stopped="0" meanWaitingTime="865.26" meanTravelTime="296.00" meanSpeed="19.95" meanSpeedRelative="0.62" duration="4"/>
    <step time="42300.00" loaded="40759" inserted="37282" running="530" waiting="3477" ended="36752" arrived="36752" collisions="47" teleports="47" halting="3" stopped="0" meanWaitingTime="879.34" meanTravelTime="296.35" meanSpeed="19.15" meanSpeedRelative="0.60" duration="5"/>
    <step time="42600.00" loaded="41277" inserted="37751" running="557" waiting="3526" ended="37194" arrived="37194" collisions="48" teleports="48" halting="5" stopped="0" meanWaitingTime="891.63" meanTravelTime="296.91" meanSpeed="19.92" meanSpeedRelative="0.62" duration="4"/>
    <step time="42900.00" loaded="41805" inserted="38184" running="526" waiting="3621" ended="37658" arrived="37658" collisions="51" teleports="51" halting="11" stopped="0" meanWaitingTime="902.45" meanTravelTime="297.57" meanSpeed="19.53" meanSpeedRelative="0.61" duration="5"/>
    <step time="43200.00" loaded="42337" inserted="38649" running="542" waiting="3688" ended="38107" arrived="38107" collisions="52" teleports="52" halting="6" stopped="0" meanWaitingTime="911.89" meanTravelTime="298.42" meanSpeed="19.38" meanSpeedRelative="0.61" duration="97"/>
    <step time="43500.00" loaded="42886" inserted="39123" running="564" waiting="3763" ended="38559" arrived="38559" collisions="54" teleports="54" halting="5" stopped="0" meanWaitingTime="923.69" meanTravelTime="299.09" meanSpeed="18.74" meanSpeedRelative="0.59" duration="5"/>
    <step time="43800.00" loaded="43433" inserted="39580" running="572" waiting="3853" ended="39008" arrived="39008" collisions="57" teleports="57" halting="4" stopped="0" meanWaitingTime="935.27" meanTravelTime="299.68" meanSpeed="18.79" meanSpeedRelative="0.59" duration="4"/>
    <step time="44100.00" loaded="43972" inserted="40064" running="577" waiting="3908" ended="39487" arrived="39487" collisions="61" teleports="61" halting="1" stopped="0" meanWaitingTime="946.29" meanTravelTime="300.35" meanSpeed="19.14" meanSpeedRelative="0.60" duration="4"/>
    <step time="44400.00" loaded="44531" inserted="40547" running="577" waiting="3984" ended="39970" arrived="39970" collisions="61" teleports="61" halting="8" stopped="0" meanWaitingTime="955.57" meanTravelTime="301.09" meanSpeed="18.43" meanSpeedRelative="0.58" duration="3"/>
    <step time="44700.00" loaded="45109" inserted="41055" running="615" waiting="4054" ended="40440" arrived="40440" collisions="62" teleports="62" halting="4" stopped="0" meanWaitingTime="965.96" meanTravelTime="302.00" meanSpeed="18.41" meanSpeedRelative="0.58" duration="4"/>
    <step time="45000.00" loaded="45682" inserted="41511" running="619" waiting="4171" ended="40892" arrived="40892" collisions="62" teleports="62" halting="1" stopped="0" meanWaitingTime="974.81" meanTravelTime="302.61" meanSpeed="17.63" meanSpeedRelative="0.55" duration="4"/>
    <step time="45300.00" loaded="46206" inserted="41973" running="605" waiting="4233" ended="41368" arrived="41368" collisions="63" teleports="63" halting="5" stopped="0" meanWaitingTime="984.24" meanTravelTime="303.53" meanSpeed="18.17" meanSpeedRelative="0.57" duration="5"/>
    <step time="45600.00" loaded="46732" inserted="42457" running="613" waiting="4275" ended="41844" arrived="41844" collisions="65" teleports="65" halting="4" stopped="0" meanWaitingTime="994.29" meanTravelTime="304.56" meanSpeed="18.95" meanSpeedRelative="0.59" duration="5"/>
    <step time="45900.00" loaded="47269" inserted="42928" running="603" waiting="4341" ended="42325" arrived="42325" collisions="66" teleports="66" halting="9" stopped="0" meanWaitingTime="1004.63" meanTravelTime="305.40" meanSpeed="17.36" meanSpeedRelative="0.54" duration="5"/>
    <step time="46200.00" loaded="47817" inserted="43407" running="592" waiting="4410" ended="42815" arrived="42815" collisions="66" teleports="66" halting="3" stopped="0" meanWaitingTime="1013.68" meanTravelTime="306.47" meanSpeed="18.86" meanSpeedRelative="0.59" duration="6"/>
    <step time="46500.00" loaded="48381" inserted="43897" running="602" waiting="4484" ended="43295" arrived="43295" collisions="69" teleports="69" halting="4" stopped="0" meanWaitingTime="1025.52" meanTravelTime="307.02" meanSpeed="18.76" meanSpeedRelative="0.59" duration="6"/>
    <step time="46800.00" loaded="48919" inserted="44343" running="575" waiting="4576" ended="43768" arrived="43768" collisions="69" teleports="69" halting="4" stopped="0" meanWaitingTime="1035.51" meanTravelTime="307.89" meanSpeed="18.55" meanSpeedRelative="0.58" duration="95"/>
    <step time="47100.00" loaded="49429" inserted="44794" running="570" waiting="4635" ended="44224" arrived="44224" collisions="71" teleports="71" halting="7" stopped="0" meanWaitingTime="1046.71" meanTravelTime="308.57" meanSpeed="18.86" meanSpeedRelative="0.59" duration="8"/>
    <step time="47400.00" loaded="49985" inserted="45272" running="588" waiting="4713" ended="44684" arrived="44684" collisions="71" teleports="71" halting="7" stopped="0" meanWaitingTime="1056.77" meanTravelTime="309.25" meanSpeed="18.66" meanSpeedRelative="0.58" duration="6"/>
    <step time="47700.00" loaded="50522" inserted="45722" running="610" waiting="4800" ended="45112" arrived="45112" collisions="72" teleports="72" halting="4" stopped="0" meanWaitingTime="1065.96" meanTravelTime="309.84" meanSpeed="17.85" meanSpeedRelative="0.56" duration="7"/>
    <step time="48000.00" loaded="51052" inserted="46166" running="584" waiting="4886" ended="45582" arrived="45582" collisions="73" teleports="73" halting="7" stopped="0" meanWaitingTime="1076.95" meanTravelTime="310.67" meanSpeed="17.86" meanSpeedRelative="0.56" duration="6"/>
    <step time="48300.00" loaded="51559" inserted="46609" running="579" waiting="4950" ended="46030" arrived="46030" collisions="74" teleports="74" halting="8" stopped="0" meanWaitingTime="1086.63" meanTravelTime="311.54" meanSpeed="18.70" meanSpeedRelative="0.58" duration="6"/>
    <step time="48600.00" loaded="52097" inserted="47079" running="593" waiting="5018" ended="46486" arrived="46486" collisions="76" teleports="76" halting="3" stopped="0" meanWaitingTime="1098.45" meanTravelTime="312.10" meanSpeed="18.53" meanSpeedRelative="0.58" duration="7"/>
    <step time="48900.00" loaded="52624" inserted="47553" running="608" waiting="5071" ended="46945" arrived="46945" collisions="77" teleports="77" halting="8" stopped="0" meanWaitingTime="1109.68" meanTravelTime="312.85" meanSpeed="17.72" meanSpeedRelative="0.55" duration="5"/>
    <step time="49200.00" loaded="53168" inserted="48023" running="598" waiting="5145" ended="47425" arrived="47425" collisions="79" teleports="79" halting="7" stopped="0" meanWaitingTime="1120.39" meanTravelTime="313.54" meanSpeed="18.18" meanSpeedRelative="0.57" duration="6"/>
    <step time="49500.00" loaded="53656" inserted="48457" running="608" waiting="5199" ended="47849" arrived="47849" collisions="81" teleports="81" halting="8" stopped="0" meanWaitingTime="1133.13" meanTravelTime="314.13" meanSpeed="17.75" meanSpeedRelative="0.55" duration="6"/>
    <step time="49800.00" loaded="54179" inserted="48913" running="627" waiting="5266" ended="48286" arrived="48286" collisions="81" teleports="81" halting="11" stopped="0" meanWaitingTime="1144.76" meanTravelTime="315.02" meanSpeed="17.42" meanSpeedRelative="0.54" duration="5"/>
    <step time="50100.00" loaded="54711" inserted="49364" running="608" waiting="5347" ended="48756" arrived="48756" collisions="81" teleports="81" halting="2" stopped="0" meanWaitingTime="1157.12" meanTravelTime="316.15" meanSpeed="18.64" meanSpeedRelative="0.58" duration="7"/>
    <step time="50400.00" loaded="55242" inserted="49842" running="608" waiting="5400" ended="49234" arrived="49234" collisions="85" teleports="85" halting="5" stopped="0" meanWaitingTime="1168.26" meanTravelTime="316.87" meanSpeed="17.83" meanSpeedRelative="0.56" duration="95"/>
    <step time="50700.00" loaded="55975" inserted="50387" running="655" waiting="5588" ended="49732" arrived="49732" collisions="89" teleports="89" halting="8" stopped="0" meanWaitingTime="1180.68" meanTravelTime="317.54" meanSpeed="17.07" meanSpeedRelative="0.53" duration="6"/>
    <step time="51000.00" loaded="56684" inserted="50909" running="670" waiting="5775" ended="50239" arrived="50239" collisions="90" teleports="90" halting="7" stopped="0" meanWaitingTime="1190.86" meanTravelTime="318.13" meanSpeed="17.58" meanSpeedRelative="0.55" duration="7"/>
    <step time="51300.00" loaded="57413" inserted="51453" running="715" waiting="5960" ended="50738" arrived="50738" collisions="91" teleports="91" halting="3" stopped="0" meanWaitingTime="1201.92" meanTravelTime="318.75" meanSpeed="16.72" meanSpeedRelative="0.52" duration="7"/>
    <step time="51600.00" loaded="58097" inserted="51955" running="712" waiting="6142" ended="51243" arrived="51243" collisions="95" teleports="95" halting="8" stopped="0" meanWaitingTime="1214.21" meanTravelTime="319.55" meanSpeed="16.29" meanSpeedRelative="0.51" duration="6"/>
    <step time="51900.00" loaded="58828" inserted="52478" running="751" waiting="6350" ended="51727" arrived="51727" collisions="97" teleports="97" halting="5" stopped="0" meanWaitingTime="1227.55" meanTravelTime="320.35" meanSpeed="16.08" meanSpeedRelative="0.50" duration="8"/>
    <step time="52200.00" loaded="59518" inserted="52977" running="735" waiting="6541" ended="52242" arrived="52242" collisions="100" teleports="100" halting="3" stopped="0" meanWaitingTime="1239.45" meanTravelTime="321.56" meanSpeed="15.74" meanSpeedRelative="0.49" duration="8"/>
    <step time="52500.00" loaded="60260" inserted="53492" running="753" waiting="6768" ended="52739" arrived="52739" collisions="104" teleports="104" halting="8" stopped="0" meanWaitingTime="1251.75" meanTravelTime="322.90" meanSpeed="15.69" meanSpeedRelative="0.49" duration="8"/>
    <step time="52800.00" loaded="60963" inserted="54040" running="799" waiting="6923" ended="53241" arrived="53241" collisions="105" teleports="105" halting="6" stopped="0" meanWaitingTime="1265.36" meanTravelTime="324.07" meanSpeed="14.95" meanSpeedRelative="0.47" duration="6"/>
    <step time="53100.00" loaded="61725" inserted="54598" running="850" waiting="7127" ended="53748" arrived="53748" collisions="107" teleports="107" halting="6" stopped="0" meanWaitingTime="1277.83" meanTravelTime="325.25" meanSpeed="14.12" meanSpeedRelative="0.44" duration="9"/>
    <step time="53400.00" loaded="62437" inserted="55099" running="836" waiting="7338" ended="54263" arrived="54263" collisions="108" teleports="108" halting="8" stopped="0" meanWaitingTime="1289.02" meanTravelTime="326.42" meanSpeed="14.36" meanSpeedRelative="0.45" duration="7"/>
    <step time="53700.00" loaded="63130" inserted="55624" running="852" waiting="7506" ended="54772" arrived="54772" collisions="110" teleports="110" halting="13" stopped="0" meanWaitingTime="1300.38" meanTravelTime="327.87" meanSpeed="14.10" meanSpeedRelative="0.44" duration="9"/>
    <step time="54000.00" loaded="63834" inserted="56160" running="897" waiting="7674" ended="55263" arrived="55263" collisions="115" teleports="115" halting="9" stopped="0" meanWaitingTime="1312.59" meanTravelTime="329.16" meanSpeed="13.65" meanSpeedRelative="0.43" duration="96"/>
    <step time="54300.00" loaded="64263" inserted="56602" running="819" waiting="7661" ended="55783" arrived="55783" collisions="117" teleports="117" halting="5" stopped="0" meanWaitingTime="1327.12" meanTravelTime="330.72" meanSpeed="14.00" meanSpeedRelative="0.44" duration="9"/>
    <step time="54600.00" loaded="64723" inserted="57058" running="794" waiting="7665" ended="56264" arrived="56264" collisions="118" teleports="118" halting="8" stopped="0" meanWaitingTime="1343.38" meanTravelTime="332.25" meanSpeed="14.06" meanSpeedRelative="0.44" duration="7"/>
    <step time="54900.00" loaded="65155" inserted="57499" running="752" waiting="7656" ended="56747" arrived="56747" collisions="124" teleports="124" halting="10" stopped="0" meanWaitingTime="1360.30" meanTravelTime="333.81" meanSpeed="14.50" meanSpeedRelative="0.45" duration="8"/>
    <step time="55200.00" loaded="65590" inserted="57952" running="702" waiting="7638" ended="57250" arrived="57250" collisions="127" teleports="127" halting="7" stopped="0" meanWaitingTime="1376.84" meanTravelTime="335.41" meanSpeed="15.00" meanSpeedRelative="0.47" duration="7"/>
    <step time="55500.00" loaded="66055" inserted="58401" running="690" waiting="7654" ended="57711" arrived="57711" collisions="129" teleports="129" halting="4" stopped="0" meanWaitingTime="1393.26" meanTravelTime="336.61" meanSpeed="16.18" meanSpeedRelative="0.51" duration="9"/>
    <step time="55800.00" loaded="66501" inserted="58828" running="652" waiting="7673" ended="58176" arrived="58176" collisions="131" teleports="131" halting="5" stopped="0" meanWaitingTime="1409.13" meanTravelTime="337.37" meanSpeed="16.34" meanSpeedRelative="0.51" duration="6"/>
    <step time="56100.00" loaded="67003" inserted="59279" running="648" waiting="7724" ended="58631" arrived="58631" collisions="135" teleports="135" halting="2" stopped="0" meanWaitingTime="1425.41" meanTravelTime="338.30" meanSpeed="16.67" meanSpeedRelative="0.52" duration="6"/>
    <step time="56400.00" loaded="67467" inserted="59725" running="649" waiting="7742" ended="59076" arrived="59076" collisions="135" teleports="135" halting="9" stopped="0" meanWaitingTime="1441.97" meanTravelTime="338.93" meanSpeed="16.28" meanSpeedRelative="0.51" duration="5"/>
    <step time="56700.00" loaded="67938" inserted="60179" running="649" waiting="7759" ended="59530" arrived="59530" collisions="137" teleports="137" halting="3" stopped="0" meanWaitingTime="1458.73" meanTravelTime="339.76" meanSpeed="17.33" meanSpeedRelative="0.54" duration="5"/>
    <step time="57000.00" loaded="68391" inserted="60628" running="614" waiting="7763" ended="60014" arrived="60014" collisions="137" teleports="137" halting="1" stopped="0" meanWaitingTime="1475.12" meanTravelTime="340.25" meanSpeed="17.17" meanSpeedRelative="0.54" duration="6"/>
    <step time="57300.00" loaded="68808" inserted="61050" running="583" waiting="7758" ended="60467" arrived="60467" collisions="140" teleports="140" halting="7" stopped="0" meanWaitingTime="1492.53" meanTravelTime="340.94" meanSpeed="18.16" meanSpeedRelative="0.57" duration="5"/>
    <step time="57600.00" loaded="69257" inserted="61497" running="586" waiting="7760" ended="60911" arrived="60911" collisions="142" teleports="142" halting="6" stopped="0" meanWaitingTime="1510.37" meanTravelTime="341.59" meanSpeed="18.67" meanSpeedRelative="0.58" duration="91"/>
    <step time="57900.00" loaded="69851" inserted="61993" running="626" waiting="7858" ended="61367" arrived="61367" collisions="145" teleports="145" halting="4" stopped="0" meanWaitingTime="1525.30" meanTravelTime="341.96" meanSpeed="18.17" meanSpeedRelative="0.57" duration="9"/>
    <step time="58200.00" loaded="70432" inserted="62495" running="627" waiting="7937" ended="61868" arrived="61868" collisions="145" teleports="145" halting="10" stopped="0" meanWaitingTime="1539.69" meanTravelTime="342.30" meanSpeed="17.74" meanSpeedRelative="0.55" duration="9"/>
    <step time="58500.00" loaded="70987" inserted="62979" running="628" waiting="8008" ended="62351" arrived="62351" collisions="145" teleports="145" halting="5" stopped="0" meanWaitingTime="1556.04" meanTravelTime="342.66" meanSpeed="17.82" meanSpeedRelative="0.56" duration="5"/>
    <step time="58800.00" loaded="71556" inserted="63481" running="650" waiting="8075" ended="62831" arrived="62831" collisions="150" teleports="150" halting="4" stopped="0" meanWaitingTime="1572.47" meanTravelTime="342.90" meanSpeed="17.68" meanSpeedRelative="0.55" duration="6"/>
    <step time="59100.00" loaded="72084" inserted="63947" running="632" waiting="8137" ended="63315" arrived="63315" collisions="151" teleports="151" halting="7" stopped="0" meanWaitingTime="1587.70" meanTravelTime="343.32" meanSpeed="16.87" meanSpeedRelative="0.53" duration="8"/>
    <step time="59400.00" loaded="72661" inserted="64417" running="651" waiting="8244" ended="63766" arrived="63766" collisions="152" teleports="152" halting="5" stopped="0" meanWaitingTime="1603.44" meanTravelTime="343.67" meanSpeed="17.39" meanSpeedRelative="0.54" duration="7"/>
    <step time="59700.00" loaded="73226" inserted="64892" running="683" waiting="8334" ended="64209" arrived="64209" collisions="152" teleports="152" halting="4" stopped="0" meanWaitingTime="1618.30" meanTravelTime="344.33" meanSpeed="16.47" meanSpeedRelative="0.51" duration="6"/>
    <step time="60000.00" loaded="73793" inserted="65369" running="688" waiting="8424" ended="64681" arrived="64681" collisions="153" teleports="153" halting="3" stopped="0" meanWaitingTime="1633.86" meanTravelTime="345.06" meanSpeed="17.21" meanSpeedRelative="0.54" duration="9"/>
    <step time="60300.00" loaded="74349" inserted="65829" running="664" waiting="8520" ended="65165" arrived="65165" collisions="155" teleports="155" halting="6" stopped="0" meanWaitingTime="1648.51" meanTravelTime="345.56" meanSpeed="17.76" meanSpeedRelative="0.56" duration="8"/>
    <step time="60600.00" loaded="74911" inserted="66316" running="676" waiting="8595" ended="65640" arrived="65640" collisions="155" teleports="155" halting="5" stopped="0" meanWaitingTime="1664.25" meanTravelTime="346.25" meanSpeed="17.21" meanSpeedRelative="0.54" duration="7"/>
    <step time="60900.00" loaded="75518" inserted="66820" running="705" waiting="8698" ended="66115" arrived="66115" collisions="156" teleports="156" halting="3" stopped="0" meanWaitingTime="1677.73" meanTravelTime="346.86" meanSpeed="17.37" meanSpeedRelative="0.54" duration="10"/>
    <step time="61200.00" loaded="76019" inserted="67288" running="672" waiting="8731" ended="66616" arrived="66616" collisions="157" teleports="157" halting="8" stopped="0" meanWaitingTime="1694.22" meanTravelTime="347.48" meanSpeed="17.01" meanSpeedRelative="0.53" duration="95"/>
    <step time="61500.00" loaded="76101" inserted="67617" running="592" waiting="8484" ended="67025" arrived="67025" collisions="159" teleports="159" halting="7" stopped="0" meanWaitingTime="1713.17" meanTravelTime="348.23" meanSpeed="17.21" meanSpeedRelative="0.54" duration="8"/>
    <step time="61800.00" loaded="76176" inserted="67929" running="523" waiting="8247" ended="67406" arrived="67406" collisions="161" teleports="161" halting="9" stopped="0" meanWaitingTime="1733.06" meanTravelTime="349.00" meanSpeed="17.82" meanSpeedRelative="0.56" duration="8"/>
    <step time="62100.00" loaded="76239" inserted="68280" running="484" waiting="7959" ended="67796" arrived="67796" collisions="162" teleports="162" halting="1" stopped="0" meanWaitingTime="1756.54" meanTravelTime="349.72" meanSpeed="17.99" meanSpeedRelative="0.56" duration="5"/>
    <step time="62400.00" loaded="76308" inserted="68645" running="484" waiting="7663" ended="68161" arrived="68161" collisions="163" teleports="163" halting="4" stopped="0" meanWaitingTime="1780.46" meanTravelTime="350.21" meanSpeed="18.16" meanSpeedRelative="0.57" duration="7"/>
    <step time="62700.00" loaded="76368" inserted="68955" running="427" waiting="7413" ended="68528" arrived="68528" collisions="164" teleports="164" halting="5" stopped="0" meanWaitingTime="1801.77" meanTravelTime="350.56" meanSpeed="19.25" meanSpeedRelative="0.60" duration="4"/>
    <step time="63000.00" loaded="76437" inserted="69219" running="374" waiting="7218" ended="68845" arrived="68845" collisions="164" teleports="164" halting="3" stopped="0" meanWaitingTime="1817.32" meanTravelTime="350.86" meanSpeed="21.18" meanSpeedRelative="0.66" duration="4"/>
    <step time="63300.00" loaded="76512" inserted="69497" running="350" waiting="7015" ended="69147" arrived="69147" collisions="166" teleports="166" halting="5" stopped="0" meanWaitingTime="1836.82" meanTravelTime="351.06" meanSpeed="21.56" meanSpeedRelative="0.67" duration="4"/>
    <step time="63600.00" loaded="76587" inserted="69757" running="311" waiting="6830" ended="69446" arrived="69446" collisions="167" teleports="167" halting="3" stopped="0" meanWaitingTime="1855.18" meanTravelTime="351.32" meanSpeed="21.65" meanSpeedRelative="0.68" duration="3"/>
    <step time="63900.00" loaded="76662" inserted="69962" running="237" waiting="6700" ended="69725" arrived="69725" collisions="167" teleports="167" halting="3" stopped="0" meanWaitingTime="1870.11" meanTravelTime="351.37" meanSpeed="21.42" meanSpeedRelative="0.67" duration="2"/>
    <step time="64200.00" loaded="76736" inserted="70164" running="230" waiting="6572" ended="69934" arrived="69934" collisions="167" teleports="167" halting="4" stopped="0" meanWaitingTime="1885.50" meanTravelTime="351.39" meanSpeed="21.89" meanSpeedRelative="0.68" duration="3"/>
    <step time="64500.00" loaded="76810" inserted="70383" running="224" waiting="6427" ended="70159" arrived="70159" collisions="167" teleports="167" halting="9" stopped="0" meanWaitingTime="1903.77" meanTravelTime="351.27" meanSpeed="21.24" meanSpeedRelative="0.66" duration="2"/>
    <step time="64800.00" loaded="76884" inserted="70579" running="216" waiting="6305" ended="70363" arrived="70363" collisions="168" teleports="168" halting="2" stopped="0" meanWaitingTime="1919.74" meanTravelTime="351.22" meanSpeed="21.54" meanSpeedRelative="0.67" duration="97"/>
    <step time="65100.00" loaded="76938" inserted="70808" running="220" waiting="6130" ended="70588" arrived="70588" collisions="168" teleports="168" halting="3" stopped="0" meanWaitingTime="1941.75" meanTravelTime="351.07" meanSpeed="21.23" meanSpeedRelative="0.66" duration="2"/>
    <step time="65400.00" loaded="76986" inserted="70994" running="195" waiting="5992" ended="70799" arrived="70799" collisions="169" teleports="169" halting="5" stopped="0" meanWaitingTime="1958.84" meanTravelTime="350.99" meanSpeed="21.61" meanSpeedRelative="0.68" duration="2"/>
    <step time="65700.00" loaded="77043" inserted="71205" running="206" waiting="5838" ended="70999" arrived="70999" collisions="169" teleports="169" halting="6" stopped="0" meanWaitingTime="1978.76" meanTravelTime="350.83" meanSpeed="21.56" meanSpeedRelative="0.67" duration="3"/>
    <step time="66000.00" loaded="77096" inserted="71409" running="200" waiting="5687" ended="71209" arrived="71209" collisions="169" teleports="169" halting="3" stopped="0" meanWaitingTime="1997.76" meanTravelTime="350.63" meanSpeed="20.86" meanSpeedRelative="0.65" duration="3"/>
    <step time="66300.00" loaded="77139" inserted="71625" running="202" waiting="5514" ended="71423" arrived="71423" collisions="169" teleports="169" halting="2" stopped="0" meanWaitingTime="2018.51" meanTravelTime="350.46" meanSpeed="21.73" meanSpeedRelative="0.68" duration="2"/>
    <step time="66600.00" loaded="77187" inserted="71817" running="196" waiting="5370" ended="71621" arrived="71621" collisions="169" teleports="169" halting="7" stopped="0" meanWaitingTime="2034.17" meanTravelTime="350.28" meanSpeed="22.20" meanSpeedRelative="0.69" duration="3"/>
    <step time="66900.00" loaded="77252" inserted="71957" running="143" waiting="5295" ended="71814" arrived="71814" collisions="169" teleports="169" halting="3" stopped="0" meanWaitingTime="2050.91" meanTravelTime="350.17" meanSpeed="20.77" meanSpeedRelative="0.65" duration="2"/>
    <step time="67200.00" loaded="77303" inserted="72105" running="119" waiting="5198" ended="71986" arrived="71986" collisions="169" teleports="169" halting="1" stopped="0" meanWaitingTime="2069.43" meanTravelTime="350.00" meanSpeed="22.12" meanSpeedRelative="0.69" duration="3"/>
    <step time="67500.00" loaded="77357" inserted="72261" running="123" waiting="5096" ended="72138" arrived="72138" collisions="169" teleports="169" halting="3" stopped="0" meanWaitingTime="2088.00" meanTravelTime="349.78" meanSpeed="20.40" meanSpeedRelative="0.64" duration="2"/>
    <step time="67800.00" loaded="77413" inserted="72403" running="124" waiting="5010" ended="72279" arrived="72279" collisions="169" teleports="169" halting="6" stopped="0" meanWaitingTime="2103.74" meanTravelTime="349.63" meanSpeed="21.69" meanSpeedRelative="0.68" duration="2"/>
    <step time="68100.00" loaded="77450" inserted="72562" running="120" waiting="4888" ended="72442" arrived="72442" collisions="169" teleports="169" halting="3" stopped="0" meanWaitingTime="2126.12" meanTravelTime="349.35" meanSpeed="21.27" meanSpeedRelative="0.66" duration="1"/>
    <step time="68400.00" loaded="77504" inserted="72709" running="117" waiting="4795" ended="72592" arrived="72592" collisions="169" teleports="169" halting="2" stopped="0" meanWaitingTime="2144.02" meanTravelTime="349.12" meanSpeed="20.59" meanSpeedRelative="0.64" duration="94"/>
    <step time="68700.00" loaded="77675" inserted="72935" running="172" waiting="4740" ended="72763" arrived="72763" collisions="169" teleports="169" halting="4" stopped="0" meanWaitingTime="2158.56" meanTravelTime="348.83" meanSpeed="22.27" meanSpeedRelative="0.70" duration="2"/>
    <step time="69000.00" loaded="77817" inserted="73131" running="174" waiting="4686" ended="72957" arrived="72957" collisions="170" teleports="170" halting="2" stopped="0" meanWaitingTime="2173.95" meanTravelTime="348.55" meanSpeed="22.18" meanSpeedRelative="0.69" duration="2"/>
    <step time="69300.00" loaded="77979" inserted="73331" running="179" waiting="4648" ended="73152" arrived="73152" collisions="172" teleports="172" halting="3" stopped="0" meanWaitingTime="2186.52" meanTravelTime="348.29" meanSpeed="21.95" meanSpeedRelative="0.69" duration="2"/>
    <step time="69600.00" loaded="78141" inserted="73539" running="196" waiting="4602" ended="73343" arrived="73343" collisions="172" teleports="172" halting="8" stopped="0" meanWaitingTime="2200.62" meanTravelTime="348.16" meanSpeed="20.97" meanSpeedRelative="0.66" duration="3"/>
    <step time="69900.00" loaded="78311" inserted="73755" running="207" waiting="4556" ended="73548" arrived="73548" collisions="172" teleports="172" halting="1" stopped="0" meanWaitingTime="2214.49" meanTravelTime="347.94" meanSpeed="22.38" meanSpeedRelative="0.70" duration="2"/>
    <step time="70200.00" loaded="78467" inserted="73969" running="203" waiting="4498" ended="73766" arrived="73766" collisions="172" teleports="172" halting="2" stopped="0" meanWaitingTime="2228.39" meanTravelTime="347.75" meanSpeed="22.32" meanSpeedRelative="0.70" duration="2"/>
    <step time="70500.00" loaded="78632" inserted="74185" running="202" waiting="4447" ended="73983" arrived="73983" collisions="173" teleports="173" halting="6" stopped="0" meanWaitingTime="2242.72" meanTravelTime="347.59" meanSpeed="22.82" meanSpeedRelative="0.71" duration="2"/>
    <step time="70800.00" loaded="78794" inserted="74388" running="185" waiting="4406" ended="74203" arrived="74203" collisions="173" teleports="173" halting="4" stopped="0" meanWaitingTime="2256.89" meanTravelTime="347.38" meanSpeed="22.02" meanSpeedRelative="0.69" duration="1"/>
    <step time="71100.00" loaded="78940" inserted="74593" running="176" waiting="4347" ended="74417" arrived="74417" collisions="174" teleports="174" halting="4" stopped="0" meanWaitingTime="2272.66" meanTravelTime="347.21" meanSpeed="22.08" meanSpeedRelative="0.69" duration="3"/>
    <step time="71400.00" loaded="79104" inserted="74797" running="186" waiting="4307" ended="74611" arrived="74611" collisions="174" teleports="174" halting="3" stopped="0" meanWaitingTime="2286.87" meanTravelTime="347.00" meanSpeed="22.49" meanSpeedRelative="0.70" duration="1"/>
    <step time="71700.00" loaded="79266" inserted="75017" running="194" waiting="4249" ended="74823" arrived="74823" collisions="174" teleports="174" halting="6" stopped="0" meanWaitingTime="2301.36" meanTravelTime="346.72" meanSpeed="21.60" meanSpeedRelative="0.68" duration="2"/>
    <step time="72000.00" loaded="79436" inserted="75238" running="196" waiting="4198" ended="75042" arrived="75042" collisions="175" teleports="175" halting="5" stopped="0" meanWaitingTime="2315.79" meanTravelTime="346.53" meanSpeed="22.14" meanSpeedRelative="0.69" duration="87"/>
    <step time="72300.00" loaded="79566" inserted="75428" running="185" waiting="4138" ended="75243" arrived="75243" collisions="175" teleports="175" halting="4" stopped="0" meanWaitingTime="2331.53" meanTravelTime="346.33" meanSpeed="21.80" meanSpeedRelative="0.68" duration="2"/>
    <step time="72600.00" loaded="79708" inserted="75626" running="185" waiting="4082" ended="75441" arrived="75441" collisions="175" teleports="175" halting="4" stopped="0" meanWaitingTime="2346.18" meanTravelTime="346.19" meanSpeed="21.55" meanSpeedRelative="0.67" duration="2"/>
    <step time="72900.00" loaded="79840" inserted="75822" running="190" waiting="4018" ended="75632" arrived="75632" collisions="175" teleports="175" halting="5" stopped="0" meanWaitingTime="2361.94" meanTravelTime="346.04" meanSpeed="22.18" meanSpeedRelative="0.69" duration="2"/>
    <step time="73200.00" loaded="79960" inserted="76005" running="168" waiting="3955" ended="75837" arrived="75837" collisions="175" teleports="175" halting="2" stopped="0" meanWaitingTime="2378.91" meanTravelTime="345.94" meanSpeed="20.99" meanSpeedRelative="0.66" duration="3"/>
    <step time="73500.00" loaded="80101" inserted="76188" running="175" waiting="3913" ended="76013" arrived="76013" collisions="175" teleports="175" halting="3" stopped="0" meanWaitingTime="2393.92" meanTravelTime="345.81" meanSpeed="22.17" meanSpeedRelative="0.69" duration="1"/>
    <step time="73800.00" loaded="80259" inserted="76404" running="190" waiting="3855" ended="76214" arrived="76214" collisions="175" teleports="175" halting="6" stopped="0" meanWaitingTime="2408.75" meanTravelTime="345.64" meanSpeed="22.31" meanSpeedRelative="0.70" duration="2"/>
    <step time="74100.00" loaded="80383" inserted="76594" running="165" waiting="3789" ended="76429" arrived="76429" collisions="175" teleports="175" halting="3" stopped="0" meanWaitingTime="2425.65" meanTravelTime="345.39" meanSpeed="21.23" meanSpeedRelative="0.66" duration="2"/>
    <step time="74400.00" loaded="80501" inserted="76768" running="154" waiting="3733" ended="76614" arrived="76614" collisions="175" teleports="175" halting="4" stopped="0" meanWaitingTime="2441.98" meanTravelTime="345.18" meanSpeed="21.92" meanSpeedRelative="0.69" duration="1"/>
    <step time="74700.00" loaded="80653" inserted="76963" running="174" waiting="3690" ended="76789" arrived="76789" collisions="175" teleports="175" halting="4" stopped="0" meanWaitingTime="2456.74" meanTravelTime="345.00" meanSpeed="22.84" meanSpeedRelative="0.71" duration="2"/>
    <step time="75000.00" loaded="80785" inserted="77162" running="178" waiting="3623" ended="76984" arrived="76984" collisions="175" teleports="175" halting="5" stopped="0" meanWaitingTime="2473.82" meanTravelTime="344.81" meanSpeed="21.32" meanSpeedRelative="0.67" duration="2"/>
    <step time="75300.00" loaded="80905" inserted="77342" running="164" waiting="3563" ended="77178" arrived="77178" collisions="176" teleports="176" halting="4" stopped="0" meanWaitingTime="2490.05" meanTravelTime="344.61" meanSpeed="22.38" meanSpeedRelative="0.70" duration="2"/>
    <step time="75600.00" loaded="81033" inserted="77534" running="172" waiting="3499" ended="77362" arrived="77362" collisions="176" teleports="176" halting="4" stopped="0" meanWaitingTime="2505.28" meanTravelTime="344.45" meanSpeed="22.18" meanSpeedRelative="0.69" duration="87"/>
    <step time="75900.00" loaded="81228" inserted="77766" running="206" waiting="3462" ended="77560" arrived="77560" collisions="176" teleports="176" halting="3" stopped="0" meanWaitingTime="2519.93" meanTravelTime="344.21" meanSpeed="21.80" meanSpeedRelative="0.68" duration="2"/>
    <step time="76200.00" loaded="81423" inserted="77991" running="203" waiting="3432" ended="77788" arrived="77788" collisions="177" teleports="177" halting="3" stopped="0" meanWaitingTime="2533.62" meanTravelTime="344.03" meanSpeed="22.20" meanSpeedRelative="0.69" duration="2"/>
    <step time="76500.00" loaded="81600" inserted="78212" running="207" waiting="3388" ended="78005" arrived="78005" collisions="177" teleports="177" halting="4" stopped="0" meanWaitingTime="2548.08" meanTravelTime="343.83" meanSpeed="21.89" meanSpeedRelative="0.68" duration="2"/>
    <step time="76800.00" loaded="81790" inserted="78437" running="229" waiting="3353" ended="78208" arrived="78208" collisions="177" teleports="177" halting="6" stopped="0" meanWaitingTime="2561.95" meanTravelTime="343.67" meanSpeed="21.53" meanSpeedRelative="0.67" duration="2"/>
    <step time="77100.00" loaded="81999" inserted="78668" running="233" waiting="3331" ended="78435" arrived="78435" collisions="177" teleports="177" halting="4" stopped="0" meanWaitingTime="2573.56" meanTravelTime="343.52" meanSpeed="21.62" meanSpeedRelative="0.68" duration="3"/>
    <step time="77400.00" loaded="82193" inserted="78902" running="206" waiting="3291" ended="78696" arrived="78696" collisions="177" teleports="177" halting="4" stopped="0" meanWaitingTime="2585.88" meanTravelTime="343.35" meanSpeed="22.11" meanSpeedRelative="0.69" duration="1"/>
    <step time="77700.00" loaded="82398" inserted="79150" running="219" waiting="3248" ended="78931" arrived="78931" collisions="177" teleports="177" halting="8" stopped="0" meanWaitingTime="2596.01" meanTravelTime="343.05" meanSpeed="22.07" meanSpeedRelative="0.69" duration="2"/>
    <step time="78000.00" loaded="82596" inserted="79389" running="221" waiting="3207" ended="79168" arrived="79168" collisions="177" teleports="177" halting="4" stopped="0" meanWaitingTime="2606.65" meanTravelTime="342.91" meanSpeed="21.13" meanSpeedRelative="0.66" duration="2"/>
    <step time="78300.00" loaded="82796" inserted="79632" running="233" waiting="3164" ended="79399" arrived="79399" collisions="178" teleports="178" halting="5" stopped="0" meanWaitingTime="2616.63" meanTravelTime="342.74" meanSpeed="22.36" meanSpeedRelative="0.70" duration="2"/>
    <step time="78600.00" loaded="82981" inserted="79867" running="240" waiting="3114" ended="79627" arrived="79627" collisions="179" teleports="179" halting="4" stopped="0" meanWaitingTime="2626.18" meanTravelTime="342.52" meanSpeed="22.72" meanSpeedRelative="0.71" duration="2"/>
    <step time="78900.00" loaded="83165" inserted="80100" running="216" waiting="3065" ended="79884" arrived="79884" collisions="179" teleports="179" halting="8" stopped="0" meanWaitingTime="2635.70" meanTravelTime="342.36" meanSpeed="20.96" meanSpeedRelative="0.66" duration="2"/>
    <step time="79200.00" loaded="83358" inserted="80333" running="211" waiting="3025" ended="80122" arrived="80122" collisions="179" teleports="179" halting="5" stopped="0" meanWaitingTime="2645.31" meanTravelTime="342.20" meanSpeed="21.63" meanSpeedRelative="0.68" duration="86"/>
    <step time="79500.00" loaded="83533" inserted="80550" running="199" waiting="2983" ended="80351" arrived="80351" collisions="179" teleports="179" halting="4" stopped="0" meanWaitingTime="2653.30" meanTravelTime="342.09" meanSpeed="22.15" meanSpeedRelative="0.69" duration="2"/>
    <step time="79800.00" loaded="83714" inserted="80772" running="206" waiting="2942" ended="80566" arrived="80566" collisions="180" teleports="180" halting="6" stopped="0" meanWaitingTime="2661.27" meanTravelTime="341.84" meanSpeed="21.67" meanSpeedRelative="0.68" duration="2"/>
    <step time="80100.00" loaded="83885" inserted="80991" running="217" waiting="2894" ended="80774" arrived="80774" collisions="180" teleports="180" halting="2" stopped="0" meanWaitingTime="2669.23" meanTravelTime="341.69" meanSpeed="21.49" meanSpeedRelative="0.67" duration="2"/>
    <step time="80400.00" loaded="84069" inserted="81213" running="219" waiting="2856" ended="80994" arrived="80994" collisions="180" teleports="180" halting="5" stopped="0" meanWaitingTime="2677.64" meanTravelTime="341.62" meanSpeed="22.24" meanSpeedRelative="0.70" duration="1"/>
    <step time="80700.00" loaded="84230" inserted="81408" running="200" waiting="2822" ended="81208" arrived="81208" collisions="180" teleports="180" halting="9" stopped="0" meanWaitingTime="2685.05" meanTravelTime="341.42" meanSpeed="21.01" meanSpeedRelative="0.66" duration="3"/>
    <step time="81000.00" loaded="84396" inserted="81624" running="187" waiting="2772" ended="81437" arrived="81437" collisions="180" teleports="180" halting="4" stopped="0" meanWaitingTime="2693.89" meanTravelTime="341.31" meanSpeed="21.35" meanSpeedRelative="0.67" duration="2"/>
    <step time="81300.00" loaded="84555" inserted="81835" running="197" waiting="2720" ended="81638" arrived="81638" collisions="180" teleports="180" halting="4" stopped="0" meanWaitingTime="2701.83" meanTravelTime="341.20" meanSpeed="22.85" meanSpeedRelative="0.71" duration="1"/>
    <step time="81600.00" loaded="84735" inserted="82050" running="202" waiting="2685" ended="81848" arrived="81848" collisions="180" teleports="180" halting="4" stopped="0" meanWaitingTime="2708.08" meanTravelTime="341.02" meanSpeed="22.62" meanSpeedRelative="0.71" duration="1"/>
    <step time="81900.00" loaded="84893" inserted="82269" running="200" waiting="2624" ended="82069" arrived="82069" collisions="181" teleports="181" halting="9" stopped="0" meanWaitingTime="2716.18" meanTravelTime="340.88" meanSpeed="21.98" meanSpeedRelative="0.69" duration="1"/>
    <step time="82200.00" loaded="85069" inserted="82497" running="211" waiting="2572" ended="82286" arrived="82286" collisions="181" teleports="181" halting="1" stopped="0" meanWaitingTime="2723.31" meanTravelTime="340.65" meanSpeed="22.91" meanSpeedRelative="0.72" duration="1"/>
    <step time="82500.00" loaded="85221" inserted="82687" running="173" waiting="2534" ended="82514" arrived="82514" collisions="181" teleports="181" halting="2" stopped="0" meanWaitingTime="2729.52" meanTravelTime="340.48" meanSpeed="22.53" meanSpeedRelative="0.70" duration="2"/>
</summary>
