<?xml version="1.0" encoding="UTF-8"?>

<!-- generated on 2025-08-08 12:36:23 by Eclipse SUMO sumo Version 1.23.1
<sumoConfiguration xmlns:xsi="http://www.w3.org/2001/XMLSchema-instance" xsi:noNamespaceSchemaLocation="http://sumo.dlr.de/xsd/sumoConfiguration.xsd">

    <input>
        <net-file value="Desktop\Master Thesis\Network_fin.net.xml"/>
        <route-files value="Desktop\Master Thesis\demand_model_amsterdam.rou.xml"/>
        <additional-files value="Desktop\Master Thesis\Additionnal.add.xml"/>
    </input>

    <output>
        <summary-output value="outputf/summary_coor_alinea_3neigh_method2_K80_target5_66189.xml"/>
        <summary-output.period value="300"/>
        <tripinfo-output value="outputf/tripinfo_coor_alinea_3neigh_method2_K80_target5_66189.xml"/>
    </output>

    <time>
        <begin value="0"/>
        <end value="82800"/>
        <step-length value="1"/>
    </time>

    <processing>
        <time-to-teleport value="-1"/>
    </processing>

    <report>
        <verbose value="true"/>
        <no-step-log value="true"/>
    </report>

    <emissions>
        <device.emissions.period value="10"/>
    </emissions>

    <traci_server>
        <remote-port value="49856"/>
    </traci_server>

    <random_number>
        <seed value="66189"/>
    </random_number>

</sumoConfiguration>
-->

<summary xmlns:xsi="http://www.w3.org/2001/XMLSchema-instance" xsi:noNamespaceSchemaLocation="http://sumo.dlr.de/xsd/summary_file.xsd">
    <step time="0.00" loaded="2" inserted="1" running="1" waiting="1" ended="0" arrived="0" collisions="0" teleports="0" halting="1" stopped="0" meanWaitingTime="0.00" meanTravelTime="-1.00" meanSpeed="0.00" meanSpeedRelative="0.00" duration="1"/>
    <step time="300.00" loaded="188" inserted="188" running="114" waiting="0" ended="74" arrived="74" collisions="0" teleports="0" halting="1" stopped="0" meanWaitingTime="0.77" meanTravelTime="111.73" meanSpeed="25.20" meanSpeedRelative="0.79" duration="1"/>
    <step time="600.00" loaded="367" inserted="367" running="147" waiting="0" ended="220" arrived="220" collisions="0" teleports="0" halting="0" stopped="0" meanWaitingTime="0.50" meanTravelTime="166.80" meanSpeed="25.41" meanSpeedRelative="0.79" duration="1"/>
    <step time="900.00" loaded="564" inserted="564" running="189" waiting="0" ended="375" arrived="375" collisions="0" teleports="0" halting="0" stopped="0" meanWaitingTime="0.47" meanTravelTime="200.72" meanSpeed="25.07" meanSpeedRelative="0.78" duration="2"/>
    <step time="1200.00" loaded="766" inserted="766" running="185" waiting="0" ended="581" arrived="581" collisions="0" teleports="0" halting="1" stopped="0" meanWaitingTime="0.49" meanTravelTime="217.89" meanSpeed="24.43" meanSpeedRelative="0.76" duration="1"/>
    <step time="1500.00" loaded="926" inserted="926" running="153" waiting="0" ended="773" arrived="773" collisions="0" teleports="0" halting="0" stopped="0" meanWaitingTime="0.48" meanTravelTime="235.04" meanSpeed="24.26" meanSpeedRelative="0.76" duration="1"/>
    <step time="1800.00" loaded="1108" inserted="1108" running="173" waiting="0" ended="935" arrived="935" collisions="1" teleports="1" halting="0" stopped="0" meanWaitingTime="0.49" meanTravelTime="241.37" meanSpeed="25.32" meanSpeedRelative="0.79" duration="1"/>
    <step time="2100.00" loaded="1302" inserted="1302" running="169" waiting="0" ended="1133" arrived="1133" collisions="1" teleports="1" halting="3" stopped="0" meanWaitingTime="0.47" meanTravelTime="248.22" meanSpeed="23.72" meanSpeedRelative="0.74" duration="2"/>
    <step time="2400.00" loaded="1497" inserted="1497" running="186" waiting="0" ended="1311" arrived="1311" collisions="1" teleports="1" halting="1" stopped="0" meanWaitingTime="0.48" meanTravelTime="249.44" meanSpeed="25.06" meanSpeedRelative="0.78" duration="1"/>
    <step time="2700.00" loaded="1680" inserted="1680" running="159" waiting="0" ended="1521" arrived="1521" collisions="2" teleports="2" halting="0" stopped="0" meanWaitingTime="0.46" meanTravelTime="254.81" meanSpeed="25.42" meanSpeedRelative="0.79" duration="1"/>
    <step time="3000.00" loaded="1865" inserted="1865" running="161" waiting="0" ended="1704" arrived="1704" collisions="2" teleports="2" halting="0" stopped="0" meanWaitingTime="0.46" meanTravelTime="256.28" meanSpeed="26.10" meanSpeedRelative="0.82" duration="0"/>
    <step time="3300.00" loaded="2033" inserted="2028" running="148" waiting="5" ended="1880" arrived="1880" collisions="2" teleports="2" halting="2" stopped="0" meanWaitingTime="0.57" meanTravelTime="256.83" meanSpeed="24.61" meanSpeedRelative="0.77" duration="1"/>
    <step time="3600.00" loaded="2234" inserted="2216" running="178" waiting="18" ended="2038" arrived="2038" collisions="2" teleports="2" halting="2" stopped="0" meanWaitingTime="1.58" meanTravelTime="258.02" meanSpeed="24.07" meanSpeedRelative="0.75" duration="85"/>
    <step time="3900.00" loaded="2355" inserted="2343" running="112" waiting="12" ended="2231" arrived="2231" collisions="2" teleports="2" halting="3" stopped="0" meanWaitingTime="3.76" meanTravelTime="259.72" meanSpeed="24.75" meanSpeedRelative="0.77" duration="2"/>
    <step time="4200.00" loaded="2464" inserted="2457" running="99" waiting="7" ended="2358" arrived="2358" collisions="2" teleports="2" halting="2" stopped="0" meanWaitingTime="5.32" meanTravelTime="260.03" meanSpeed="23.71" meanSpeedRelative="0.74" duration="0"/>
    <step time="4500.00" loaded="2583" inserted="2567" running="103" waiting="16" ended="2464" arrived="2464" collisions="2" teleports="2" halting="5" stopped="0" meanWaitingTime="5.96" meanTravelTime="261.77" meanSpeed="24.05" meanSpeedRelative="0.75" duration="1"/>
    <step time="4800.00" loaded="2689" inserted="2674" running="100" waiting="15" ended="2574" arrived="2574" collisions="2" teleports="2" halting="3" stopped="0" meanWaitingTime="7.31" meanTravelTime="261.57" meanSpeed="24.22" meanSpeedRelative="0.76" duration="1"/>
    <step time="5100.00" loaded="2794" inserted="2785" running="89" waiting="9" ended="2696" arrived="2696" collisions="3" teleports="3" halting="2" stopped="0" meanWaitingTime="8.67" meanTravelTime="261.57" meanSpeed="23.81" meanSpeedRelative="0.74" duration="1"/>
    <step time="5400.00" loaded="2911" inserted="2910" running="112" waiting="1" ended="2798" arrived="2798" collisions="3" teleports="3" halting="4" stopped="0" meanWaitingTime="9.09" meanTravelTime="261.17" meanSpeed="23.84" meanSpeedRelative="0.74" duration="1"/>
    <step time="5700.00" loaded="3013" inserted="3013" running="99" waiting="0" ended="2914" arrived="2914" collisions="3" teleports="3" halting="1" stopped="0" meanWaitingTime="8.79" meanTravelTime="261.70" meanSpeed="25.90" meanSpeedRelative="0.81" duration="1"/>
    <step time="6000.00" loaded="3119" inserted="3119" running="96" waiting="0" ended="3023" arrived="3023" collisions="3" teleports="3" halting="0" stopped="0" meanWaitingTime="8.50" meanTravelTime="261.43" meanSpeed="26.27" meanSpeedRelative="0.82" duration="0"/>
    <step time="6300.00" loaded="3226" inserted="3226" running="93" waiting="0" ended="3133" arrived="3133" collisions="3" teleports="3" halting="0" stopped="0" meanWaitingTime="8.22" meanTravelTime="261.22" meanSpeed="25.16" meanSpeedRelative="0.79" duration="0"/>
    <step time="6600.00" loaded="3335" inserted="3335" running="85" waiting="0" ended="3250" arrived="3250" collisions="3" teleports="3" halting="2" stopped="0" meanWaitingTime="7.97" meanTravelTime="261.05" meanSpeed="25.81" meanSpeedRelative="0.81" duration="0"/>
    <step time="6900.00" loaded="3440" inserted="3440" running="90" waiting="0" ended="3350" arrived="3350" collisions="3" teleports="3" halting="0" stopped="0" meanWaitingTime="7.73" meanTravelTime="260.81" meanSpeed="26.36" meanSpeedRelative="0.82" duration="1"/>
    <step time="7200.00" loaded="3566" inserted="3566" running="94" waiting="0" ended="3472" arrived="3472" collisions="3" teleports="3" halting="1" stopped="0" meanWaitingTime="7.48" meanTravelTime="260.23" meanSpeed="25.17" meanSpeedRelative="0.79" duration="86"/>
    <step time="7500.00" loaded="3730" inserted="3730" running="120" waiting="0" ended="3610" arrived="3610" collisions="3" teleports="3" halting="2" stopped="0" meanWaitingTime="7.18" meanTravelTime="259.94" meanSpeed="25.04" meanSpeedRelative="0.78" duration="1"/>
    <step time="7800.00" loaded="3896" inserted="3886" running="125" waiting="10" ended="3761" arrived="3761" collisions="4" teleports="4" halting="4" stopped="0" meanWaitingTime="7.04" meanTravelTime="257.91" meanSpeed="24.37" meanSpeedRelative="0.76" duration="1"/>
    <step time="8100.00" loaded="4058" inserted="4041" running="128" waiting="17" ended="3913" arrived="3913" collisions="4" teleports="4" halting="0" stopped="0" meanWaitingTime="7.58" meanTravelTime="258.23" meanSpeed="24.58" meanSpeedRelative="0.77" duration="1"/>
    <step time="8400.00" loaded="4210" inserted="4197" running="140" waiting="13" ended="4057" arrived="4057" collisions="4" teleports="4" halting="2" stopped="0" meanWaitingTime="8.32" meanTravelTime="258.35" meanSpeed="24.19" meanSpeedRelative="0.76" duration="1"/>
    <step time="8700.00" loaded="4369" inserted="4353" running="132" waiting="16" ended="4221" arrived="4221" collisions="5" teleports="5" halting="3" stopped="0" meanWaitingTime="8.96" meanTravelTime="257.36" meanSpeed="24.59" meanSpeedRelative="0.77" duration="1"/>
    <step time="9000.00" loaded="4518" inserted="4496" running="126" waiting="22" ended="4370" arrived="4370" collisions="5" teleports="5" halting="2" stopped="0" meanWaitingTime="9.61" meanTravelTime="257.40" meanSpeed="24.42" meanSpeedRelative="0.76" duration="1"/>
    <step time="9300.00" loaded="4662" inserted="4643" running="118" waiting="19" ended="4525" arrived="4525" collisions="5" teleports="5" halting="2" stopped="0" meanWaitingTime="10.72" meanTravelTime="257.76" meanSpeed="25.33" meanSpeedRelative="0.79" duration="1"/>
    <step time="9600.00" loaded="4822" inserted="4802" running="132" waiting="20" ended="4670" arrived="4670" collisions="5" teleports="5" halting="3" stopped="0" meanWaitingTime="11.49" meanTravelTime="258.20" meanSpeed="24.56" meanSpeedRelative="0.77" duration="1"/>
    <step time="9900.00" loaded="4972" inserted="4947" running="121" waiting="25" ended="4826" arrived="4826" collisions="5" teleports="5" halting="1" stopped="0" meanWaitingTime="12.36" meanTravelTime="258.47" meanSpeed="23.96" meanSpeedRelative="0.75" duration="0"/>
    <step time="10200.00" loaded="5133" inserted="5095" running="113" waiting="38" ended="4982" arrived="4982" collisions="5" teleports="5" halting="1" stopped="0" meanWaitingTime="13.37" meanTravelTime="257.98" meanSpeed="24.40" meanSpeedRelative="0.76" duration="1"/>
    <step time="10500.00" loaded="5273" inserted="5234" running="106" waiting="39" ended="5128" arrived="5128" collisions="5" teleports="5" halting="2" stopped="0" meanWaitingTime="14.65" meanTravelTime="257.54" meanSpeed="23.83" meanSpeedRelative="0.74" duration="1"/>
    <step time="10800.00" loaded="5421" inserted="5369" running="104" waiting="52" ended="5265" arrived="5265" collisions="6" teleports="6" halting="1" stopped="0" meanWaitingTime="16.30" meanTravelTime="257.35" meanSpeed="24.05" meanSpeedRelative="0.75" duration="85"/>
    <step time="11100.00" loaded="5576" inserted="5516" running="131" waiting="60" ended="5385" arrived="5385" collisions="6" teleports="6" halting="1" stopped="0" meanWaitingTime="18.03" meanTravelTime="256.57" meanSpeed="24.32" meanSpeedRelative="0.76" duration="0"/>
    <step time="11400.00" loaded="5729" inserted="5659" running="120" waiting="70" ended="5539" arrived="5539" collisions="6" teleports="6" halting="5" stopped="0" meanWaitingTime="20.21" meanTravelTime="256.97" meanSpeed="23.34" meanSpeedRelative="0.73" duration="1"/>
    <step time="11700.00" loaded="5883" inserted="5811" running="109" waiting="72" ended="5702" arrived="5702" collisions="6" teleports="6" halting="0" stopped="0" meanWaitingTime="22.57" meanTravelTime="256.10" meanSpeed="24.49" meanSpeedRelative="0.77" duration="1"/>
    <step time="12000.00" loaded="6040" inserted="5971" running="119" waiting="69" ended="5852" arrived="5852" collisions="7" teleports="7" halting="2" stopped="0" meanWaitingTime="25.45" meanTravelTime="255.14" meanSpeed="25.46" meanSpeedRelative="0.80" duration="1"/>
    <step time="12300.00" loaded="6184" inserted="6108" running="111" waiting="76" ended="5997" arrived="5997" collisions="7" teleports="7" halting="3" stopped="0" meanWaitingTime="28.21" meanTravelTime="254.52" meanSpeed="24.69" meanSpeedRelative="0.77" duration="1"/>
    <step time="12600.00" loaded="6340" inserted="6260" running="124" waiting="80" ended="6136" arrived="6136" collisions="7" teleports="7" halting="6" stopped="0" meanWaitingTime="30.78" meanTravelTime="254.21" meanSpeed="23.27" meanSpeedRelative="0.73" duration="1"/>
    <step time="12900.00" loaded="6495" inserted="6415" running="115" waiting="80" ended="6300" arrived="6300" collisions="7" teleports="7" halting="0" stopped="0" meanWaitingTime="33.32" meanTravelTime="253.08" meanSpeed="24.16" meanSpeedRelative="0.76" duration="1"/>
    <step time="13200.00" loaded="6661" inserted="6569" running="126" waiting="92" ended="6443" arrived="6443" collisions="7" teleports="7" halting="2" stopped="0" meanWaitingTime="36.28" meanTravelTime="252.54" meanSpeed="24.64" meanSpeedRelative="0.77" duration="1"/>
    <step time="13500.00" loaded="6816" inserted="6725" running="118" waiting="91" ended="6607" arrived="6607" collisions="7" teleports="7" halting="6" stopped="0" meanWaitingTime="38.91" meanTravelTime="252.23" meanSpeed="23.95" meanSpeedRelative="0.75" duration="1"/>
    <step time="13800.00" loaded="6956" inserted="6858" running="101" waiting="98" ended="6757" arrived="6757" collisions="7" teleports="7" halting="1" stopped="0" meanWaitingTime="41.15" meanTravelTime="251.80" meanSpeed="25.21" meanSpeedRelative="0.79" duration="0"/>
    <step time="14100.00" loaded="7092" inserted="6986" running="98" waiting="106" ended="6888" arrived="6888" collisions="7" teleports="7" halting="1" stopped="0" meanWaitingTime="43.85" meanTravelTime="251.47" meanSpeed="25.28" meanSpeedRelative="0.79" duration="1"/>
    <step time="14400.00" loaded="7246" inserted="7131" running="109" waiting="115" ended="7022" arrived="7022" collisions="7" teleports="7" halting="1" stopped="0" meanWaitingTime="47.16" meanTravelTime="251.21" meanSpeed="24.40" meanSpeedRelative="0.76" duration="86"/>
    <step time="14700.00" loaded="7350" inserted="7229" running="81" waiting="121" ended="7148" arrived="7148" collisions="7" teleports="7" halting="1" stopped="0" meanWaitingTime="49.96" meanTravelTime="250.89" meanSpeed="25.19" meanSpeedRelative="0.79" duration="1"/>
    <step time="15000.00" loaded="7446" inserted="7323" running="68" waiting="123" ended="7255" arrived="7255" collisions="7" teleports="7" halting="2" stopped="0" meanWaitingTime="53.19" meanTravelTime="251.12" meanSpeed="24.64" meanSpeedRelative="0.77" duration="1"/>
    <step time="15300.00" loaded="7544" inserted="7423" running="82" waiting="121" ended="7341" arrived="7341" collisions="7" teleports="7" halting="5" stopped="0" meanWaitingTime="56.13" meanTravelTime="250.83" meanSpeed="23.81" meanSpeedRelative="0.74" duration="1"/>
    <step time="15600.00" loaded="7624" inserted="7504" running="73" waiting="120" ended="7431" arrived="7431" collisions="7" teleports="7" halting="4" stopped="0" meanWaitingTime="59.68" meanTravelTime="250.79" meanSpeed="23.46" meanSpeedRelative="0.73" duration="1"/>
    <step time="15900.00" loaded="7722" inserted="7607" running="66" waiting="115" ended="7541" arrived="7541" collisions="7" teleports="7" halting="1" stopped="0" meanWaitingTime="63.29" meanTravelTime="250.41" meanSpeed="23.64" meanSpeedRelative="0.74" duration="0"/>
    <step time="16200.00" loaded="7814" inserted="7703" running="67" waiting="111" ended="7636" arrived="7636" collisions="7" teleports="7" halting="2" stopped="0" meanWaitingTime="67.46" meanTravelTime="250.08" meanSpeed="23.24" meanSpeedRelative="0.73" duration="0"/>
    <step time="16500.00" loaded="7903" inserted="7801" running="76" waiting="102" ended="7725" arrived="7725" collisions="7" teleports="7" halting="5" stopped="0" meanWaitingTime="71.30" meanTravelTime="249.53" meanSpeed="23.78" meanSpeedRelative="0.74" duration="0"/>
    <step time="16800.00" loaded="8002" inserted="7901" running="73" waiting="101" ended="7828" arrived="7828" collisions="7" teleports="7" halting="0" stopped="0" meanWaitingTime="74.79" meanTravelTime="249.16" meanSpeed="24.06" meanSpeedRelative="0.75" duration="0"/>
    <step time="17100.00" loaded="8089" inserted="7999" running="75" waiting="90" ended="7924" arrived="7924" collisions="7" teleports="7" halting="1" stopped="0" meanWaitingTime="78.80" meanTravelTime="249.15" meanSpeed="23.61" meanSpeedRelative="0.74" duration="1"/>
    <step time="17400.00" loaded="8198" inserted="8110" running="85" waiting="88" ended="8025" arrived="8025" collisions="7" teleports="7" halting="5" stopped="0" meanWaitingTime="82.29" meanTravelTime="248.39" meanSpeed="23.39" meanSpeedRelative="0.73" duration="1"/>
    <step time="17700.00" loaded="8291" inserted="8203" running="73" waiting="88" ended="8130" arrived="8130" collisions="7" teleports="7" halting="0" stopped="0" meanWaitingTime="85.61" meanTravelTime="248.73" meanSpeed="23.54" meanSpeedRelative="0.74" duration="1"/>
    <step time="18000.00" loaded="8380" inserted="8296" running="61" waiting="84" ended="8235" arrived="8235" collisions="7" teleports="7" halting="0" stopped="0" meanWaitingTime="88.47" meanTravelTime="248.43" meanSpeed="25.06" meanSpeedRelative="0.78" duration="80"/>
    <step time="18300.00" loaded="8577" inserted="8483" running="115" waiting="94" ended="8368" arrived="8368" collisions="7" teleports="7" halting="3" stopped="0" meanWaitingTime="90.31" meanTravelTime="247.45" meanSpeed="23.82" meanSpeedRelative="0.74" duration="1"/>
    <step time="18600.00" loaded="8783" inserted="8663" running="129" waiting="120" ended="8534" arrived="8534" collisions="7" teleports="7" halting="4" stopped="0" meanWaitingTime="91.13" meanTravelTime="246.21" meanSpeed="24.50" meanSpeedRelative="0.77" duration="1"/>
    <step time="18900.00" loaded="8949" inserted="8827" running="134" waiting="122" ended="8693" arrived="8693" collisions="7" teleports="7" halting="2" stopped="0" meanWaitingTime="92.60" meanTravelTime="246.19" meanSpeed="24.73" meanSpeedRelative="0.77" duration="1"/>
    <step time="19200.00" loaded="9141" inserted="9025" running="157" waiting="116" ended="8868" arrived="8868" collisions="7" teleports="7" halting="3" stopped="0" meanWaitingTime="93.67" meanTravelTime="246.03" meanSpeed="24.73" meanSpeedRelative="0.77" duration="1"/>
    <step time="19500.00" loaded="9326" inserted="9190" running="130" waiting="136" ended="9060" arrived="9060" collisions="7" teleports="7" halting="5" stopped="0" meanWaitingTime="94.78" meanTravelTime="246.02" meanSpeed="24.41" meanSpeedRelative="0.76" duration="1"/>
    <step time="19800.00" loaded="9536" inserted="9380" running="170" waiting="156" ended="9210" arrived="9210" collisions="7" teleports="7" halting="1" stopped="0" meanWaitingTime="96.18" meanTravelTime="245.88" meanSpeed="24.22" meanSpeedRelative="0.76" duration="1"/>
    <step time="20100.00" loaded="9721" inserted="9550" running="157" waiting="171" ended="9393" arrived="9393" collisions="7" teleports="7" halting="1" stopped="0" meanWaitingTime="97.86" meanTravelTime="245.94" meanSpeed="23.89" meanSpeedRelative="0.75" duration="1"/>
    <step time="20400.00" loaded="9910" inserted="9733" running="152" waiting="177" ended="9581" arrived="9581" collisions="7" teleports="7" halting="4" stopped="0" meanWaitingTime="99.78" meanTravelTime="246.10" meanSpeed="23.27" meanSpeedRelative="0.73" duration="1"/>
    <step time="20700.00" loaded="10111" inserted="9912" running="143" waiting="199" ended="9769" arrived="9769" collisions="7" teleports="7" halting="1" stopped="0" meanWaitingTime="101.54" meanTravelTime="246.30" meanSpeed="24.36" meanSpeedRelative="0.76" duration="1"/>
    <step time="21000.00" loaded="10301" inserted="10093" running="135" waiting="208" ended="9958" arrived="9958" collisions="7" teleports="7" halting="3" stopped="0" meanWaitingTime="104.14" meanTravelTime="246.12" meanSpeed="23.90" meanSpeedRelative="0.75" duration="1"/>
    <step time="21300.00" loaded="10484" inserted="10261" running="144" waiting="223" ended="10117" arrived="10117" collisions="7" teleports="7" halting="2" stopped="0" meanWaitingTime="106.60" meanTravelTime="245.88" meanSpeed="24.00" meanSpeedRelative="0.75" duration="1"/>
    <step time="21600.00" loaded="10692" inserted="10465" running="162" waiting="227" ended="10303" arrived="10303" collisions="8" teleports="8" halting="4" stopped="0" meanWaitingTime="109.51" meanTravelTime="245.74" meanSpeed="24.28" meanSpeedRelative="0.76" duration="88"/>
    <step time="21900.00" loaded="11141" inserted="10848" running="329" waiting="293" ended="10519" arrived="10519" collisions="8" teleports="8" halting="3" stopped="0" meanWaitingTime="112.00" meanTravelTime="245.41" meanSpeed="22.85" meanSpeedRelative="0.71" duration="2"/>
    <step time="22200.00" loaded="11608" inserted="11245" running="393" waiting="363" ended="10852" arrived="10852" collisions="11" teleports="11" halting="5" stopped="0" meanWaitingTime="115.18" meanTravelTime="246.31" meanSpeed="21.09" meanSpeedRelative="0.66" duration="3"/>
    <step time="22500.00" loaded="12065" inserted="11614" running="376" waiting="451" ended="11238" arrived="11238" collisions="11" teleports="11" halting="5" stopped="0" meanWaitingTime="119.20" meanTravelTime="247.89" meanSpeed="21.18" meanSpeedRelative="0.66" duration="2"/>
    <step time="22800.00" loaded="12503" inserted="12002" running="430" waiting="501" ended="11572" arrived="11572" collisions="13" teleports="13" halting="11" stopped="0" meanWaitingTime="123.13" meanTravelTime="249.78" meanSpeed="20.77" meanSpeedRelative="0.65" duration="2"/>
    <step time="23100.00" loaded="13003" inserted="12402" running="438" waiting="601" ended="11964" arrived="11964" collisions="15" teleports="15" halting="5" stopped="0" meanWaitingTime="127.51" meanTravelTime="251.69" meanSpeed="20.22" meanSpeedRelative="0.63" duration="2"/>
    <step time="23400.00" loaded="13460" inserted="12781" running="417" waiting="679" ended="12364" arrived="12364" collisions="17" teleports="17" halting="6" stopped="0" meanWaitingTime="132.43" meanTravelTime="254.66" meanSpeed="20.94" meanSpeedRelative="0.65" duration="3"/>
    <step time="23700.00" loaded="13912" inserted="13151" running="423" waiting="761" ended="12728" arrived="12728" collisions="17" teleports="17" halting="3" stopped="0" meanWaitingTime="137.81" meanTravelTime="257.07" meanSpeed="19.85" meanSpeedRelative="0.62" duration="3"/>
    <step time="24000.00" loaded="14387" inserted="13541" running="442" waiting="846" ended="13099" arrived="13099" collisions="18" teleports="18" halting="6" stopped="0" meanWaitingTime="143.83" meanTravelTime="259.68" meanSpeed="20.13" meanSpeedRelative="0.63" duration="2"/>
    <step time="24300.00" loaded="14850" inserted="13915" running="424" waiting="935" ended="13491" arrived="13491" collisions="18" teleports="18" halting="8" stopped="0" meanWaitingTime="151.27" meanTravelTime="261.86" meanSpeed="20.19" meanSpeedRelative="0.63" duration="2"/>
    <step time="24600.00" loaded="15332" inserted="14319" running="433" waiting="1013" ended="13886" arrived="13886" collisions="18" teleports="18" halting="7" stopped="0" meanWaitingTime="159.04" meanTravelTime="264.16" meanSpeed="20.72" meanSpeedRelative="0.65" duration="2"/>
    <step time="24900.00" loaded="15799" inserted="14714" running="431" waiting="1085" ended="14283" arrived="14283" collisions="18" teleports="18" halting="1" stopped="0" meanWaitingTime="167.31" meanTravelTime="265.75" meanSpeed="20.75" meanSpeedRelative="0.65" duration="3"/>
    <step time="25200.00" loaded="16289" inserted="15114" running="445" waiting="1175" ended="14669" arrived="14669" collisions="20" teleports="20" halting="7" stopped="0" meanWaitingTime="176.06" meanTravelTime="267.40" meanSpeed="20.39" meanSpeedRelative="0.64" duration="86"/>
    <step time="25500.00" loaded="16841" inserted="15573" running="504" waiting="1268" ended="15069" arrived="15069" collisions="20" teleports="20" halting="2" stopped="0" meanWaitingTime="186.00" meanTravelTime="268.88" meanSpeed="19.91" meanSpeedRelative="0.62" duration="3"/>
    <step time="25800.00" loaded="17408" inserted="16019" running="516" waiting="1389" ended="15503" arrived="15503" collisions="20" teleports="20" halting="8" stopped="0" meanWaitingTime="196.91" meanTravelTime="270.61" meanSpeed="19.57" meanSpeedRelative="0.61" duration="2"/>
    <step time="26100.00" loaded="17934" inserted="16472" running="525" waiting="1462" ended="15947" arrived="15947" collisions="20" teleports="20" halting="2" stopped="0" meanWaitingTime="208.40" meanTravelTime="272.18" meanSpeed="19.45" meanSpeedRelative="0.61" duration="3"/>
    <step time="26400.00" loaded="18526" inserted="16919" running="525" waiting="1607" ended="16394" arrived="16394" collisions="20" teleports="20" halting="9" stopped="0" meanWaitingTime="218.41" meanTravelTime="274.21" meanSpeed="19.30" meanSpeedRelative="0.60" duration="3"/>
    <step time="26700.00" loaded="19077" inserted="17380" running="527" waiting="1697" ended="16853" arrived="16853" collisions="23" teleports="23" halting="8" stopped="0" meanWaitingTime="229.24" meanTravelTime="276.22" meanSpeed="19.55" meanSpeedRelative="0.61" duration="4"/>
    <step time="27000.00" loaded="19635" inserted="17835" running="520" waiting="1800" ended="17315" arrived="17315" collisions="26" teleports="26" halting="3" stopped="0" meanWaitingTime="241.32" meanTravelTime="277.96" meanSpeed="19.51" meanSpeedRelative="0.61" duration="4"/>
    <step time="27300.00" loaded="20207" inserted="18307" running="547" waiting="1900" ended="17760" arrived="17760" collisions="26" teleports="26" halting="4" stopped="0" meanWaitingTime="254.94" meanTravelTime="279.86" meanSpeed="18.36" meanSpeedRelative="0.57" duration="4"/>
    <step time="27600.00" loaded="20786" inserted="18756" running="512" waiting="2030" ended="18244" arrived="18244" collisions="26" teleports="26" halting="4" stopped="0" meanWaitingTime="265.53" meanTravelTime="281.86" meanSpeed="18.74" meanSpeedRelative="0.59" duration="4"/>
    <step time="27900.00" loaded="21329" inserted="19175" running="507" waiting="2154" ended="18668" arrived="18668" collisions="27" teleports="27" halting="4" stopped="0" meanWaitingTime="277.73" meanTravelTime="283.53" meanSpeed="19.11" meanSpeedRelative="0.60" duration="4"/>
    <step time="28200.00" loaded="21869" inserted="19605" running="507" waiting="2264" ended="19098" arrived="19098" collisions="28" teleports="28" halting="7" stopped="0" meanWaitingTime="289.66" meanTravelTime="284.67" meanSpeed="18.88" meanSpeedRelative="0.59" duration="3"/>
    <step time="28500.00" loaded="22431" inserted="20056" running="528" waiting="2375" ended="19528" arrived="19528" collisions="30" teleports="30" halting="10" stopped="0" meanWaitingTime="303.17" meanTravelTime="286.44" meanSpeed="18.88" meanSpeedRelative="0.59" duration="3"/>
    <step time="28800.00" loaded="22987" inserted="20511" running="511" waiting="2476" ended="20000" arrived="20000" collisions="30" teleports="30" halting="6" stopped="0" meanWaitingTime="315.77" meanTravelTime="287.74" meanSpeed="19.55" meanSpeedRelative="0.61" duration="88"/>
    <step time="29100.00" loaded="23336" inserted="20894" running="458" waiting="2442" ended="20436" arrived="20436" collisions="32" teleports="32" halting="3" stopped="0" meanWaitingTime="329.39" meanTravelTime="288.98" meanSpeed="21.01" meanSpeedRelative="0.66" duration="4"/>
    <step time="29400.00" loaded="23713" inserted="21271" running="428" waiting="2442" ended="20843" arrived="20843" collisions="32" teleports="32" halting="5" stopped="0" meanWaitingTime="342.56" meanTravelTime="290.43" meanSpeed="20.91" meanSpeedRelative="0.65" duration="3"/>
    <step time="29700.00" loaded="24064" inserted="21648" running="402" waiting="2416" ended="21246" arrived="21246" collisions="32" teleports="32" halting="2" stopped="0" meanWaitingTime="356.90" meanTravelTime="291.62" meanSpeed="21.86" meanSpeedRelative="0.68" duration="3"/>
    <step time="30000.00" loaded="24442" inserted="22035" running="403" waiting="2407" ended="21632" arrived="21632" collisions="32" teleports="32" halting="4" stopped="0" meanWaitingTime="371.49" meanTravelTime="292.09" meanSpeed="21.76" meanSpeedRelative="0.68" duration="2"/>
    <step time="30300.00" loaded="24795" inserted="22405" running="380" waiting="2390" ended="22025" arrived="22025" collisions="34" teleports="34" halting="8" stopped="0" meanWaitingTime="385.24" meanTravelTime="292.38" meanSpeed="21.46" meanSpeedRelative="0.67" duration="4"/>
    <step time="30600.00" loaded="25157" inserted="22793" running="390" waiting="2364" ended="22403" arrived="22403" collisions="35" teleports="35" halting="2" stopped="0" meanWaitingTime="398.14" meanTravelTime="292.66" meanSpeed="22.05" meanSpeedRelative="0.69" duration="3"/>
    <step time="30900.00" loaded="25518" inserted="23175" running="398" waiting="2343" ended="22777" arrived="22777" collisions="35" teleports="35" halting="5" stopped="0" meanWaitingTime="411.29" meanTravelTime="292.93" meanSpeed="21.71" meanSpeedRelative="0.68" duration="3"/>
    <step time="31200.00" loaded="25885" inserted="23540" running="364" waiting="2345" ended="23176" arrived="23176" collisions="35" teleports="35" halting="2" stopped="0" meanWaitingTime="424.42" meanTravelTime="293.33" meanSpeed="21.89" meanSpeedRelative="0.68" duration="3"/>
    <step time="31500.00" loaded="26224" inserted="23878" running="323" waiting="2346" ended="23555" arrived="23555" collisions="37" teleports="37" halting="4" stopped="0" meanWaitingTime="435.99" meanTravelTime="293.40" meanSpeed="21.98" meanSpeedRelative="0.69" duration="2"/>
    <step time="31800.00" loaded="26591" inserted="24241" running="350" waiting="2350" ended="23891" arrived="23891" collisions="37" teleports="37" halting="3" stopped="0" meanWaitingTime="447.93" meanTravelTime="293.43" meanSpeed="22.43" meanSpeedRelative="0.70" duration="2"/>
    <step time="32100.00" loaded="26931" inserted="24592" running="342" waiting="2339" ended="24250" arrived="24250" collisions="37" teleports="37" halting="3" stopped="0" meanWaitingTime="460.31" meanTravelTime="293.20" meanSpeed="21.59" meanSpeedRelative="0.67" duration="2"/>
    <step time="32400.00" loaded="27309" inserted="24944" running="338" waiting="2365" ended="24606" arrived="24606" collisions="37" teleports="37" halting="3" stopped="0" meanWaitingTime="471.17" meanTravelTime="293.19" meanSpeed="21.98" meanSpeedRelative="0.69" duration="85"/>
    <step time="32700.00" loaded="27558" inserted="25240" running="300" waiting="2318" ended="24940" arrived="24940" collisions="38" teleports="38" halting="4" stopped="0" meanWaitingTime="483.50" meanTravelTime="293.39" meanSpeed="21.90" meanSpeedRelative="0.68" duration="2"/>
    <step time="33000.00" loaded="27814" inserted="25536" running="282" waiting="2278" ended="25254" arrived="25254" collisions="38" teleports="38" halting="1" stopped="0" meanWaitingTime="495.73" meanTravelTime="293.32" meanSpeed="22.79" meanSpeedRelative="0.71" duration="3"/>
    <step time="33300.00" loaded="28068" inserted="25813" running="267" waiting="2255" ended="25546" arrived="25546" collisions="38" teleports="38" halting="1" stopped="0" meanWaitingTime="508.90" meanTravelTime="293.51" meanSpeed="23.41" meanSpeedRelative="0.73" duration="2"/>
    <step time="33600.00" loaded="28342" inserted="26076" running="231" waiting="2266" ended="25845" arrived="25845" collisions="38" teleports="38" halting="3" stopped="0" meanWaitingTime="522.49" meanTravelTime="293.23" meanSpeed="22.69" meanSpeedRelative="0.71" duration="1"/>
    <step time="33900.00" loaded="28606" inserted="26362" running="246" waiting="2244" ended="26116" arrived="26116" collisions="39" teleports="39" halting="2" stopped="0" meanWaitingTime="535.11" meanTravelTime="293.01" meanSpeed="22.84" meanSpeedRelative="0.71" duration="2"/>
    <step time="34200.00" loaded="28874" inserted="26635" running="243" waiting="2239" ended="26392" arrived="26392" collisions="40" teleports="40" halting="2" stopped="0" meanWaitingTime="549.47" meanTravelTime="292.75" meanSpeed="22.98" meanSpeedRelative="0.72" duration="2"/>
    <step time="34500.00" loaded="29126" inserted="26887" running="225" waiting="2239" ended="26662" arrived="26662" collisions="40" teleports="40" halting="1" stopped="0" meanWaitingTime="563.20" meanTravelTime="292.57" meanSpeed="22.95" meanSpeedRelative="0.72" duration="1"/>
    <step time="34800.00" loaded="29387" inserted="27156" running="236" waiting="2231" ended="26920" arrived="26920" collisions="41" teleports="41" halting="1" stopped="0" meanWaitingTime="576.95" meanTravelTime="292.15" meanSpeed="23.32" meanSpeedRelative="0.73" duration="2"/>
    <step time="35100.00" loaded="29673" inserted="27460" running="257" waiting="2213" ended="27203" arrived="27203" collisions="41" teleports="41" halting="1" stopped="0" meanWaitingTime="592.57" meanTravelTime="291.72" meanSpeed="23.12" meanSpeedRelative="0.72" duration="2"/>
    <step time="35400.00" loaded="29962" inserted="27746" running="276" waiting="2216" ended="27470" arrived="27470" collisions="42" teleports="42" halting="3" stopped="0" meanWaitingTime="605.31" meanTravelTime="291.81" meanSpeed="23.24" meanSpeedRelative="0.73" duration="2"/>
    <step time="35700.00" loaded="30234" inserted="28017" running="244" waiting="2217" ended="27773" arrived="27773" collisions="42" teleports="42" halting="2" stopped="0" meanWaitingTime="619.41" meanTravelTime="291.69" meanSpeed="23.84" meanSpeedRelative="0.75" duration="2"/>
    <step time="36000.00" loaded="30512" inserted="28286" running="236" waiting="2226" ended="28050" arrived="28050" collisions="44" teleports="44" halting="4" stopped="0" meanWaitingTime="633.47" meanTravelTime="291.57" meanSpeed="22.87" meanSpeedRelative="0.71" duration="84"/>
    <step time="36300.00" loaded="31000" inserted="28687" running="356" waiting="2313" ended="28331" arrived="28331" collisions="44" teleports="44" halting="3" stopped="0" meanWaitingTime="645.91" meanTravelTime="291.21" meanSpeed="21.38" meanSpeedRelative="0.67" duration="2"/>
    <step time="36600.00" loaded="31483" inserted="29107" running="429" waiting="2376" ended="28678" arrived="28678" collisions="46" teleports="46" halting="2" stopped="0" meanWaitingTime="658.15" meanTravelTime="290.85" meanSpeed="20.74" meanSpeedRelative="0.65" duration="3"/>
    <step time="36900.00" loaded="31962" inserted="29513" running="411" waiting="2449" ended="29102" arrived="29102" collisions="46" teleports="46" halting="6" stopped="0" meanWaitingTime="669.56" meanTravelTime="290.92" meanSpeed="21.00" meanSpeedRelative="0.66" duration="4"/>
    <step time="37200.00" loaded="32439" inserted="29931" running="427" waiting="2508" ended="29504" arrived="29504" collisions="46" teleports="46" halting="6" stopped="0" meanWaitingTime="681.78" meanTravelTime="291.06" meanSpeed="21.14" meanSpeedRelative="0.66" duration="4"/>
    <step time="37500.00" loaded="32921" inserted="30325" running="430" waiting="2596" ended="29895" arrived="29895" collisions="47" teleports="47" halting="7" stopped="0" meanWaitingTime="693.45" meanTravelTime="291.40" meanSpeed="21.09" meanSpeedRelative="0.66" duration="4"/>
    <step time="37800.00" loaded="33383" inserted="30721" running="423" waiting="2662" ended="30298" arrived="30298" collisions="48" teleports="48" halting="11" stopped="0" meanWaitingTime="705.52" meanTravelTime="291.93" meanSpeed="20.23" meanSpeedRelative="0.63" duration="4"/>
    <step time="38100.00" loaded="33808" inserted="31092" running="407" waiting="2716" ended="30685" arrived="30685" collisions="48" teleports="48" halting="3" stopped="0" meanWaitingTime="718.32" meanTravelTime="292.37" meanSpeed="21.94" meanSpeedRelative="0.69" duration="2"/>
    <step time="38400.00" loaded="34267" inserted="31506" running="417" waiting="2761" ended="31089" arrived="31089" collisions="48" teleports="48" halting="2" stopped="0" meanWaitingTime="730.59" meanTravelTime="292.74" meanSpeed="22.40" meanSpeedRelative="0.70" duration="4"/>
    <step time="38700.00" loaded="34728" inserted="31918" running="419" waiting="2810" ended="31499" arrived="31499" collisions="48" teleports="48" halting="6" stopped="0" meanWaitingTime="743.06" meanTravelTime="292.77" meanSpeed="20.98" meanSpeedRelative="0.66" duration="4"/>
    <step time="39000.00" loaded="35224" inserted="32326" running="417" waiting="2898" ended="31909" arrived="31909" collisions="48" teleports="48" halting="8" stopped="0" meanWaitingTime="754.59" meanTravelTime="293.18" meanSpeed="21.72" meanSpeedRelative="0.68" duration="3"/>
    <step time="39300.00" loaded="35676" inserted="32730" running="433" waiting="2946" ended="32297" arrived="32297" collisions="48" teleports="48" halting="1" stopped="0" meanWaitingTime="766.99" meanTravelTime="293.33" meanSpeed="20.53" meanSpeedRelative="0.64" duration="3"/>
    <step time="39600.00" loaded="36140" inserted="33135" running="444" waiting="3005" ended="32691" arrived="32691" collisions="48" teleports="48" halting="3" stopped="0" meanWaitingTime="778.79" meanTravelTime="293.47" meanSpeed="20.53" meanSpeedRelative="0.64" duration="90"/>
    <step time="39900.00" loaded="36671" inserted="33568" running="473" waiting="3103" ended="33095" arrived="33095" collisions="49" teleports="49" halting="8" stopped="0" meanWaitingTime="790.82" meanTravelTime="293.90" meanSpeed="20.56" meanSpeedRelative="0.64" duration="4"/>
    <step time="40200.00" loaded="37180" inserted="34000" running="460" waiting="3180" ended="33540" arrived="33540" collisions="50" teleports="50" halting="5" stopped="0" meanWaitingTime="802.50" meanTravelTime="294.28" meanSpeed="20.86" meanSpeedRelative="0.65" duration="3"/>
    <step time="40500.00" loaded="37698" inserted="34448" running="509" waiting="3250" ended="33939" arrived="33939" collisions="50" teleports="50" halting="4" stopped="0" meanWaitingTime="813.68" meanTravelTime="294.71" meanSpeed="19.72" meanSpeedRelative="0.62" duration="6"/>
    <step time="40800.00" loaded="38230" inserted="34884" running="483" waiting="3346" ended="34401" arrived="34401" collisions="53" teleports="53" halting="6" stopped="0" meanWaitingTime="823.50" meanTravelTime="295.38" meanSpeed="20.59" meanSpeedRelative="0.64" duration="8"/>
    <step time="41100.00" loaded="38739" inserted="35327" running="483" waiting="3412" ended="34844" arrived="34844" collisions="54" teleports="54" halting="8" stopped="0" meanWaitingTime="835.58" meanTravelTime="295.82" meanSpeed="20.44" meanSpeedRelative="0.64" duration="3"/>
    <step time="41400.00" loaded="39257" inserted="35757" running="492" waiting="3500" ended="35265" arrived="35265" collisions="56" teleports="56" halting="1" stopped="0" meanWaitingTime="847.29" meanTravelTime="296.23" meanSpeed="20.41" meanSpeedRelative="0.64" duration="3"/>
    <step time="41700.00" loaded="39785" inserted="36184" running="490" waiting="3601" ended="35694" arrived="35694" collisions="57" teleports="57" halting="4" stopped="0" meanWaitingTime="858.85" meanTravelTime="296.73" meanSpeed="19.99" meanSpeedRelative="0.62" duration="3"/>
    <step time="42000.00" loaded="40296" inserted="36619" running="505" waiting="3677" ended="36114" arrived="36114" collisions="58" teleports="58" halting="6" stopped="0" meanWaitingTime="869.88" meanTravelTime="297.38" meanSpeed="20.15" meanSpeedRelative="0.63" duration="6"/>
    <step time="42300.00" loaded="40835" inserted="37072" running="499" waiting="3763" ended="36573" arrived="36573" collisions="58" teleports="58" halting="6" stopped="0" meanWaitingTime="883.58" meanTravelTime="297.88" meanSpeed="19.84" meanSpeedRelative="0.62" duration="3"/>
    <step time="42600.00" loaded="41360" inserted="37538" running="486" waiting="3822" ended="37052" arrived="37052" collisions="58" teleports="58" halting="1" stopped="0" meanWaitingTime="897.94" meanTravelTime="298.15" meanSpeed="20.28" meanSpeedRelative="0.63" duration="4"/>
    <step time="42900.00" loaded="41898" inserted="37995" running="496" waiting="3903" ended="37499" arrived="37499" collisions="59" teleports="59" halting="4" stopped="0" meanWaitingTime="908.74" meanTravelTime="298.39" meanSpeed="19.74" meanSpeedRelative="0.62" duration="5"/>
    <step time="43200.00" loaded="42491" inserted="38464" running="537" waiting="4027" ended="37927" arrived="37927" collisions="62" teleports="62" halting="4" stopped="0" meanWaitingTime="920.21" meanTravelTime="298.95" meanSpeed="18.90" meanSpeedRelative="0.59" duration="93"/>
    <step time="43500.00" loaded="43028" inserted="38936" running="535" waiting="4092" ended="38401" arrived="38401" collisions="62" teleports="62" halting="4" stopped="0" meanWaitingTime="934.28" meanTravelTime="299.50" meanSpeed="19.49" meanSpeedRelative="0.61" duration="3"/>
    <step time="43800.00" loaded="43583" inserted="39394" running="536" waiting="4189" ended="38858" arrived="38858" collisions="62" teleports="62" halting="2" stopped="0" meanWaitingTime="946.69" meanTravelTime="299.91" meanSpeed="20.16" meanSpeedRelative="0.63" duration="5"/>
    <step time="44100.00" loaded="44092" inserted="39846" running="526" waiting="4246" ended="39320" arrived="39320" collisions="64" teleports="64" halting="4" stopped="0" meanWaitingTime="960.65" meanTravelTime="300.46" meanSpeed="19.08" meanSpeedRelative="0.60" duration="5"/>
    <step time="44400.00" loaded="44606" inserted="40318" running="544" waiting="4288" ended="39774" arrived="39774" collisions="66" teleports="66" halting="9" stopped="0" meanWaitingTime="972.01" meanTravelTime="301.06" meanSpeed="19.09" meanSpeedRelative="0.60" duration="5"/>
    <step time="44700.00" loaded="45176" inserted="40796" running="577" waiting="4380" ended="40219" arrived="40219" collisions="66" teleports="66" halting="8" stopped="0" meanWaitingTime="983.49" meanTravelTime="301.61" meanSpeed="18.12" meanSpeedRelative="0.57" duration="6"/>
    <step time="45000.00" loaded="45766" inserted="41263" running="578" waiting="4503" ended="40685" arrived="40685" collisions="68" teleports="68" halting="3" stopped="0" meanWaitingTime="996.10" meanTravelTime="302.34" meanSpeed="18.92" meanSpeedRelative="0.59" duration="5"/>
    <step time="45300.00" loaded="46298" inserted="41706" running="581" waiting="4592" ended="41125" arrived="41125" collisions="70" teleports="70" halting="4" stopped="0" meanWaitingTime="1008.85" meanTravelTime="303.21" meanSpeed="18.34" meanSpeedRelative="0.57" duration="4"/>
    <step time="45600.00" loaded="46849" inserted="42186" running="598" waiting="4663" ended="41588" arrived="41588" collisions="76" teleports="76" halting="6" stopped="0" meanWaitingTime="1021.07" meanTravelTime="304.12" meanSpeed="18.02" meanSpeedRelative="0.56" duration="5"/>
    <step time="45900.00" loaded="47390" inserted="42640" running="588" waiting="4750" ended="42052" arrived="42052" collisions="78" teleports="78" halting="5" stopped="0" meanWaitingTime="1032.83" meanTravelTime="304.84" meanSpeed="18.67" meanSpeedRelative="0.58" duration="4"/>
    <step time="46200.00" loaded="47917" inserted="43098" running="560" waiting="4819" ended="42538" arrived="42538" collisions="78" teleports="78" halting="5" stopped="0" meanWaitingTime="1046.05" meanTravelTime="305.77" meanSpeed="19.10" meanSpeedRelative="0.60" duration="4"/>
    <step time="46500.00" loaded="48475" inserted="43580" running="577" waiting="4895" ended="43003" arrived="43003" collisions="80" teleports="80" halting="6" stopped="0" meanWaitingTime="1058.38" meanTravelTime="306.33" meanSpeed="18.91" meanSpeedRelative="0.59" duration="5"/>
    <step time="46800.00" loaded="49002" inserted="44053" running="592" waiting="4949" ended="43461" arrived="43461" collisions="80" teleports="80" halting="2" stopped="0" meanWaitingTime="1070.13" meanTravelTime="307.15" meanSpeed="18.91" meanSpeedRelative="0.59" duration="95"/>
    <step time="47100.00" loaded="49541" inserted="44527" running="590" waiting="5014" ended="43937" arrived="43937" collisions="83" teleports="83" halting="2" stopped="0" meanWaitingTime="1082.98" meanTravelTime="307.68" meanSpeed="18.00" meanSpeedRelative="0.56" duration="5"/>
    <step time="47400.00" loaded="50038" inserted="44982" running="606" waiting="5056" ended="44376" arrived="44376" collisions="84" teleports="84" halting="4" stopped="0" meanWaitingTime="1095.84" meanTravelTime="308.43" meanSpeed="18.61" meanSpeedRelative="0.58" duration="5"/>
    <step time="47700.00" loaded="50570" inserted="45419" running="566" waiting="5151" ended="44853" arrived="44853" collisions="84" teleports="84" halting="4" stopped="0" meanWaitingTime="1107.64" meanTravelTime="309.31" meanSpeed="18.77" meanSpeedRelative="0.59" duration="4"/>
    <step time="48000.00" loaded="51078" inserted="45883" running="575" waiting="5195" ended="45308" arrived="45308" collisions="87" teleports="87" halting="4" stopped="0" meanWaitingTime="1121.09" meanTravelTime="310.11" meanSpeed="18.39" meanSpeedRelative="0.57" duration="5"/>
    <step time="48300.00" loaded="51610" inserted="46356" running="585" waiting="5254" ended="45771" arrived="45771" collisions="88" teleports="88" halting="3" stopped="0" meanWaitingTime="1132.97" meanTravelTime="310.50" meanSpeed="19.00" meanSpeedRelative="0.59" duration="5"/>
    <step time="48600.00" loaded="52161" inserted="46860" running="603" waiting="5301" ended="46257" arrived="46257" collisions="89" teleports="89" halting="4" stopped="0" meanWaitingTime="1145.16" meanTravelTime="311.13" meanSpeed="18.50" meanSpeedRelative="0.58" duration="6"/>
    <step time="48900.00" loaded="52683" inserted="47312" running="567" waiting="5371" ended="46745" arrived="46745" collisions="90" teleports="90" halting="9" stopped="0" meanWaitingTime="1157.70" meanTravelTime="311.67" meanSpeed="18.75" meanSpeedRelative="0.59" duration="5"/>
    <step time="49200.00" loaded="53199" inserted="47791" running="576" waiting="5408" ended="47215" arrived="47215" collisions="91" teleports="91" halting="2" stopped="0" meanWaitingTime="1169.26" meanTravelTime="312.19" meanSpeed="18.72" meanSpeedRelative="0.58" duration="6"/>
    <step time="49500.00" loaded="53717" inserted="48259" running="571" waiting="5458" ended="47688" arrived="47688" collisions="92" teleports="92" halting="4" stopped="0" meanWaitingTime="1182.99" meanTravelTime="312.70" meanSpeed="19.05" meanSpeedRelative="0.60" duration="6"/>
    <step time="49800.00" loaded="54299" inserted="48738" running="587" waiting="5561" ended="48151" arrived="48151" collisions="93" teleports="93" halting="5" stopped="0" meanWaitingTime="1197.31" meanTravelTime="313.36" meanSpeed="19.31" meanSpeedRelative="0.60" duration="4"/>
    <step time="50100.00" loaded="54817" inserted="49201" running="583" waiting="5616" ended="48618" arrived="48618" collisions="96" teleports="96" halting="6" stopped="0" meanWaitingTime="1209.34" meanTravelTime="313.79" meanSpeed="18.75" meanSpeedRelative="0.59" duration="5"/>
    <step time="50400.00" loaded="55348" inserted="49674" running="606" waiting="5674" ended="49068" arrived="49068" collisions="98" teleports="98" halting="5" stopped="0" meanWaitingTime="1221.77" meanTravelTime="314.20" meanSpeed="18.94" meanSpeedRelative="0.59" duration="93"/>
    <step time="50700.00" loaded="56088" inserted="50224" running="681" waiting="5864" ended="49543" arrived="49543" collisions="98" teleports="98" halting="8" stopped="0" meanWaitingTime="1233.47" meanTravelTime="314.91" meanSpeed="17.43" meanSpeedRelative="0.54" duration="5"/>
    <step time="51000.00" loaded="56804" inserted="50746" running="710" waiting="6058" ended="50036" arrived="50036" collisions="99" teleports="99" halting="6" stopped="0" meanWaitingTime="1245.82" meanTravelTime="315.69" meanSpeed="16.85" meanSpeedRelative="0.53" duration="6"/>
    <step time="51300.00" loaded="57518" inserted="51276" running="768" waiting="6242" ended="50508" arrived="50508" collisions="102" teleports="102" halting="7" stopped="0" meanWaitingTime="1256.02" meanTravelTime="316.49" meanSpeed="16.36" meanSpeedRelative="0.51" duration="6"/>
    <step time="51600.00" loaded="58228" inserted="51789" running="777" waiting="6439" ended="51012" arrived="51012" collisions="105" teleports="105" halting="9" stopped="0" meanWaitingTime="1268.57" meanTravelTime="317.54" meanSpeed="15.72" meanSpeedRelative="0.49" duration="6"/>
    <step time="51900.00" loaded="58903" inserted="52267" running="753" waiting="6636" ended="51514" arrived="51514" collisions="107" teleports="107" halting="2" stopped="0" meanWaitingTime="1279.57" meanTravelTime="318.89" meanSpeed="15.22" meanSpeedRelative="0.48" duration="7"/>
    <step time="52200.00" loaded="59677" inserted="52847" running="818" waiting="6830" ended="52029" arrived="52029" collisions="109" teleports="109" halting="9" stopped="0" meanWaitingTime="1292.01" meanTravelTime="320.33" meanSpeed="14.86" meanSpeedRelative="0.46" duration="8"/>
    <step time="52500.00" loaded="60388" inserted="53401" running="848" waiting="6987" ended="52553" arrived="52553" collisions="112" teleports="112" halting="3" stopped="0" meanWaitingTime="1306.35" meanTravelTime="321.55" meanSpeed="13.84" meanSpeedRelative="0.43" duration="8"/>
    <step time="52800.00" loaded="61115" inserted="53913" running="864" waiting="7202" ended="53049" arrived="53049" collisions="113" teleports="113" halting="4" stopped="0" meanWaitingTime="1316.18" meanTravelTime="323.16" meanSpeed="13.84" meanSpeedRelative="0.43" duration="11"/>
    <step time="53100.00" loaded="61865" inserted="54460" running="910" waiting="7405" ended="53550" arrived="53550" collisions="118" teleports="118" halting="12" stopped="0" meanWaitingTime="1329.76" meanTravelTime="324.37" meanSpeed="13.47" meanSpeedRelative="0.42" duration="13"/>
    <step time="53400.00" loaded="62592" inserted="54979" running="926" waiting="7613" ended="54053" arrived="54053" collisions="118" teleports="118" halting="13" stopped="0" meanWaitingTime="1343.74" meanTravelTime="326.01" meanSpeed="12.91" meanSpeedRelative="0.40" duration="8"/>
    <step time="53700.00" loaded="63311" inserted="55485" running="904" waiting="7826" ended="54581" arrived="54581" collisions="120" teleports="120" halting="9" stopped="0" meanWaitingTime="1359.40" meanTravelTime="327.89" meanSpeed="12.57" meanSpeedRelative="0.39" duration="9"/>
    <step time="54000.00" loaded="64054" inserted="55998" running="912" waiting="8056" ended="55086" arrived="55086" collisions="121" teleports="121" halting="3" stopped="0" meanWaitingTime="1372.24" meanTravelTime="329.95" meanSpeed="12.78" meanSpeedRelative="0.40" duration="97"/>
    <step time="54300.00" loaded="64513" inserted="56445" running="850" waiting="8068" ended="55595" arrived="55595" collisions="123" teleports="123" halting="7" stopped="0" meanWaitingTime="1386.54" meanTravelTime="331.94" meanSpeed="12.81" meanSpeedRelative="0.40" duration="9"/>
    <step time="54600.00" loaded="64982" inserted="56959" running="859" waiting="8023" ended="56100" arrived="56100" collisions="125" teleports="125" halting="9" stopped="0" meanWaitingTime="1402.09" meanTravelTime="333.70" meanSpeed="14.00" meanSpeedRelative="0.44" duration="11"/>
    <step time="54900.00" loaded="65462" inserted="57444" running="826" waiting="8018" ended="56618" arrived="56618" collisions="127" teleports="127" halting="7" stopped="0" meanWaitingTime="1419.82" meanTravelTime="335.33" meanSpeed="14.08" meanSpeedRelative="0.44" duration="10"/>
    <step time="55200.00" loaded="65911" inserted="57877" running="762" waiting="8034" ended="57115" arrived="57115" collisions="128" teleports="128" halting="14" stopped="0" meanWaitingTime="1435.88" meanTravelTime="336.90" meanSpeed="14.07" meanSpeedRelative="0.44" duration="12"/>
    <step time="55500.00" loaded="66361" inserted="58311" running="725" waiting="8050" ended="57586" arrived="57586" collisions="130" teleports="130" halting="4" stopped="0" meanWaitingTime="1452.69" meanTravelTime="338.15" meanSpeed="15.39" meanSpeedRelative="0.48" duration="9"/>
    <step time="55800.00" loaded="66834" inserted="58766" running="676" waiting="8068" ended="58090" arrived="58090" collisions="132" teleports="132" halting="5" stopped="0" meanWaitingTime="1470.19" meanTravelTime="339.57" meanSpeed="16.57" meanSpeedRelative="0.52" duration="8"/>
    <step time="56100.00" loaded="67284" inserted="59200" running="595" waiting="8084" ended="58605" arrived="58605" collisions="134" teleports="134" halting="6" stopped="0" meanWaitingTime="1488.77" meanTravelTime="340.57" meanSpeed="17.26" meanSpeedRelative="0.54" duration="5"/>
    <step time="56400.00" loaded="67713" inserted="59641" running="585" waiting="8072" ended="59056" arrived="59056" collisions="136" teleports="136" halting="7" stopped="0" meanWaitingTime="1507.06" meanTravelTime="341.31" meanSpeed="17.71" meanSpeedRelative="0.55" duration="7"/>
    <step time="56700.00" loaded="68195" inserted="60097" running="610" waiting="8098" ended="59487" arrived="59487" collisions="137" teleports="137" halting="4" stopped="0" meanWaitingTime="1522.59" meanTravelTime="341.81" meanSpeed="17.57" meanSpeedRelative="0.55" duration="7"/>
    <step time="57000.00" loaded="68631" inserted="60546" running="596" waiting="8085" ended="59950" arrived="59950" collisions="139" teleports="139" halting="5" stopped="0" meanWaitingTime="1540.43" meanTravelTime="342.23" meanSpeed="18.00" meanSpeedRelative="0.56" duration="8"/>
    <step time="57300.00" loaded="69093" inserted="61001" running="611" waiting="8092" ended="60390" arrived="60390" collisions="141" teleports="141" halting="4" stopped="0" meanWaitingTime="1557.26" meanTravelTime="342.52" meanSpeed="17.96" meanSpeedRelative="0.56" duration="8"/>
    <step time="57600.00" loaded="69550" inserted="61433" running="577" waiting="8117" ended="60856" arrived="60856" collisions="141" teleports="141" halting="13" stopped="0" meanWaitingTime="1574.16" meanTravelTime="342.98" meanSpeed="17.45" meanSpeedRelative="0.55" duration="86"/>
    <step time="57900.00" loaded="70123" inserted="61921" running="621" waiting="8202" ended="61300" arrived="61300" collisions="144" teleports="144" halting="5" stopped="0" meanWaitingTime="1591.51" meanTravelTime="343.38" meanSpeed="18.32" meanSpeedRelative="0.57" duration="7"/>
    <step time="58200.00" loaded="70623" inserted="62389" running="594" waiting="8234" ended="61795" arrived="61795" collisions="146" teleports="146" halting="7" stopped="0" meanWaitingTime="1607.71" meanTravelTime="343.83" meanSpeed="18.12" meanSpeedRelative="0.57" duration="6"/>
    <step time="58500.00" loaded="71182" inserted="62875" running="604" waiting="8307" ended="62271" arrived="62271" collisions="148" teleports="148" halting="7" stopped="0" meanWaitingTime="1622.98" meanTravelTime="344.09" meanSpeed="18.05" meanSpeedRelative="0.56" duration="6"/>
    <step time="58800.00" loaded="71733" inserted="63350" running="600" waiting="8383" ended="62750" arrived="62750" collisions="149" teleports="149" halting="8" stopped="0" meanWaitingTime="1638.55" meanTravelTime="344.16" meanSpeed="18.58" meanSpeedRelative="0.58" duration="7"/>
    <step time="59100.00" loaded="72304" inserted="63852" running="622" waiting="8452" ended="63230" arrived="63230" collisions="150" teleports="150" halting="6" stopped="0" meanWaitingTime="1656.18" meanTravelTime="344.43" meanSpeed="17.97" meanSpeedRelative="0.56" duration="9"/>
    <step time="59400.00" loaded="72876" inserted="64375" running="689" waiting="8501" ended="63686" arrived="63686" collisions="154" teleports="154" halting="6" stopped="0" meanWaitingTime="1671.62" meanTravelTime="344.56" meanSpeed="17.24" meanSpeedRelative="0.54" duration="8"/>
    <step time="59700.00" loaded="73451" inserted="64864" running="688" waiting="8587" ended="64176" arrived="64176" collisions="156" teleports="156" halting="6" stopped="0" meanWaitingTime="1687.03" meanTravelTime="345.07" meanSpeed="17.12" meanSpeedRelative="0.54" duration="10"/>
    <step time="60000.00" loaded="73995" inserted="65325" running="665" waiting="8670" ended="64660" arrived="64660" collisions="159" teleports="159" halting="9" stopped="0" meanWaitingTime="1702.60" meanTravelTime="345.63" meanSpeed="16.92" meanSpeedRelative="0.53" duration="10"/>
    <step time="60300.00" loaded="74601" inserted="65801" running="694" waiting="8800" ended="65107" arrived="65107" collisions="161" teleports="161" halting="10" stopped="0" meanWaitingTime="1715.83" meanTravelTime="346.24" meanSpeed="16.30" meanSpeedRelative="0.51" duration="6"/>
    <step time="60600.00" loaded="75163" inserted="66287" running="708" waiting="8876" ended="65579" arrived="65579" collisions="163" teleports="163" halting="2" stopped="0" meanWaitingTime="1729.51" meanTravelTime="346.82" meanSpeed="16.63" meanSpeedRelative="0.52" duration="9"/>
    <step time="60900.00" loaded="75726" inserted="66755" running="661" waiting="8971" ended="66094" arrived="66094" collisions="164" teleports="164" halting="10" stopped="0" meanWaitingTime="1745.57" meanTravelTime="347.54" meanSpeed="17.21" meanSpeedRelative="0.54" duration="9"/>
    <step time="61200.00" loaded="76269" inserted="67251" running="671" waiting="9018" ended="66580" arrived="66580" collisions="168" teleports="168" halting="6" stopped="0" meanWaitingTime="1759.99" meanTravelTime="348.03" meanSpeed="17.62" meanSpeedRelative="0.55" duration="89"/>
    <step time="61500.00" loaded="76331" inserted="67575" running="564" waiting="8756" ended="67011" arrived="67011" collisions="169" teleports="169" halting="7" stopped="0" meanWaitingTime="1781.19" meanTravelTime="348.67" meanSpeed="18.10" meanSpeedRelative="0.57" duration="7"/>
    <step time="61800.00" loaded="76417" inserted="67922" running="501" waiting="8495" ended="67421" arrived="67421" collisions="170" teleports="170" halting="7" stopped="0" meanWaitingTime="1803.57" meanTravelTime="349.21" meanSpeed="18.70" meanSpeedRelative="0.58" duration="5"/>
    <step time="62100.00" loaded="76481" inserted="68256" running="455" waiting="8225" ended="67801" arrived="67801" collisions="171" teleports="171" halting="4" stopped="0" meanWaitingTime="1826.23" meanTravelTime="349.88" meanSpeed="19.43" meanSpeedRelative="0.61" duration="7"/>
    <step time="62400.00" loaded="76557" inserted="68600" running="446" waiting="7957" ended="68154" arrived="68154" collisions="171" teleports="171" halting="2" stopped="0" meanWaitingTime="1849.54" meanTravelTime="350.14" meanSpeed="19.59" meanSpeedRelative="0.61" duration="4"/>
    <step time="62700.00" loaded="76624" inserted="68949" running="446" waiting="7675" ended="68503" arrived="68503" collisions="171" teleports="171" halting="12" stopped="0" meanWaitingTime="1873.21" meanTravelTime="350.39" meanSpeed="19.29" meanSpeedRelative="0.60" duration="4"/>
    <step time="63000.00" loaded="76692" inserted="69298" running="446" waiting="7394" ended="68852" arrived="68852" collisions="172" teleports="172" halting="3" stopped="0" meanWaitingTime="1896.94" meanTravelTime="350.42" meanSpeed="19.59" meanSpeedRelative="0.61" duration="5"/>
    <step time="63300.00" loaded="76767" inserted="69621" running="392" waiting="7146" ended="69229" arrived="69229" collisions="173" teleports="173" halting="4" stopped="0" meanWaitingTime="1921.55" meanTravelTime="350.58" meanSpeed="19.52" meanSpeedRelative="0.61" duration="3"/>
    <step time="63600.00" loaded="76856" inserted="69888" running="317" waiting="6968" ended="69571" arrived="69571" collisions="176" teleports="176" halting="4" stopped="0" meanWaitingTime="1942.87" meanTravelTime="350.71" meanSpeed="19.12" meanSpeedRelative="0.60" duration="4"/>
    <step time="63900.00" loaded="76935" inserted="70097" running="257" waiting="6838" ended="69840" arrived="69840" collisions="176" teleports="176" halting="6" stopped="0" meanWaitingTime="1959.19" meanTravelTime="350.78" meanSpeed="20.93" meanSpeedRelative="0.65" duration="3"/>
    <step time="64200.00" loaded="77003" inserted="70318" running="262" waiting="6685" ended="70056" arrived="70056" collisions="177" teleports="177" halting="0" stopped="0" meanWaitingTime="1976.86" meanTravelTime="350.92" meanSpeed="20.68" meanSpeedRelative="0.65" duration="3"/>
    <step time="64500.00" loaded="77065" inserted="70519" running="214" waiting="6546" ended="70305" arrived="70305" collisions="178" teleports="178" halting="4" stopped="0" meanWaitingTime="1993.69" meanTravelTime="350.89" meanSpeed="21.76" meanSpeedRelative="0.68" duration="3"/>
    <step time="64800.00" loaded="77118" inserted="70727" running="210" waiting="6391" ended="70517" arrived="70517" collisions="179" teleports="179" halting="6" stopped="0" meanWaitingTime="2013.89" meanTravelTime="350.80" meanSpeed="21.00" meanSpeedRelative="0.66" duration="98"/>
    <step time="65100.00" loaded="77168" inserted="70933" running="214" waiting="6235" ended="70719" arrived="70719" collisions="179" teleports="179" halting="6" stopped="0" meanWaitingTime="2034.00" meanTravelTime="350.67" meanSpeed="21.64" meanSpeedRelative="0.68" duration="2"/>
    <step time="65400.00" loaded="77209" inserted="71171" running="223" waiting="6038" ended="70948" arrived="70948" collisions="179" teleports="179" halting="2" stopped="0" meanWaitingTime="2058.97" meanTravelTime="350.53" meanSpeed="21.70" meanSpeedRelative="0.68" duration="2"/>
    <step time="65700.00" loaded="77269" inserted="71373" running="235" waiting="5896" ended="71138" arrived="71138" collisions="179" teleports="179" halting="1" stopped="0" meanWaitingTime="2074.94" meanTravelTime="350.40" meanSpeed="21.68" meanSpeedRelative="0.68" duration="2"/>
    <step time="66000.00" loaded="77311" inserted="71571" running="220" waiting="5740" ended="71351" arrived="71351" collisions="179" teleports="179" halting="3" stopped="0" meanWaitingTime="2093.05" meanTravelTime="350.40" meanSpeed="22.01" meanSpeedRelative="0.69" duration="3"/>
    <step time="66300.00" loaded="77362" inserted="71775" running="203" waiting="5587" ended="71572" arrived="71572" collisions="180" teleports="180" halting="4" stopped="0" meanWaitingTime="2111.47" meanTravelTime="350.23" meanSpeed="22.58" meanSpeedRelative="0.71" duration="3"/>
    <step time="66600.00" loaded="77417" inserted="71933" running="139" waiting="5484" ended="71794" arrived="71794" collisions="180" teleports="180" halting="1" stopped="0" meanWaitingTime="2131.24" meanTravelTime="350.08" meanSpeed="21.29" meanSpeedRelative="0.67" duration="4"/>
    <step time="66900.00" loaded="77472" inserted="72084" running="127" waiting="5388" ended="71957" arrived="71957" collisions="180" teleports="180" halting="2" stopped="0" meanWaitingTime="2149.12" meanTravelTime="349.97" meanSpeed="21.29" meanSpeedRelative="0.67" duration="1"/>
    <step time="67200.00" loaded="77526" inserted="72224" running="122" waiting="5302" ended="72102" arrived="72102" collisions="180" teleports="180" halting="4" stopped="0" meanWaitingTime="2164.90" meanTravelTime="349.81" meanSpeed="20.26" meanSpeedRelative="0.63" duration="2"/>
    <step time="67500.00" loaded="77575" inserted="72366" running="105" waiting="5209" ended="72261" arrived="72261" collisions="180" teleports="180" halting="3" stopped="0" meanWaitingTime="2183.43" meanTravelTime="349.56" meanSpeed="20.17" meanSpeedRelative="0.63" duration="2"/>
    <step time="67800.00" loaded="77631" inserted="72497" running="111" waiting="5134" ended="72386" arrived="72386" collisions="180" teleports="180" halting="3" stopped="0" meanWaitingTime="2197.88" meanTravelTime="349.40" meanSpeed="22.23" meanSpeedRelative="0.69" duration="2"/>
    <step time="68100.00" loaded="77680" inserted="72651" running="117" waiting="5029" ended="72534" arrived="72534" collisions="180" teleports="180" halting="6" stopped="0" meanWaitingTime="2217.64" meanTravelTime="349.18" meanSpeed="21.15" meanSpeedRelative="0.66" duration="2"/>
    <step time="68400.00" loaded="77716" inserted="72809" running="117" waiting="4907" ended="72692" arrived="72692" collisions="180" teleports="180" halting="3" stopped="0" meanWaitingTime="2238.88" meanTravelTime="348.85" meanSpeed="20.09" meanSpeedRelative="0.63" duration="96"/>
    <step time="68700.00" loaded="77870" inserted="73002" running="159" waiting="4868" ended="72843" arrived="72843" collisions="180" teleports="180" halting="2" stopped="0" meanWaitingTime="2251.20" meanTravelTime="348.63" meanSpeed="21.62" meanSpeedRelative="0.68" duration="2"/>
    <step time="69000.00" loaded="78036" inserted="73215" running="194" waiting="4821" ended="73021" arrived="73021" collisions="180" teleports="180" halting="4" stopped="0" meanWaitingTime="2264.45" meanTravelTime="348.37" meanSpeed="22.04" meanSpeedRelative="0.69" duration="2"/>
    <step time="69300.00" loaded="78187" inserted="73414" running="194" waiting="4773" ended="73220" arrived="73220" collisions="180" teleports="180" halting="8" stopped="0" meanWaitingTime="2277.62" meanTravelTime="348.19" meanSpeed="22.11" meanSpeedRelative="0.69" duration="2"/>
    <step time="69600.00" loaded="78340" inserted="73624" running="181" waiting="4716" ended="73443" arrived="73443" collisions="180" teleports="180" halting="3" stopped="0" meanWaitingTime="2291.88" meanTravelTime="347.93" meanSpeed="22.57" meanSpeedRelative="0.71" duration="2"/>
    <step time="69900.00" loaded="78495" inserted="73827" running="183" waiting="4668" ended="73644" arrived="73644" collisions="181" teleports="181" halting="4" stopped="0" meanWaitingTime="2306.66" meanTravelTime="347.77" meanSpeed="22.22" meanSpeedRelative="0.69" duration="2"/>
    <step time="70200.00" loaded="78658" inserted="74038" running="207" waiting="4620" ended="73831" arrived="73831" collisions="181" teleports="181" halting="5" stopped="0" meanWaitingTime="2320.51" meanTravelTime="347.56" meanSpeed="21.82" meanSpeedRelative="0.68" duration="3"/>
    <step time="70500.00" loaded="78839" inserted="74257" running="200" waiting="4582" ended="74057" arrived="74057" collisions="181" teleports="181" halting="4" stopped="0" meanWaitingTime="2333.89" meanTravelTime="347.33" meanSpeed="21.60" meanSpeedRelative="0.68" duration="2"/>
    <step time="70800.00" loaded="78995" inserted="74466" running="205" waiting="4529" ended="74261" arrived="74261" collisions="181" teleports="181" halting="5" stopped="0" meanWaitingTime="2347.70" meanTravelTime="347.16" meanSpeed="22.21" meanSpeedRelative="0.69" duration="2"/>
    <step time="71100.00" loaded="79134" inserted="74660" running="186" waiting="4474" ended="74474" arrived="74474" collisions="181" teleports="181" halting="5" stopped="0" meanWaitingTime="2362.10" meanTravelTime="346.99" meanSpeed="21.60" meanSpeedRelative="0.68" duration="2"/>
    <step time="71400.00" loaded="79295" inserted="74874" running="187" waiting="4421" ended="74687" arrived="74687" collisions="181" teleports="181" halting="9" stopped="0" meanWaitingTime="2376.82" meanTravelTime="346.83" meanSpeed="21.68" meanSpeedRelative="0.68" duration="2"/>
    <step time="71700.00" loaded="79426" inserted="75064" running="181" waiting="4362" ended="74883" arrived="74883" collisions="181" teleports="181" halting="2" stopped="0" meanWaitingTime="2392.47" meanTravelTime="346.65" meanSpeed="21.69" meanSpeedRelative="0.68" duration="2"/>
    <step time="72000.00" loaded="79590" inserted="75286" running="192" waiting="4304" ended="75094" arrived="75094" collisions="182" teleports="182" halting="3" stopped="0" meanWaitingTime="2407.29" meanTravelTime="346.42" meanSpeed="21.13" meanSpeedRelative="0.66" duration="86"/>
    <step time="72300.00" loaded="79721" inserted="75485" running="189" waiting="4236" ended="75296" arrived="75296" collisions="182" teleports="182" halting="4" stopped="0" meanWaitingTime="2423.78" meanTravelTime="346.22" meanSpeed="21.49" meanSpeedRelative="0.67" duration="3"/>
    <step time="72600.00" loaded="79856" inserted="75674" running="181" waiting="4182" ended="75493" arrived="75493" collisions="182" teleports="182" halting="8" stopped="0" meanWaitingTime="2438.68" meanTravelTime="346.04" meanSpeed="22.13" meanSpeedRelative="0.69" duration="2"/>
    <step time="72900.00" loaded="79984" inserted="75863" running="159" waiting="4121" ended="75704" arrived="75704" collisions="182" teleports="182" halting="5" stopped="0" meanWaitingTime="2452.44" meanTravelTime="345.85" meanSpeed="21.41" meanSpeedRelative="0.67" duration="2"/>
    <step time="73200.00" loaded="80127" inserted="76062" running="165" waiting="4065" ended="75897" arrived="75897" collisions="182" teleports="182" halting="5" stopped="0" meanWaitingTime="2468.55" meanTravelTime="345.63" meanSpeed="21.26" meanSpeedRelative="0.66" duration="2"/>
    <step time="73500.00" loaded="80262" inserted="76242" running="168" waiting="4020" ended="76074" arrived="76074" collisions="182" teleports="182" halting="4" stopped="0" meanWaitingTime="2483.47" meanTravelTime="345.41" meanSpeed="21.73" meanSpeedRelative="0.68" duration="2"/>
    <step time="73800.00" loaded="80388" inserted="76416" running="158" waiting="3972" ended="76258" arrived="76258" collisions="182" teleports="182" halting="5" stopped="0" meanWaitingTime="2500.08" meanTravelTime="345.19" meanSpeed="22.07" meanSpeedRelative="0.69" duration="2"/>
    <step time="74100.00" loaded="80546" inserted="76628" running="176" waiting="3918" ended="76452" arrived="76452" collisions="182" teleports="182" halting="1" stopped="0" meanWaitingTime="2516.40" meanTravelTime="344.99" meanSpeed="21.68" meanSpeedRelative="0.68" duration="1"/>
    <step time="74400.00" loaded="80686" inserted="76826" running="171" waiting="3860" ended="76655" arrived="76655" collisions="182" teleports="182" halting="4" stopped="0" meanWaitingTime="2532.25" meanTravelTime="344.78" meanSpeed="21.76" meanSpeedRelative="0.68" duration="1"/>
    <step time="74700.00" loaded="80819" inserted="77019" running="167" waiting="3800" ended="76852" arrived="76852" collisions="184" teleports="184" halting="7" stopped="0" meanWaitingTime="2548.50" meanTravelTime="344.55" meanSpeed="20.86" meanSpeedRelative="0.65" duration="2"/>
    <step time="75000.00" loaded="80937" inserted="77190" running="148" waiting="3747" ended="77042" arrived="77042" collisions="184" teleports="184" halting="6" stopped="0" meanWaitingTime="2563.58" meanTravelTime="344.34" meanSpeed="19.97" meanSpeedRelative="0.62" duration="2"/>
    <step time="75300.00" loaded="81080" inserted="77394" running="176" waiting="3686" ended="77218" arrived="77218" collisions="184" teleports="184" halting="1" stopped="0" meanWaitingTime="2580.18" meanTravelTime="344.11" meanSpeed="21.76" meanSpeedRelative="0.68" duration="2"/>
    <step time="75600.00" loaded="81226" inserted="77590" running="179" waiting="3636" ended="77411" arrived="77411" collisions="184" teleports="184" halting="4" stopped="0" meanWaitingTime="2596.68" meanTravelTime="343.92" meanSpeed="22.01" meanSpeedRelative="0.69" duration="85"/>
    <step time="75900.00" loaded="81412" inserted="77821" running="194" waiting="3591" ended="77627" arrived="77627" collisions="184" teleports="184" halting="5" stopped="0" meanWaitingTime="2611.51" meanTravelTime="343.72" meanSpeed="21.56" meanSpeedRelative="0.67" duration="2"/>
    <step time="76200.00" loaded="81625" inserted="78069" running="218" waiting="3556" ended="77851" arrived="77851" collisions="184" teleports="184" halting="3" stopped="0" meanWaitingTime="2626.12" meanTravelTime="343.49" meanSpeed="21.93" meanSpeedRelative="0.69" duration="2"/>
    <step time="76500.00" loaded="81820" inserted="78305" running="206" waiting="3515" ended="78099" arrived="78099" collisions="184" teleports="184" halting="4" stopped="0" meanWaitingTime="2639.53" meanTravelTime="343.22" meanSpeed="22.82" meanSpeedRelative="0.71" duration="2"/>
    <step time="76800.00" loaded="82035" inserted="78574" running="226" waiting="3461" ended="78348" arrived="78348" collisions="184" teleports="184" halting="4" stopped="0" meanWaitingTime="2653.85" meanTravelTime="342.95" meanSpeed="22.00" meanSpeedRelative="0.69" duration="2"/>
    <step time="77100.00" loaded="82219" inserted="78803" running="227" waiting="3416" ended="78576" arrived="78576" collisions="185" teleports="185" halting="4" stopped="0" meanWaitingTime="2666.40" meanTravelTime="342.73" meanSpeed="22.35" meanSpeedRelative="0.70" duration="2"/>
    <step time="77400.00" loaded="82406" inserted="79016" running="214" waiting="3390" ended="78802" arrived="78802" collisions="185" teleports="185" halting="1" stopped="0" meanWaitingTime="2678.49" meanTravelTime="342.57" meanSpeed="22.07" meanSpeedRelative="0.69" duration="3"/>
    <step time="77700.00" loaded="82617" inserted="79256" running="220" waiting="3361" ended="79036" arrived="79036" collisions="185" teleports="185" halting="3" stopped="0" meanWaitingTime="2690.11" meanTravelTime="342.40" meanSpeed="22.13" meanSpeedRelative="0.69" duration="2"/>
    <step time="78000.00" loaded="82798" inserted="79476" running="216" waiting="3322" ended="79260" arrived="79260" collisions="185" teleports="185" halting="1" stopped="0" meanWaitingTime="2700.78" meanTravelTime="342.26" meanSpeed="22.11" meanSpeedRelative="0.69" duration="2"/>
    <step time="78300.00" loaded="82980" inserted="79695" running="195" waiting="3285" ended="79500" arrived="79500" collisions="185" teleports="185" halting="1" stopped="0" meanWaitingTime="2710.77" meanTravelTime="342.04" meanSpeed="22.36" meanSpeedRelative="0.70" duration="1"/>
    <step time="78600.00" loaded="83195" inserted="79936" running="220" waiting="3259" ended="79716" arrived="79716" collisions="185" teleports="185" halting="8" stopped="0" meanWaitingTime="2719.77" meanTravelTime="341.89" meanSpeed="22.59" meanSpeedRelative="0.71" duration="2"/>
    <step time="78900.00" loaded="83382" inserted="80157" running="196" waiting="3225" ended="79961" arrived="79961" collisions="185" teleports="185" halting="1" stopped="0" meanWaitingTime="2729.77" meanTravelTime="341.69" meanSpeed="22.25" meanSpeedRelative="0.70" duration="2"/>
    <step time="79200.00" loaded="83552" inserted="80365" running="192" waiting="3187" ended="80173" arrived="80173" collisions="185" teleports="185" halting="5" stopped="0" meanWaitingTime="2739.31" meanTravelTime="341.50" meanSpeed="22.58" meanSpeedRelative="0.71" duration="84"/>
    <step time="79500.00" loaded="83744" inserted="80590" running="215" waiting="3154" ended="80375" arrived="80375" collisions="186" teleports="186" halting="5" stopped="0" meanWaitingTime="2748.18" meanTravelTime="341.37" meanSpeed="22.82" meanSpeedRelative="0.71" duration="2"/>
    <step time="79800.00" loaded="83927" inserted="80828" running="224" waiting="3099" ended="80604" arrived="80604" collisions="187" teleports="187" halting="4" stopped="0" meanWaitingTime="2757.03" meanTravelTime="341.17" meanSpeed="22.06" meanSpeedRelative="0.69" duration="1"/>
    <step time="80100.00" loaded="84113" inserted="81060" running="214" waiting="3053" ended="80846" arrived="80846" collisions="187" teleports="187" halting="2" stopped="0" meanWaitingTime="2765.81" meanTravelTime="340.98" meanSpeed="21.94" meanSpeedRelative="0.69" duration="1"/>
    <step time="80400.00" loaded="84283" inserted="81277" running="208" waiting="3006" ended="81069" arrived="81069" collisions="187" teleports="187" halting="5" stopped="0" meanWaitingTime="2774.33" meanTravelTime="340.80" meanSpeed="22.58" meanSpeedRelative="0.71" duration="2"/>
    <step time="80700.00" loaded="84457" inserted="81489" running="181" waiting="2968" ended="81308" arrived="81308" collisions="187" teleports="187" halting="8" stopped="0" meanWaitingTime="2782.46" meanTravelTime="340.64" meanSpeed="21.76" meanSpeedRelative="0.68" duration="1"/>
    <step time="81000.00" loaded="84606" inserted="81684" running="174" waiting="2922" ended="81510" arrived="81510" collisions="187" teleports="187" halting="5" stopped="0" meanWaitingTime="2791.97" meanTravelTime="340.42" meanSpeed="21.73" meanSpeedRelative="0.68" duration="1"/>
    <step time="81300.00" loaded="84792" inserted="81909" running="189" waiting="2883" ended="81720" arrived="81720" collisions="187" teleports="187" halting="3" stopped="0" meanWaitingTime="2799.09" meanTravelTime="340.20" meanSpeed="22.47" meanSpeedRelative="0.70" duration="2"/>
    <step time="81600.00" loaded="84952" inserted="82123" running="191" waiting="2829" ended="81932" arrived="81932" collisions="188" teleports="188" halting="3" stopped="0" meanWaitingTime="2807.68" meanTravelTime="340.00" meanSpeed="22.01" meanSpeedRelative="0.69" duration="1"/>
    <step time="81900.00" loaded="85147" inserted="82336" running="184" waiting="2811" ended="82152" arrived="82152" collisions="188" teleports="188" halting="7" stopped="0" meanWaitingTime="2812.97" meanTravelTime="339.80" meanSpeed="21.39" meanSpeedRelative="0.67" duration="2"/>
    <step time="82200.00" loaded="85329" inserted="82560" running="200" waiting="2769" ended="82360" arrived="82360" collisions="188" teleports="188" halting="4" stopped="0" meanWaitingTime="2820.25" meanTravelTime="339.65" meanSpeed="21.63" meanSpeedRelative="0.68" duration="2"/>
    <step time="82500.00" loaded="85501" inserted="82771" running="210" waiting="2730" ended="82561" arrived="82561" collisions="188" teleports="188" halting="2" stopped="0" meanWaitingTime="2828.18" meanTravelTime="339.48" meanSpeed="22.12" meanSpeedRelative="0.69" duration="2"/>
</summary>
