<?xml version="1.0" encoding="UTF-8"?>

<!-- generated on 2025-08-08 11:52:10 by Eclipse SUMO sumo Version 1.23.1
<sumoConfiguration xmlns:xsi="http://www.w3.org/2001/XMLSchema-instance" xsi:noNamespaceSchemaLocation="http://sumo.dlr.de/xsd/sumoConfiguration.xsd">

    <input>
        <net-file value="Desktop\Master Thesis\Network_fin.net.xml"/>
        <route-files value="Desktop\Master Thesis\demand_model_amsterdam.rou.xml"/>
        <additional-files value="Desktop\Master Thesis\Additionnal.add.xml"/>
    </input>

    <output>
        <summary-output value="outputf/summary_coor_alinea_3neigh_method2_K80_target5_22644.xml"/>
        <summary-output.period value="300"/>
        <tripinfo-output value="outputf/tripinfo_coor_alinea_3neigh_method2_K80_target5_22644.xml"/>
    </output>

    <time>
        <begin value="0"/>
        <end value="82800"/>
        <step-length value="1"/>
    </time>

    <processing>
        <time-to-teleport value="-1"/>
    </processing>

    <report>
        <verbose value="true"/>
        <no-step-log value="true"/>
    </report>

    <emissions>
        <device.emissions.period value="10"/>
    </emissions>

    <traci_server>
        <remote-port value="51413"/>
    </traci_server>

    <random_number>
        <seed value="22644"/>
    </random_number>

</sumoConfiguration>
-->

<summary xmlns:xsi="http://www.w3.org/2001/XMLSchema-instance" xsi:noNamespaceSchemaLocation="http://sumo.dlr.de/xsd/summary_file.xsd">
    <step time="0.00" loaded="0" inserted="0" running="0" waiting="0" ended="0" arrived="0" collisions="0" teleports="0" halting="0" stopped="0" meanWaitingTime="-1.00" meanTravelTime="-1.00" meanSpeed="-1.00" meanSpeedRelative="-1.00" duration="0"/>
    <step time="300.00" loaded="175" inserted="175" running="106" waiting="0" ended="69" arrived="69" collisions="0" teleports="0" halting="1" stopped="0" meanWaitingTime="0.31" meanTravelTime="98.09" meanSpeed="25.29" meanSpeedRelative="0.79" duration="2"/>
    <step time="600.00" loaded="339" inserted="339" running="141" waiting="0" ended="198" arrived="198" collisions="0" teleports="0" halting="1" stopped="0" meanWaitingTime="0.34" meanTravelTime="154.49" meanSpeed="24.91" meanSpeedRelative="0.78" duration="2"/>
    <step time="900.00" loaded="523" inserted="523" running="153" waiting="0" ended="370" arrived="370" collisions="1" teleports="1" halting="2" stopped="0" meanWaitingTime="0.48" meanTravelTime="184.34" meanSpeed="24.86" meanSpeedRelative="0.78" duration="1"/>
    <step time="1200.00" loaded="711" inserted="711" running="161" waiting="0" ended="550" arrived="550" collisions="1" teleports="1" halting="1" stopped="0" meanWaitingTime="0.46" meanTravelTime="212.04" meanSpeed="25.05" meanSpeedRelative="0.78" duration="2"/>
    <step time="1500.00" loaded="910" inserted="910" running="178" waiting="0" ended="732" arrived="732" collisions="1" teleports="1" halting="1" stopped="0" meanWaitingTime="0.46" meanTravelTime="223.66" meanSpeed="25.23" meanSpeedRelative="0.79" duration="2"/>
    <step time="1800.00" loaded="1107" inserted="1107" running="179" waiting="0" ended="928" arrived="928" collisions="1" teleports="1" halting="1" stopped="0" meanWaitingTime="0.46" meanTravelTime="231.91" meanSpeed="24.74" meanSpeedRelative="0.77" duration="1"/>
    <step time="2100.00" loaded="1270" inserted="1270" running="154" waiting="0" ended="1116" arrived="1116" collisions="1" teleports="1" halting="0" stopped="0" meanWaitingTime="0.44" meanTravelTime="238.55" meanSpeed="25.16" meanSpeedRelative="0.79" duration="2"/>
    <step time="2400.00" loaded="1443" inserted="1443" running="159" waiting="0" ended="1284" arrived="1284" collisions="1" teleports="1" halting="0" stopped="0" meanWaitingTime="0.43" meanTravelTime="242.14" meanSpeed="24.56" meanSpeedRelative="0.77" duration="2"/>
    <step time="2700.00" loaded="1617" inserted="1616" running="139" waiting="1" ended="1477" arrived="1477" collisions="1" teleports="1" halting="1" stopped="0" meanWaitingTime="0.41" meanTravelTime="248.42" meanSpeed="25.18" meanSpeedRelative="0.79" duration="1"/>
    <step time="3000.00" loaded="1799" inserted="1799" running="166" waiting="0" ended="1633" arrived="1633" collisions="1" teleports="1" halting="0" stopped="0" meanWaitingTime="0.42" meanTravelTime="248.64" meanSpeed="24.41" meanSpeedRelative="0.76" duration="0"/>
    <step time="3300.00" loaded="1961" inserted="1961" running="155" waiting="0" ended="1806" arrived="1806" collisions="1" teleports="1" halting="3" stopped="0" meanWaitingTime="0.51" meanTravelTime="250.12" meanSpeed="23.77" meanSpeedRelative="0.74" duration="1"/>
    <step time="3600.00" loaded="2150" inserted="2140" running="167" waiting="10" ended="1973" arrived="1973" collisions="2" teleports="2" halting="5" stopped="0" meanWaitingTime="0.81" meanTravelTime="251.55" meanSpeed="25.25" meanSpeedRelative="0.79" duration="133"/>
    <step time="3900.00" loaded="2276" inserted="2265" running="111" waiting="11" ended="2154" arrived="2154" collisions="2" teleports="2" halting="0" stopped="0" meanWaitingTime="2.14" meanTravelTime="256.44" meanSpeed="23.91" meanSpeedRelative="0.75" duration="1"/>
    <step time="4200.00" loaded="2398" inserted="2392" running="119" waiting="6" ended="2273" arrived="2273" collisions="2" teleports="2" halting="3" stopped="0" meanWaitingTime="3.31" meanTravelTime="258.96" meanSpeed="25.17" meanSpeedRelative="0.79" duration="0"/>
    <step time="4500.00" loaded="2530" inserted="2525" running="114" waiting="5" ended="2411" arrived="2411" collisions="2" teleports="2" halting="6" stopped="0" meanWaitingTime="3.64" meanTravelTime="259.59" meanSpeed="23.67" meanSpeedRelative="0.74" duration="1"/>
    <step time="4800.00" loaded="2632" inserted="2632" running="92" waiting="0" ended="2540" arrived="2540" collisions="3" teleports="3" halting="0" stopped="0" meanWaitingTime="3.69" meanTravelTime="261.46" meanSpeed="24.78" meanSpeedRelative="0.77" duration="0"/>
    <step time="5100.00" loaded="2730" inserted="2730" running="84" waiting="0" ended="2646" arrived="2646" collisions="3" teleports="3" halting="0" stopped="0" meanWaitingTime="3.56" meanTravelTime="261.47" meanSpeed="25.73" meanSpeedRelative="0.80" duration="0"/>
    <step time="5400.00" loaded="2824" inserted="2824" running="79" waiting="0" ended="2745" arrived="2745" collisions="3" teleports="3" halting="0" stopped="0" meanWaitingTime="3.45" meanTravelTime="260.64" meanSpeed="25.75" meanSpeedRelative="0.80" duration="0"/>
    <step time="5700.00" loaded="2940" inserted="2934" running="88" waiting="6" ended="2846" arrived="2846" collisions="3" teleports="3" halting="0" stopped="0" meanWaitingTime="3.44" meanTravelTime="259.99" meanSpeed="25.35" meanSpeedRelative="0.79" duration="0"/>
    <step time="6000.00" loaded="3044" inserted="3044" running="74" waiting="0" ended="2970" arrived="2970" collisions="3" teleports="3" halting="3" stopped="0" meanWaitingTime="3.69" meanTravelTime="259.38" meanSpeed="24.16" meanSpeedRelative="0.75" duration="1"/>
    <step time="6300.00" loaded="3166" inserted="3166" running="105" waiting="0" ended="3061" arrived="3061" collisions="3" teleports="3" halting="5" stopped="0" meanWaitingTime="3.60" meanTravelTime="257.94" meanSpeed="24.02" meanSpeedRelative="0.75" duration="1"/>
    <step time="6600.00" loaded="3286" inserted="3285" running="108" waiting="1" ended="3177" arrived="3177" collisions="3" teleports="3" halting="1" stopped="0" meanWaitingTime="3.64" meanTravelTime="257.73" meanSpeed="24.50" meanSpeedRelative="0.77" duration="1"/>
    <step time="6900.00" loaded="3415" inserted="3414" running="117" waiting="1" ended="3297" arrived="3297" collisions="3" teleports="3" halting="2" stopped="0" meanWaitingTime="3.69" meanTravelTime="256.84" meanSpeed="24.40" meanSpeedRelative="0.76" duration="0"/>
    <step time="7200.00" loaded="3543" inserted="3536" running="118" waiting="7" ended="3418" arrived="3418" collisions="3" teleports="3" halting="5" stopped="0" meanWaitingTime="3.71" meanTravelTime="257.74" meanSpeed="23.49" meanSpeedRelative="0.73" duration="87"/>
    <step time="7500.00" loaded="3692" inserted="3686" running="132" waiting="6" ended="3554" arrived="3554" collisions="3" teleports="3" halting="0" stopped="0" meanWaitingTime="3.81" meanTravelTime="257.66" meanSpeed="23.91" meanSpeedRelative="0.75" duration="0"/>
    <step time="7800.00" loaded="3842" inserted="3829" running="133" waiting="13" ended="3696" arrived="3696" collisions="3" teleports="3" halting="6" stopped="0" meanWaitingTime="4.34" meanTravelTime="257.90" meanSpeed="24.43" meanSpeedRelative="0.76" duration="1"/>
    <step time="8100.00" loaded="3983" inserted="3963" running="115" waiting="20" ended="3848" arrived="3848" collisions="3" teleports="3" halting="0" stopped="0" meanWaitingTime="5.16" meanTravelTime="259.53" meanSpeed="23.44" meanSpeedRelative="0.73" duration="1"/>
    <step time="8400.00" loaded="4152" inserted="4138" running="140" waiting="14" ended="3998" arrived="3998" collisions="3" teleports="3" halting="1" stopped="0" meanWaitingTime="6.25" meanTravelTime="258.39" meanSpeed="23.79" meanSpeedRelative="0.74" duration="0"/>
    <step time="8700.00" loaded="4326" inserted="4301" running="152" waiting="25" ended="4149" arrived="4149" collisions="3" teleports="3" halting="4" stopped="0" meanWaitingTime="7.12" meanTravelTime="258.27" meanSpeed="24.95" meanSpeedRelative="0.78" duration="1"/>
    <step time="9000.00" loaded="4483" inserted="4440" running="121" waiting="43" ended="4319" arrived="4319" collisions="3" teleports="3" halting="2" stopped="0" meanWaitingTime="8.38" meanTravelTime="258.52" meanSpeed="24.08" meanSpeedRelative="0.75" duration="1"/>
    <step time="9300.00" loaded="4612" inserted="4567" running="120" waiting="45" ended="4447" arrived="4447" collisions="3" teleports="3" halting="2" stopped="0" meanWaitingTime="10.22" meanTravelTime="258.34" meanSpeed="24.33" meanSpeedRelative="0.76" duration="1"/>
    <step time="9600.00" loaded="4758" inserted="4716" running="131" waiting="42" ended="4585" arrived="4585" collisions="3" teleports="3" halting="2" stopped="0" meanWaitingTime="12.74" meanTravelTime="258.72" meanSpeed="23.75" meanSpeedRelative="0.74" duration="1"/>
    <step time="9900.00" loaded="4908" inserted="4858" running="125" waiting="50" ended="4733" arrived="4733" collisions="3" teleports="3" halting="5" stopped="0" meanWaitingTime="15.13" meanTravelTime="259.72" meanSpeed="23.88" meanSpeedRelative="0.75" duration="1"/>
    <step time="10200.00" loaded="5058" inserted="4997" running="123" waiting="61" ended="4874" arrived="4874" collisions="3" teleports="3" halting="0" stopped="0" meanWaitingTime="17.00" meanTravelTime="259.37" meanSpeed="25.05" meanSpeedRelative="0.78" duration="1"/>
    <step time="10500.00" loaded="5221" inserted="5164" running="138" waiting="57" ended="5026" arrived="5026" collisions="4" teleports="4" halting="1" stopped="0" meanWaitingTime="19.42" meanTravelTime="259.06" meanSpeed="25.46" meanSpeedRelative="0.80" duration="1"/>
    <step time="10800.00" loaded="5380" inserted="5312" running="131" waiting="68" ended="5181" arrived="5181" collisions="4" teleports="4" halting="7" stopped="0" meanWaitingTime="21.53" meanTravelTime="259.21" meanSpeed="24.58" meanSpeedRelative="0.77" duration="89"/>
    <step time="11100.00" loaded="5522" inserted="5448" running="115" waiting="74" ended="5333" arrived="5333" collisions="4" teleports="4" halting="2" stopped="0" meanWaitingTime="24.31" meanTravelTime="259.72" meanSpeed="25.28" meanSpeedRelative="0.79" duration="1"/>
    <step time="11400.00" loaded="5674" inserted="5593" running="116" waiting="81" ended="5477" arrived="5477" collisions="4" teleports="4" halting="3" stopped="0" meanWaitingTime="27.20" meanTravelTime="259.41" meanSpeed="23.93" meanSpeedRelative="0.75" duration="1"/>
    <step time="11700.00" loaded="5838" inserted="5748" running="114" waiting="90" ended="5634" arrived="5634" collisions="4" teleports="4" halting="2" stopped="0" meanWaitingTime="29.91" meanTravelTime="258.48" meanSpeed="24.19" meanSpeedRelative="0.76" duration="1"/>
    <step time="12000.00" loaded="5978" inserted="5882" running="108" waiting="96" ended="5774" arrived="5774" collisions="4" teleports="4" halting="2" stopped="0" meanWaitingTime="32.84" meanTravelTime="258.23" meanSpeed="23.97" meanSpeedRelative="0.75" duration="1"/>
    <step time="12300.00" loaded="6140" inserted="6041" running="119" waiting="99" ended="5922" arrived="5922" collisions="4" teleports="4" halting="1" stopped="0" meanWaitingTime="36.19" meanTravelTime="257.72" meanSpeed="24.98" meanSpeedRelative="0.78" duration="1"/>
    <step time="12600.00" loaded="6267" inserted="6167" running="108" waiting="100" ended="6059" arrived="6059" collisions="4" teleports="4" halting="3" stopped="0" meanWaitingTime="39.69" meanTravelTime="257.18" meanSpeed="24.60" meanSpeedRelative="0.77" duration="1"/>
    <step time="12900.00" loaded="6417" inserted="6304" running="100" waiting="113" ended="6204" arrived="6204" collisions="4" teleports="4" halting="0" stopped="0" meanWaitingTime="42.63" meanTravelTime="256.91" meanSpeed="24.15" meanSpeedRelative="0.75" duration="1"/>
    <step time="13200.00" loaded="6564" inserted="6446" running="110" waiting="118" ended="6336" arrived="6336" collisions="4" teleports="4" halting="1" stopped="0" meanWaitingTime="45.78" meanTravelTime="256.70" meanSpeed="24.36" meanSpeedRelative="0.76" duration="1"/>
    <step time="13500.00" loaded="6693" inserted="6571" running="91" waiting="122" ended="6480" arrived="6480" collisions="4" teleports="4" halting="4" stopped="0" meanWaitingTime="49.26" meanTravelTime="255.80" meanSpeed="24.46" meanSpeedRelative="0.76" duration="0"/>
    <step time="13800.00" loaded="6825" inserted="6694" running="96" waiting="131" ended="6598" arrived="6598" collisions="4" teleports="4" halting="4" stopped="0" meanWaitingTime="52.74" meanTravelTime="255.35" meanSpeed="22.77" meanSpeedRelative="0.71" duration="0"/>
    <step time="14100.00" loaded="6960" inserted="6830" running="106" waiting="130" ended="6724" arrived="6724" collisions="4" teleports="4" halting="1" stopped="0" meanWaitingTime="56.54" meanTravelTime="254.03" meanSpeed="24.39" meanSpeedRelative="0.76" duration="1"/>
    <step time="14400.00" loaded="7120" inserted="6991" running="127" waiting="129" ended="6864" arrived="6864" collisions="4" teleports="4" halting="1" stopped="0" meanWaitingTime="60.64" meanTravelTime="253.69" meanSpeed="24.00" meanSpeedRelative="0.75" duration="86"/>
    <step time="14700.00" loaded="7227" inserted="7097" running="91" waiting="130" ended="7006" arrived="7006" collisions="4" teleports="4" halting="4" stopped="0" meanWaitingTime="64.23" meanTravelTime="253.82" meanSpeed="22.57" meanSpeedRelative="0.71" duration="1"/>
    <step time="15000.00" loaded="7328" inserted="7201" running="84" waiting="127" ended="7117" arrived="7117" collisions="4" teleports="4" halting="0" stopped="0" meanWaitingTime="68.34" meanTravelTime="254.02" meanSpeed="23.53" meanSpeedRelative="0.74" duration="1"/>
    <step time="15300.00" loaded="7417" inserted="7298" running="81" waiting="119" ended="7217" arrived="7217" collisions="4" teleports="4" halting="0" stopped="0" meanWaitingTime="72.45" meanTravelTime="253.98" meanSpeed="24.75" meanSpeedRelative="0.77" duration="1"/>
    <step time="15600.00" loaded="7507" inserted="7398" running="82" waiting="109" ended="7316" arrived="7316" collisions="4" teleports="4" halting="2" stopped="0" meanWaitingTime="76.99" meanTravelTime="253.93" meanSpeed="24.58" meanSpeedRelative="0.77" duration="1"/>
    <step time="15900.00" loaded="7588" inserted="7492" running="72" waiting="96" ended="7420" arrived="7420" collisions="4" teleports="4" halting="5" stopped="0" meanWaitingTime="80.83" meanTravelTime="254.00" meanSpeed="23.04" meanSpeedRelative="0.72" duration="1"/>
    <step time="16200.00" loaded="7676" inserted="7582" running="75" waiting="94" ended="7507" arrived="7507" collisions="4" teleports="4" halting="3" stopped="0" meanWaitingTime="84.68" meanTravelTime="253.50" meanSpeed="22.24" meanSpeedRelative="0.69" duration="0"/>
    <step time="16500.00" loaded="7786" inserted="7690" running="82" waiting="96" ended="7608" arrived="7608" collisions="4" teleports="4" halting="1" stopped="0" meanWaitingTime="88.48" meanTravelTime="253.58" meanSpeed="23.02" meanSpeedRelative="0.72" duration="0"/>
    <step time="16800.00" loaded="7905" inserted="7815" running="87" waiting="90" ended="7728" arrived="7728" collisions="4" teleports="4" halting="2" stopped="0" meanWaitingTime="91.91" meanTravelTime="252.82" meanSpeed="25.35" meanSpeedRelative="0.79" duration="1"/>
    <step time="17100.00" loaded="7998" inserted="7911" running="69" waiting="87" ended="7842" arrived="7842" collisions="4" teleports="4" halting="4" stopped="0" meanWaitingTime="94.63" meanTravelTime="252.25" meanSpeed="24.02" meanSpeedRelative="0.75" duration="0"/>
    <step time="17400.00" loaded="8096" inserted="8017" running="69" waiting="79" ended="7948" arrived="7948" collisions="4" teleports="4" halting="1" stopped="0" meanWaitingTime="96.60" meanTravelTime="251.88" meanSpeed="23.41" meanSpeedRelative="0.73" duration="0"/>
    <step time="17700.00" loaded="8193" inserted="8124" running="75" waiting="69" ended="8049" arrived="8049" collisions="4" teleports="4" halting="2" stopped="0" meanWaitingTime="98.85" meanTravelTime="251.19" meanSpeed="24.26" meanSpeedRelative="0.76" duration="1"/>
    <step time="18000.00" loaded="8297" inserted="8230" running="82" waiting="67" ended="8148" arrived="8148" collisions="5" teleports="5" halting="2" stopped="0" meanWaitingTime="100.68" meanTravelTime="250.81" meanSpeed="25.16" meanSpeedRelative="0.79" duration="80"/>
    <step time="18300.00" loaded="8474" inserted="8392" running="120" waiting="82" ended="8272" arrived="8272" collisions="6" teleports="6" halting="7" stopped="0" meanWaitingTime="101.97" meanTravelTime="250.03" meanSpeed="24.53" meanSpeedRelative="0.77" duration="1"/>
    <step time="18600.00" loaded="8676" inserted="8574" running="153" waiting="102" ended="8421" arrived="8421" collisions="6" teleports="6" halting="0" stopped="0" meanWaitingTime="102.38" meanTravelTime="249.55" meanSpeed="24.58" meanSpeedRelative="0.77" duration="1"/>
    <step time="18900.00" loaded="8850" inserted="8735" running="131" waiting="115" ended="8604" arrived="8604" collisions="6" teleports="6" halting="2" stopped="0" meanWaitingTime="103.06" meanTravelTime="249.29" meanSpeed="24.46" meanSpeedRelative="0.76" duration="1"/>
    <step time="19200.00" loaded="9035" inserted="8901" running="138" waiting="134" ended="8763" arrived="8763" collisions="6" teleports="6" halting="5" stopped="0" meanWaitingTime="103.45" meanTravelTime="249.81" meanSpeed="23.64" meanSpeedRelative="0.74" duration="2"/>
    <step time="19500.00" loaded="9226" inserted="9083" running="152" waiting="143" ended="8931" arrived="8931" collisions="6" teleports="6" halting="1" stopped="0" meanWaitingTime="104.31" meanTravelTime="249.65" meanSpeed="24.71" meanSpeedRelative="0.77" duration="1"/>
    <step time="19800.00" loaded="9416" inserted="9263" running="148" waiting="153" ended="9115" arrived="9115" collisions="6" teleports="6" halting="2" stopped="0" meanWaitingTime="105.95" meanTravelTime="249.50" meanSpeed="24.91" meanSpeedRelative="0.78" duration="1"/>
    <step time="20100.00" loaded="9608" inserted="9447" running="147" waiting="161" ended="9300" arrived="9300" collisions="7" teleports="7" halting="5" stopped="0" meanWaitingTime="107.42" meanTravelTime="249.10" meanSpeed="23.88" meanSpeedRelative="0.75" duration="1"/>
    <step time="20400.00" loaded="9803" inserted="9632" running="142" waiting="171" ended="9490" arrived="9490" collisions="7" teleports="7" halting="4" stopped="0" meanWaitingTime="109.01" meanTravelTime="248.88" meanSpeed="24.29" meanSpeedRelative="0.76" duration="1"/>
    <step time="20700.00" loaded="10003" inserted="9825" running="161" waiting="178" ended="9664" arrived="9664" collisions="7" teleports="7" halting="2" stopped="0" meanWaitingTime="110.88" meanTravelTime="248.83" meanSpeed="24.52" meanSpeedRelative="0.77" duration="1"/>
    <step time="21000.00" loaded="10212" inserted="10019" running="161" waiting="193" ended="9858" arrived="9858" collisions="7" teleports="7" halting="3" stopped="0" meanWaitingTime="112.83" meanTravelTime="248.78" meanSpeed="24.32" meanSpeedRelative="0.76" duration="1"/>
    <step time="21300.00" loaded="10394" inserted="10192" running="148" waiting="202" ended="10044" arrived="10044" collisions="7" teleports="7" halting="2" stopped="0" meanWaitingTime="114.73" meanTravelTime="248.97" meanSpeed="24.12" meanSpeedRelative="0.75" duration="1"/>
    <step time="21600.00" loaded="10614" inserted="10388" running="143" waiting="226" ended="10245" arrived="10245" collisions="7" teleports="7" halting="1" stopped="0" meanWaitingTime="117.45" meanTravelTime="248.75" meanSpeed="24.74" meanSpeedRelative="0.77" duration="79"/>
    <step time="21900.00" loaded="11069" inserted="10762" running="290" waiting="307" ended="10472" arrived="10472" collisions="7" teleports="7" halting="3" stopped="0" meanWaitingTime="119.96" meanTravelTime="247.93" meanSpeed="22.63" meanSpeedRelative="0.71" duration="1"/>
    <step time="22200.00" loaded="11548" inserted="11162" running="389" waiting="386" ended="10773" arrived="10773" collisions="7" teleports="7" halting="2" stopped="0" meanWaitingTime="123.20" meanTravelTime="247.95" meanSpeed="21.65" meanSpeedRelative="0.68" duration="2"/>
    <step time="22500.00" loaded="11989" inserted="11532" running="421" waiting="457" ended="11111" arrived="11111" collisions="7" teleports="7" halting="5" stopped="0" meanWaitingTime="127.08" meanTravelTime="249.24" meanSpeed="20.87" meanSpeedRelative="0.65" duration="2"/>
    <step time="22800.00" loaded="12477" inserted="11937" running="450" waiting="540" ended="11487" arrived="11487" collisions="7" teleports="7" halting="7" stopped="0" meanWaitingTime="131.15" meanTravelTime="251.42" meanSpeed="20.11" meanSpeedRelative="0.63" duration="2"/>
    <step time="23100.00" loaded="12936" inserted="12319" running="433" waiting="617" ended="11886" arrived="11886" collisions="8" teleports="8" halting="6" stopped="0" meanWaitingTime="135.54" meanTravelTime="254.50" meanSpeed="20.68" meanSpeedRelative="0.65" duration="3"/>
    <step time="23400.00" loaded="13418" inserted="12712" running="435" waiting="706" ended="12277" arrived="12277" collisions="10" teleports="10" halting="6" stopped="0" meanWaitingTime="140.21" meanTravelTime="257.31" meanSpeed="20.63" meanSpeedRelative="0.64" duration="2"/>
    <step time="23700.00" loaded="13828" inserted="13091" running="434" waiting="737" ended="12657" arrived="12657" collisions="11" teleports="11" halting="6" stopped="0" meanWaitingTime="145.90" meanTravelTime="259.27" meanSpeed="20.92" meanSpeedRelative="0.65" duration="3"/>
    <step time="24000.00" loaded="14334" inserted="13490" running="452" waiting="844" ended="13038" arrived="13038" collisions="12" teleports="12" halting="5" stopped="0" meanWaitingTime="151.30" meanTravelTime="261.64" meanSpeed="20.23" meanSpeedRelative="0.63" duration="3"/>
    <step time="24300.00" loaded="14790" inserted="13868" running="436" waiting="922" ended="13432" arrived="13432" collisions="12" teleports="12" halting="7" stopped="0" meanWaitingTime="157.43" meanTravelTime="263.50" meanSpeed="20.24" meanSpeedRelative="0.63" duration="2"/>
    <step time="24600.00" loaded="15241" inserted="14236" running="418" waiting="1005" ended="13818" arrived="13818" collisions="12" teleports="12" halting="2" stopped="0" meanWaitingTime="163.82" meanTravelTime="265.68" meanSpeed="20.70" meanSpeedRelative="0.65" duration="2"/>
    <step time="24900.00" loaded="15695" inserted="14616" running="415" waiting="1079" ended="14201" arrived="14201" collisions="14" teleports="14" halting="3" stopped="0" meanWaitingTime="171.64" meanTravelTime="267.85" meanSpeed="20.98" meanSpeedRelative="0.66" duration="3"/>
    <step time="25200.00" loaded="16150" inserted="15005" running="415" waiting="1145" ended="14590" arrived="14590" collisions="15" teleports="15" halting="3" stopped="0" meanWaitingTime="180.01" meanTravelTime="269.58" meanSpeed="21.37" meanSpeedRelative="0.67" duration="88"/>
    <step time="25500.00" loaded="16709" inserted="15457" running="466" waiting="1252" ended="14991" arrived="14991" collisions="16" teleports="16" halting="2" stopped="0" meanWaitingTime="189.12" meanTravelTime="270.50" meanSpeed="20.77" meanSpeedRelative="0.65" duration="3"/>
    <step time="25800.00" loaded="17262" inserted="15893" running="477" waiting="1369" ended="15416" arrived="15416" collisions="16" teleports="16" halting="8" stopped="0" meanWaitingTime="197.45" meanTravelTime="271.74" meanSpeed="19.53" meanSpeedRelative="0.61" duration="3"/>
    <step time="26100.00" loaded="17846" inserted="16350" running="539" waiting="1496" ended="15811" arrived="15811" collisions="16" teleports="16" halting="7" stopped="0" meanWaitingTime="206.78" meanTravelTime="273.58" meanSpeed="19.16" meanSpeedRelative="0.60" duration="4"/>
    <step time="26400.00" loaded="18392" inserted="16793" running="520" waiting="1599" ended="16273" arrived="16273" collisions="16" teleports="16" halting="3" stopped="0" meanWaitingTime="216.74" meanTravelTime="275.36" meanSpeed="19.78" meanSpeedRelative="0.62" duration="3"/>
    <step time="26700.00" loaded="18929" inserted="17210" running="495" waiting="1719" ended="16715" arrived="16715" collisions="18" teleports="18" halting="2" stopped="0" meanWaitingTime="226.92" meanTravelTime="277.24" meanSpeed="19.34" meanSpeedRelative="0.60" duration="3"/>
    <step time="27000.00" loaded="19488" inserted="17662" running="519" waiting="1826" ended="17143" arrived="17143" collisions="18" teleports="18" halting="3" stopped="0" meanWaitingTime="237.55" meanTravelTime="279.25" meanSpeed="19.31" meanSpeedRelative="0.60" duration="3"/>
    <step time="27300.00" loaded="20043" inserted="18089" running="511" waiting="1954" ended="17578" arrived="17578" collisions="20" teleports="20" halting="6" stopped="0" meanWaitingTime="248.00" meanTravelTime="281.15" meanSpeed="19.23" meanSpeedRelative="0.60" duration="3"/>
    <step time="27600.00" loaded="20605" inserted="18536" running="508" waiting="2069" ended="18028" arrived="18028" collisions="20" teleports="20" halting="5" stopped="0" meanWaitingTime="260.02" meanTravelTime="282.74" meanSpeed="19.46" meanSpeedRelative="0.61" duration="3"/>
    <step time="27900.00" loaded="21167" inserted="19011" running="543" waiting="2156" ended="18468" arrived="18468" collisions="20" teleports="20" halting="7" stopped="0" meanWaitingTime="271.66" meanTravelTime="284.27" meanSpeed="18.59" meanSpeedRelative="0.58" duration="4"/>
    <step time="28200.00" loaded="21713" inserted="19456" running="525" waiting="2257" ended="18931" arrived="18931" collisions="20" teleports="20" halting="3" stopped="0" meanWaitingTime="283.10" meanTravelTime="285.90" meanSpeed="18.70" meanSpeedRelative="0.58" duration="4"/>
    <step time="28500.00" loaded="22277" inserted="19886" running="500" waiting="2391" ended="19386" arrived="19386" collisions="22" teleports="22" halting="4" stopped="0" meanWaitingTime="295.80" meanTravelTime="287.85" meanSpeed="19.21" meanSpeedRelative="0.60" duration="4"/>
    <step time="28800.00" loaded="22807" inserted="20288" running="452" waiting="2519" ended="19836" arrived="19836" collisions="22" teleports="22" halting="4" stopped="0" meanWaitingTime="307.57" meanTravelTime="288.94" meanSpeed="20.42" meanSpeedRelative="0.64" duration="94"/>
    <step time="29100.00" loaded="23154" inserted="20645" running="439" waiting="2509" ended="20206" arrived="20206" collisions="24" teleports="24" halting="7" stopped="0" meanWaitingTime="319.96" meanTravelTime="290.16" meanSpeed="20.66" meanSpeedRelative="0.65" duration="3"/>
    <step time="29400.00" loaded="23513" inserted="21009" running="401" waiting="2504" ended="20608" arrived="20608" collisions="25" teleports="25" halting="0" stopped="0" meanWaitingTime="332.20" meanTravelTime="291.60" meanSpeed="21.03" meanSpeedRelative="0.66" duration="2"/>
    <step time="29700.00" loaded="23844" inserted="21370" running="388" waiting="2474" ended="20982" arrived="20982" collisions="25" teleports="25" halting="5" stopped="0" meanWaitingTime="344.84" meanTravelTime="292.27" meanSpeed="21.93" meanSpeedRelative="0.69" duration="3"/>
    <step time="30000.00" loaded="24201" inserted="21761" running="400" waiting="2440" ended="21361" arrived="21361" collisions="25" teleports="25" halting="4" stopped="0" meanWaitingTime="357.41" meanTravelTime="293.02" meanSpeed="21.78" meanSpeedRelative="0.68" duration="2"/>
    <step time="30300.00" loaded="24573" inserted="22163" running="409" waiting="2410" ended="21754" arrived="21754" collisions="25" teleports="25" halting="3" stopped="0" meanWaitingTime="370.14" meanTravelTime="293.07" meanSpeed="20.55" meanSpeedRelative="0.64" duration="4"/>
    <step time="30600.00" loaded="24932" inserted="22542" running="408" waiting="2390" ended="22134" arrived="22134" collisions="25" teleports="25" halting="3" stopped="0" meanWaitingTime="381.08" meanTravelTime="293.60" meanSpeed="22.28" meanSpeedRelative="0.70" duration="3"/>
    <step time="30900.00" loaded="25291" inserted="22882" running="339" waiting="2409" ended="22543" arrived="22543" collisions="26" teleports="26" halting="1" stopped="0" meanWaitingTime="391.95" meanTravelTime="293.80" meanSpeed="22.68" meanSpeedRelative="0.71" duration="3"/>
    <step time="31200.00" loaded="25636" inserted="23236" running="334" waiting="2400" ended="22902" arrived="22902" collisions="26" teleports="26" halting="4" stopped="0" meanWaitingTime="403.09" meanTravelTime="293.83" meanSpeed="22.96" meanSpeedRelative="0.72" duration="3"/>
    <step time="31500.00" loaded="25966" inserted="23580" running="322" waiting="2386" ended="23258" arrived="23258" collisions="26" teleports="26" halting="1" stopped="0" meanWaitingTime="413.17" meanTravelTime="293.58" meanSpeed="22.64" meanSpeedRelative="0.71" duration="2"/>
    <step time="31800.00" loaded="26340" inserted="23923" running="338" waiting="2417" ended="23585" arrived="23585" collisions="28" teleports="28" halting="4" stopped="0" meanWaitingTime="425.17" meanTravelTime="293.60" meanSpeed="22.68" meanSpeedRelative="0.71" duration="3"/>
    <step time="32100.00" loaded="26699" inserted="24256" running="312" waiting="2443" ended="23944" arrived="23944" collisions="29" teleports="29" halting="3" stopped="0" meanWaitingTime="436.39" meanTravelTime="293.59" meanSpeed="23.29" meanSpeedRelative="0.73" duration="2"/>
    <step time="32400.00" loaded="27063" inserted="24603" running="322" waiting="2460" ended="24281" arrived="24281" collisions="29" teleports="29" halting="2" stopped="0" meanWaitingTime="447.45" meanTravelTime="293.40" meanSpeed="22.81" meanSpeedRelative="0.71" duration="89"/>
    <step time="32700.00" loaded="27311" inserted="24863" running="250" waiting="2448" ended="24613" arrived="24613" collisions="29" teleports="29" halting="2" stopped="0" meanWaitingTime="461.29" meanTravelTime="293.16" meanSpeed="23.15" meanSpeedRelative="0.72" duration="2"/>
    <step time="33000.00" loaded="27603" inserted="25168" running="267" waiting="2435" ended="24901" arrived="24901" collisions="29" teleports="29" halting="1" stopped="0" meanWaitingTime="475.74" meanTravelTime="292.91" meanSpeed="23.56" meanSpeedRelative="0.74" duration="2"/>
    <step time="33300.00" loaded="27870" inserted="25439" running="255" waiting="2431" ended="25184" arrived="25184" collisions="29" teleports="29" halting="3" stopped="0" meanWaitingTime="488.83" meanTravelTime="292.57" meanSpeed="23.00" meanSpeedRelative="0.72" duration="2"/>
    <step time="33600.00" loaded="28148" inserted="25725" running="248" waiting="2423" ended="25477" arrived="25477" collisions="30" teleports="30" halting="2" stopped="0" meanWaitingTime="503.06" meanTravelTime="292.35" meanSpeed="23.56" meanSpeedRelative="0.74" duration="4"/>
    <step time="33900.00" loaded="28433" inserted="26015" running="275" waiting="2418" ended="25740" arrived="25740" collisions="30" teleports="30" halting="1" stopped="0" meanWaitingTime="518.90" meanTravelTime="292.07" meanSpeed="23.22" meanSpeedRelative="0.73" duration="2"/>
    <step time="34200.00" loaded="28701" inserted="26284" running="249" waiting="2417" ended="26035" arrived="26035" collisions="30" teleports="30" halting="4" stopped="0" meanWaitingTime="534.08" meanTravelTime="292.00" meanSpeed="22.89" meanSpeedRelative="0.72" duration="2"/>
    <step time="34500.00" loaded="28969" inserted="26553" running="244" waiting="2416" ended="26309" arrived="26309" collisions="30" teleports="30" halting="1" stopped="0" meanWaitingTime="547.64" meanTravelTime="291.83" meanSpeed="23.52" meanSpeedRelative="0.74" duration="2"/>
    <step time="34800.00" loaded="29222" inserted="26814" running="238" waiting="2408" ended="26576" arrived="26576" collisions="30" teleports="30" halting="3" stopped="0" meanWaitingTime="563.19" meanTravelTime="291.68" meanSpeed="23.44" meanSpeedRelative="0.73" duration="2"/>
    <step time="35100.00" loaded="29490" inserted="27087" running="235" waiting="2403" ended="26852" arrived="26852" collisions="30" teleports="30" halting="1" stopped="0" meanWaitingTime="578.95" meanTravelTime="291.53" meanSpeed="23.15" meanSpeedRelative="0.72" duration="2"/>
    <step time="35400.00" loaded="29765" inserted="27348" running="244" waiting="2417" ended="27104" arrived="27104" collisions="30" teleports="30" halting="1" stopped="0" meanWaitingTime="593.43" meanTravelTime="291.28" meanSpeed="23.15" meanSpeedRelative="0.72" duration="4"/>
    <step time="35700.00" loaded="30007" inserted="27608" running="227" waiting="2399" ended="27381" arrived="27381" collisions="30" teleports="30" halting="2" stopped="0" meanWaitingTime="609.29" meanTravelTime="290.97" meanSpeed="22.60" meanSpeedRelative="0.71" duration="2"/>
    <step time="36000.00" loaded="30273" inserted="27880" running="232" waiting="2393" ended="27648" arrived="27648" collisions="30" teleports="30" halting="2" stopped="0" meanWaitingTime="625.41" meanTravelTime="290.75" meanSpeed="23.58" meanSpeedRelative="0.74" duration="85"/>
    <step time="36300.00" loaded="30739" inserted="28316" running="373" waiting="2423" ended="27943" arrived="27943" collisions="32" teleports="32" halting="0" stopped="0" meanWaitingTime="639.32" meanTravelTime="290.06" meanSpeed="22.58" meanSpeedRelative="0.71" duration="2"/>
    <step time="36600.00" loaded="31229" inserted="28723" running="412" waiting="2506" ended="28311" arrived="28311" collisions="34" teleports="34" halting="4" stopped="0" meanWaitingTime="652.19" meanTravelTime="289.84" meanSpeed="21.51" meanSpeedRelative="0.67" duration="2"/>
    <step time="36900.00" loaded="31717" inserted="29141" running="411" waiting="2576" ended="28730" arrived="28730" collisions="35" teleports="35" halting="7" stopped="0" meanWaitingTime="666.67" meanTravelTime="289.77" meanSpeed="21.42" meanSpeedRelative="0.67" duration="3"/>
    <step time="37200.00" loaded="32184" inserted="29532" running="408" waiting="2652" ended="29124" arrived="29124" collisions="36" teleports="36" halting="3" stopped="0" meanWaitingTime="680.43" meanTravelTime="289.70" meanSpeed="22.15" meanSpeedRelative="0.69" duration="3"/>
    <step time="37500.00" loaded="32703" inserted="29961" running="443" waiting="2742" ended="29518" arrived="29518" collisions="38" teleports="38" halting="9" stopped="0" meanWaitingTime="693.70" meanTravelTime="290.17" meanSpeed="20.16" meanSpeedRelative="0.63" duration="3"/>
    <step time="37800.00" loaded="33123" inserted="30337" running="411" waiting="2786" ended="29926" arrived="29926" collisions="39" teleports="39" halting="5" stopped="0" meanWaitingTime="707.32" meanTravelTime="290.59" meanSpeed="20.48" meanSpeedRelative="0.64" duration="3"/>
    <step time="38100.00" loaded="33581" inserted="30753" running="421" waiting="2828" ended="30332" arrived="30332" collisions="39" teleports="39" halting="4" stopped="0" meanWaitingTime="722.39" meanTravelTime="290.93" meanSpeed="20.43" meanSpeedRelative="0.64" duration="4"/>
    <step time="38400.00" loaded="34066" inserted="31175" running="462" waiting="2891" ended="30713" arrived="30713" collisions="40" teleports="40" halting="4" stopped="0" meanWaitingTime="736.63" meanTravelTime="291.38" meanSpeed="20.97" meanSpeedRelative="0.66" duration="5"/>
    <step time="38700.00" loaded="34526" inserted="31570" running="451" waiting="2956" ended="31119" arrived="31119" collisions="40" teleports="40" halting="4" stopped="0" meanWaitingTime="751.14" meanTravelTime="291.74" meanSpeed="20.91" meanSpeedRelative="0.65" duration="3"/>
    <step time="39000.00" loaded="35007" inserted="31980" running="441" waiting="3027" ended="31539" arrived="31539" collisions="40" teleports="40" halting="9" stopped="0" meanWaitingTime="764.95" meanTravelTime="292.17" meanSpeed="20.58" meanSpeedRelative="0.64" duration="3"/>
    <step time="39300.00" loaded="35470" inserted="32375" running="435" waiting="3095" ended="31940" arrived="31940" collisions="42" teleports="42" halting="2" stopped="0" meanWaitingTime="779.28" meanTravelTime="292.68" meanSpeed="20.71" meanSpeedRelative="0.65" duration="4"/>
    <step time="39600.00" loaded="35957" inserted="32799" running="439" waiting="3158" ended="32360" arrived="32360" collisions="42" teleports="42" halting="3" stopped="0" meanWaitingTime="792.45" meanTravelTime="293.30" meanSpeed="20.53" meanSpeedRelative="0.64" duration="89"/>
    <step time="39900.00" loaded="36462" inserted="33230" running="459" waiting="3232" ended="32771" arrived="32771" collisions="42" teleports="42" halting="3" stopped="0" meanWaitingTime="806.31" meanTravelTime="293.26" meanSpeed="21.06" meanSpeedRelative="0.66" duration="3"/>
    <step time="40200.00" loaded="36966" inserted="33670" running="483" waiting="3296" ended="33187" arrived="33187" collisions="45" teleports="45" halting="5" stopped="0" meanWaitingTime="819.15" meanTravelTime="293.39" meanSpeed="21.13" meanSpeedRelative="0.66" duration="6"/>
    <step time="40500.00" loaded="37443" inserted="34074" running="447" waiting="3369" ended="33627" arrived="33627" collisions="47" teleports="47" halting="4" stopped="0" meanWaitingTime="831.00" meanTravelTime="294.06" meanSpeed="20.91" meanSpeedRelative="0.65" duration="4"/>
    <step time="40800.00" loaded="37958" inserted="34507" running="462" waiting="3451" ended="34045" arrived="34045" collisions="48" teleports="48" halting="8" stopped="0" meanWaitingTime="843.47" meanTravelTime="294.48" meanSpeed="20.02" meanSpeedRelative="0.63" duration="5"/>
    <step time="41100.00" loaded="38514" inserted="34970" running="485" waiting="3544" ended="34485" arrived="34485" collisions="49" teleports="49" halting="5" stopped="0" meanWaitingTime="857.10" meanTravelTime="294.82" meanSpeed="21.15" meanSpeedRelative="0.66" duration="4"/>
    <step time="41400.00" loaded="39030" inserted="35392" running="458" waiting="3638" ended="34934" arrived="34934" collisions="50" teleports="50" halting="3" stopped="0" meanWaitingTime="869.04" meanTravelTime="295.24" meanSpeed="20.65" meanSpeedRelative="0.65" duration="4"/>
    <step time="41700.00" loaded="39543" inserted="35819" running="462" waiting="3724" ended="35357" arrived="35357" collisions="51" teleports="51" halting="6" stopped="0" meanWaitingTime="881.90" meanTravelTime="295.56" meanSpeed="19.96" meanSpeedRelative="0.62" duration="5"/>
    <step time="42000.00" loaded="40061" inserted="36261" running="484" waiting="3800" ended="35777" arrived="35777" collisions="52" teleports="52" halting="6" stopped="0" meanWaitingTime="895.28" meanTravelTime="295.68" meanSpeed="21.07" meanSpeedRelative="0.66" duration="5"/>
    <step time="42300.00" loaded="40590" inserted="36702" running="476" waiting="3888" ended="36226" arrived="36226" collisions="53" teleports="53" halting="1" stopped="0" meanWaitingTime="907.08" meanTravelTime="296.14" meanSpeed="19.97" meanSpeedRelative="0.62" duration="5"/>
    <step time="42600.00" loaded="41114" inserted="37160" running="506" waiting="3954" ended="36654" arrived="36654" collisions="54" teleports="54" halting="3" stopped="0" meanWaitingTime="920.21" meanTravelTime="296.56" meanSpeed="20.11" meanSpeedRelative="0.63" duration="5"/>
    <step time="42900.00" loaded="41675" inserted="37597" running="477" waiting="4078" ended="37120" arrived="37120" collisions="56" teleports="56" halting="2" stopped="0" meanWaitingTime="931.73" meanTravelTime="296.90" meanSpeed="20.33" meanSpeedRelative="0.64" duration="3"/>
    <step time="43200.00" loaded="42174" inserted="38037" running="500" waiting="4137" ended="37537" arrived="37537" collisions="56" teleports="56" halting="2" stopped="0" meanWaitingTime="943.57" meanTravelTime="297.38" meanSpeed="19.84" meanSpeedRelative="0.62" duration="95"/>
    <step time="43500.00" loaded="42739" inserted="38511" running="518" waiting="4228" ended="37993" arrived="37993" collisions="56" teleports="56" halting="6" stopped="0" meanWaitingTime="958.60" meanTravelTime="297.68" meanSpeed="20.00" meanSpeedRelative="0.63" duration="6"/>
    <step time="43800.00" loaded="43285" inserted="38964" running="542" waiting="4321" ended="38422" arrived="38422" collisions="56" teleports="56" halting="2" stopped="0" meanWaitingTime="972.62" meanTravelTime="298.27" meanSpeed="19.41" meanSpeedRelative="0.61" duration="4"/>
    <step time="44100.00" loaded="43831" inserted="39435" running="547" waiting="4396" ended="38888" arrived="38888" collisions="56" teleports="56" halting="5" stopped="0" meanWaitingTime="986.93" meanTravelTime="298.89" meanSpeed="18.52" meanSpeedRelative="0.58" duration="4"/>
    <step time="44400.00" loaded="44358" inserted="39876" running="539" waiting="4482" ended="39337" arrived="39337" collisions="59" teleports="59" halting="6" stopped="0" meanWaitingTime="998.96" meanTravelTime="299.65" meanSpeed="18.57" meanSpeedRelative="0.58" duration="4"/>
    <step time="44700.00" loaded="44890" inserted="40343" running="538" waiting="4547" ended="39805" arrived="39805" collisions="59" teleports="59" halting="6" stopped="0" meanWaitingTime="1012.85" meanTravelTime="300.35" meanSpeed="19.57" meanSpeedRelative="0.61" duration="5"/>
    <step time="45000.00" loaded="45412" inserted="40796" running="543" waiting="4616" ended="40253" arrived="40253" collisions="59" teleports="59" halting="5" stopped="0" meanWaitingTime="1025.51" meanTravelTime="300.86" meanSpeed="19.29" meanSpeedRelative="0.60" duration="5"/>
    <step time="45300.00" loaded="45953" inserted="41260" running="551" waiting="4693" ended="40709" arrived="40709" collisions="59" teleports="59" halting="7" stopped="0" meanWaitingTime="1039.56" meanTravelTime="301.42" meanSpeed="18.86" meanSpeedRelative="0.59" duration="6"/>
    <step time="45600.00" loaded="46475" inserted="41699" running="546" waiting="4776" ended="41153" arrived="41153" collisions="59" teleports="59" halting="5" stopped="0" meanWaitingTime="1050.97" meanTravelTime="302.07" meanSpeed="18.72" meanSpeedRelative="0.59" duration="5"/>
    <step time="45900.00" loaded="46984" inserted="42120" running="534" waiting="4864" ended="41586" arrived="41586" collisions="59" teleports="59" halting="6" stopped="0" meanWaitingTime="1061.94" meanTravelTime="302.94" meanSpeed="18.83" meanSpeedRelative="0.59" duration="6"/>
    <step time="46200.00" loaded="47553" inserted="42609" running="578" waiting="4944" ended="42031" arrived="42031" collisions="63" teleports="63" halting="9" stopped="0" meanWaitingTime="1074.58" meanTravelTime="303.60" meanSpeed="19.06" meanSpeedRelative="0.60" duration="5"/>
    <step time="46500.00" loaded="48062" inserted="43059" running="555" waiting="5003" ended="42504" arrived="42504" collisions="66" teleports="66" halting="2" stopped="0" meanWaitingTime="1088.52" meanTravelTime="304.11" meanSpeed="19.17" meanSpeedRelative="0.60" duration="4"/>
    <step time="46800.00" loaded="48638" inserted="43574" running="605" waiting="5064" ended="42969" arrived="42969" collisions="67" teleports="67" halting="5" stopped="0" meanWaitingTime="1102.21" meanTravelTime="304.84" meanSpeed="18.59" meanSpeedRelative="0.58" duration="95"/>
    <step time="47100.00" loaded="49163" inserted="44044" running="578" waiting="5119" ended="43466" arrived="43466" collisions="69" teleports="69" halting="7" stopped="0" meanWaitingTime="1115.27" meanTravelTime="305.49" meanSpeed="18.94" meanSpeedRelative="0.59" duration="4"/>
    <step time="47400.00" loaded="49746" inserted="44502" running="571" waiting="5244" ended="43931" arrived="43931" collisions="72" teleports="72" halting="13" stopped="0" meanWaitingTime="1127.68" meanTravelTime="306.15" meanSpeed="18.49" meanSpeedRelative="0.58" duration="6"/>
    <step time="47700.00" loaded="50290" inserted="44984" running="595" waiting="5306" ended="44389" arrived="44389" collisions="72" teleports="72" halting="1" stopped="0" meanWaitingTime="1141.34" meanTravelTime="306.98" meanSpeed="18.78" meanSpeedRelative="0.59" duration="5"/>
    <step time="48000.00" loaded="50812" inserted="45474" running="608" waiting="5338" ended="44866" arrived="44866" collisions="75" teleports="75" halting="4" stopped="0" meanWaitingTime="1156.02" meanTravelTime="307.53" meanSpeed="18.70" meanSpeedRelative="0.58" duration="6"/>
    <step time="48300.00" loaded="51325" inserted="45921" running="598" waiting="5404" ended="45323" arrived="45323" collisions="76" teleports="76" halting="3" stopped="0" meanWaitingTime="1169.22" meanTravelTime="308.32" meanSpeed="19.11" meanSpeedRelative="0.60" duration="7"/>
    <step time="48600.00" loaded="51872" inserted="46415" running="599" waiting="5457" ended="45816" arrived="45816" collisions="76" teleports="76" halting="3" stopped="0" meanWaitingTime="1182.67" meanTravelTime="309.16" meanSpeed="18.59" meanSpeedRelative="0.58" duration="5"/>
    <step time="48900.00" loaded="52411" inserted="46885" running="591" waiting="5526" ended="46294" arrived="46294" collisions="78" teleports="78" halting="9" stopped="0" meanWaitingTime="1194.92" meanTravelTime="309.69" meanSpeed="18.24" meanSpeedRelative="0.57" duration="5"/>
    <step time="49200.00" loaded="52917" inserted="47321" running="562" waiting="5596" ended="46759" arrived="46759" collisions="78" teleports="78" halting="8" stopped="0" meanWaitingTime="1207.21" meanTravelTime="310.51" meanSpeed="18.88" meanSpeedRelative="0.59" duration="6"/>
    <step time="49500.00" loaded="53395" inserted="47760" running="564" waiting="5635" ended="47196" arrived="47196" collisions="79" teleports="79" halting="3" stopped="0" meanWaitingTime="1220.85" meanTravelTime="311.11" meanSpeed="18.56" meanSpeedRelative="0.58" duration="5"/>
    <step time="49800.00" loaded="53920" inserted="48224" running="572" waiting="5696" ended="47652" arrived="47652" collisions="80" teleports="80" halting="5" stopped="0" meanWaitingTime="1234.78" meanTravelTime="311.72" meanSpeed="18.99" meanSpeedRelative="0.59" duration="6"/>
    <step time="50100.00" loaded="54447" inserted="48693" running="580" waiting="5754" ended="48113" arrived="48113" collisions="81" teleports="81" halting="5" stopped="0" meanWaitingTime="1249.69" meanTravelTime="312.25" meanSpeed="19.56" meanSpeedRelative="0.61" duration="6"/>
    <step time="50400.00" loaded="55029" inserted="49174" running="584" waiting="5855" ended="48590" arrived="48590" collisions="84" teleports="84" halting="9" stopped="0" meanWaitingTime="1263.41" meanTravelTime="312.95" meanSpeed="18.57" meanSpeedRelative="0.58" duration="95"/>
    <step time="50700.00" loaded="55725" inserted="49720" running="661" waiting="6005" ended="49059" arrived="49059" collisions="86" teleports="86" halting="10" stopped="0" meanWaitingTime="1278.22" meanTravelTime="313.38" meanSpeed="17.87" meanSpeedRelative="0.56" duration="8"/>
    <step time="51000.00" loaded="56388" inserted="50241" running="697" waiting="6147" ended="49544" arrived="49544" collisions="89" teleports="89" halting="5" stopped="0" meanWaitingTime="1290.65" meanTravelTime="314.01" meanSpeed="16.86" meanSpeedRelative="0.53" duration="6"/>
    <step time="51300.00" loaded="57124" inserted="50788" running="739" waiting="6336" ended="50049" arrived="50049" collisions="89" teleports="89" halting="12" stopped="0" meanWaitingTime="1304.21" meanTravelTime="314.87" meanSpeed="16.23" meanSpeedRelative="0.51" duration="5"/>
    <step time="51600.00" loaded="57851" inserted="51316" running="787" waiting="6535" ended="50529" arrived="50529" collisions="94" teleports="94" halting="6" stopped="0" meanWaitingTime="1314.32" meanTravelTime="315.87" meanSpeed="15.76" meanSpeedRelative="0.49" duration="9"/>
    <step time="51900.00" loaded="58566" inserted="51818" running="769" waiting="6748" ended="51049" arrived="51049" collisions="94" teleports="94" halting="5" stopped="0" meanWaitingTime="1326.68" meanTravelTime="317.13" meanSpeed="15.30" meanSpeedRelative="0.48" duration="9"/>
    <step time="52200.00" loaded="59294" inserted="52374" running="814" waiting="6920" ended="51560" arrived="51560" collisions="97" teleports="97" halting="13" stopped="0" meanWaitingTime="1337.68" meanTravelTime="318.48" meanSpeed="14.96" meanSpeedRelative="0.47" duration="8"/>
    <step time="52500.00" loaded="60026" inserted="52923" running="879" waiting="7103" ended="52044" arrived="52044" collisions="98" teleports="98" halting="7" stopped="0" meanWaitingTime="1348.51" meanTravelTime="319.90" meanSpeed="14.44" meanSpeedRelative="0.45" duration="9"/>
    <step time="52800.00" loaded="60740" inserted="53444" running="887" waiting="7296" ended="52557" arrived="52557" collisions="100" teleports="100" halting="9" stopped="0" meanWaitingTime="1358.79" meanTravelTime="321.59" meanSpeed="14.92" meanSpeedRelative="0.47" duration="8"/>
    <step time="53100.00" loaded="61457" inserted="53974" running="899" waiting="7483" ended="53075" arrived="53075" collisions="101" teleports="101" halting="12" stopped="0" meanWaitingTime="1371.32" meanTravelTime="323.45" meanSpeed="13.92" meanSpeedRelative="0.43" duration="9"/>
    <step time="53400.00" loaded="62171" inserted="54479" running="904" waiting="7692" ended="53575" arrived="53575" collisions="102" teleports="102" halting="15" stopped="0" meanWaitingTime="1382.24" meanTravelTime="324.98" meanSpeed="13.68" meanSpeedRelative="0.43" duration="7"/>
    <step time="53700.00" loaded="62885" inserted="55008" running="930" waiting="7877" ended="54078" arrived="54078" collisions="102" teleports="102" halting="13" stopped="0" meanWaitingTime="1393.37" meanTravelTime="326.72" meanSpeed="13.15" meanSpeedRelative="0.41" duration="8"/>
    <step time="54000.00" loaded="63626" inserted="55578" running="1014" waiting="8048" ended="54564" arrived="54564" collisions="103" teleports="103" halting="18" stopped="0" meanWaitingTime="1404.23" meanTravelTime="328.48" meanSpeed="12.55" meanSpeedRelative="0.39" duration="94"/>
    <step time="54300.00" loaded="64081" inserted="56008" running="918" waiting="8073" ended="55090" arrived="55090" collisions="105" teleports="105" halting="19" stopped="0" meanWaitingTime="1418.59" meanTravelTime="330.32" meanSpeed="12.82" meanSpeedRelative="0.40" duration="10"/>
    <step time="54600.00" loaded="64584" inserted="56446" running="860" waiting="8138" ended="55586" arrived="55586" collisions="106" teleports="106" halting="7" stopped="0" meanWaitingTime="1430.06" meanTravelTime="332.81" meanSpeed="13.39" meanSpeedRelative="0.42" duration="9"/>
    <step time="54900.00" loaded="65042" inserted="56904" running="803" waiting="8138" ended="56101" arrived="56101" collisions="107" teleports="107" halting="4" stopped="0" meanWaitingTime="1444.28" meanTravelTime="335.02" meanSpeed="13.68" meanSpeedRelative="0.43" duration="8"/>
    <step time="55200.00" loaded="65486" inserted="57331" running="751" waiting="8155" ended="56580" arrived="56580" collisions="111" teleports="111" halting="7" stopped="0" meanWaitingTime="1459.75" meanTravelTime="336.78" meanSpeed="14.82" meanSpeedRelative="0.46" duration="9"/>
    <step time="55500.00" loaded="65944" inserted="57774" running="715" waiting="8170" ended="57059" arrived="57059" collisions="112" teleports="112" halting="6" stopped="0" meanWaitingTime="1477.02" meanTravelTime="338.32" meanSpeed="15.08" meanSpeedRelative="0.47" duration="9"/>
    <step time="55800.00" loaded="66409" inserted="58234" running="692" waiting="8175" ended="57542" arrived="57542" collisions="114" teleports="114" halting="7" stopped="0" meanWaitingTime="1494.11" meanTravelTime="339.61" meanSpeed="15.20" meanSpeedRelative="0.48" duration="9"/>
    <step time="56100.00" loaded="66914" inserted="58693" running="690" waiting="8221" ended="58003" arrived="58003" collisions="114" teleports="114" halting="10" stopped="0" meanWaitingTime="1510.53" meanTravelTime="340.64" meanSpeed="16.14" meanSpeedRelative="0.50" duration="7"/>
    <step time="56400.00" loaded="67357" inserted="59131" running="645" waiting="8226" ended="58486" arrived="58486" collisions="115" teleports="115" halting="9" stopped="0" meanWaitingTime="1527.98" meanTravelTime="341.42" meanSpeed="17.03" meanSpeedRelative="0.53" duration="6"/>
    <step time="56700.00" loaded="67824" inserted="59582" running="624" waiting="8242" ended="58958" arrived="58958" collisions="116" teleports="116" halting="5" stopped="0" meanWaitingTime="1546.85" meanTravelTime="342.08" meanSpeed="18.16" meanSpeedRelative="0.57" duration="8"/>
    <step time="57000.00" loaded="68264" inserted="60042" running="606" waiting="8222" ended="59436" arrived="59436" collisions="117" teleports="117" halting="5" stopped="0" meanWaitingTime="1564.22" meanTravelTime="342.72" meanSpeed="17.73" meanSpeedRelative="0.55" duration="9"/>
    <step time="57300.00" loaded="68733" inserted="60508" running="613" waiting="8225" ended="59895" arrived="59895" collisions="117" teleports="117" halting="11" stopped="0" meanWaitingTime="1580.31" meanTravelTime="343.10" meanSpeed="17.71" meanSpeedRelative="0.55" duration="8"/>
    <step time="57600.00" loaded="69202" inserted="60957" running="601" waiting="8245" ended="60356" arrived="60356" collisions="118" teleports="118" halting="2" stopped="0" meanWaitingTime="1598.62" meanTravelTime="343.47" meanSpeed="17.95" meanSpeedRelative="0.56" duration="85"/>
    <step time="57900.00" loaded="69766" inserted="61457" running="633" waiting="8309" ended="60824" arrived="60824" collisions="120" teleports="120" halting="1" stopped="0" meanWaitingTime="1616.27" meanTravelTime="343.80" meanSpeed="17.39" meanSpeedRelative="0.54" duration="7"/>
    <step time="58200.00" loaded="70310" inserted="61918" running="615" waiting="8392" ended="61303" arrived="61303" collisions="120" teleports="120" halting="5" stopped="0" meanWaitingTime="1633.80" meanTravelTime="344.08" meanSpeed="18.17" meanSpeedRelative="0.57" duration="5"/>
    <step time="58500.00" loaded="70869" inserted="62400" running="624" waiting="8469" ended="61776" arrived="61776" collisions="121" teleports="121" halting="9" stopped="0" meanWaitingTime="1651.04" meanTravelTime="344.49" meanSpeed="17.73" meanSpeedRelative="0.55" duration="8"/>
    <step time="58800.00" loaded="71403" inserted="62868" running="618" waiting="8535" ended="62250" arrived="62250" collisions="124" teleports="124" halting="5" stopped="0" meanWaitingTime="1667.26" meanTravelTime="344.80" meanSpeed="17.63" meanSpeedRelative="0.55" duration="8"/>
    <step time="59100.00" loaded="71955" inserted="63345" running="623" waiting="8610" ended="62722" arrived="62722" collisions="125" teleports="125" halting="4" stopped="0" meanWaitingTime="1683.66" meanTravelTime="345.12" meanSpeed="17.63" meanSpeedRelative="0.55" duration="6"/>
    <step time="59400.00" loaded="72518" inserted="63817" running="627" waiting="8701" ended="63190" arrived="63190" collisions="127" teleports="127" halting="7" stopped="0" meanWaitingTime="1700.06" meanTravelTime="345.66" meanSpeed="18.32" meanSpeedRelative="0.57" duration="8"/>
    <step time="59700.00" loaded="73071" inserted="64294" running="640" waiting="8777" ended="63654" arrived="63654" collisions="130" teleports="130" halting="7" stopped="0" meanWaitingTime="1715.97" meanTravelTime="346.07" meanSpeed="17.82" meanSpeedRelative="0.56" duration="5"/>
    <step time="60000.00" loaded="73721" inserted="64803" running="681" waiting="8918" ended="64122" arrived="64122" collisions="132" teleports="132" halting="8" stopped="0" meanWaitingTime="1732.78" meanTravelTime="346.46" meanSpeed="17.74" meanSpeedRelative="0.55" duration="8"/>
    <step time="60300.00" loaded="74334" inserted="65322" running="724" waiting="9012" ended="64598" arrived="64598" collisions="134" teleports="134" halting="6" stopped="0" meanWaitingTime="1748.14" meanTravelTime="346.78" meanSpeed="16.73" meanSpeedRelative="0.52" duration="6"/>
    <step time="60600.00" loaded="74904" inserted="65820" running="720" waiting="9084" ended="65100" arrived="65100" collisions="134" teleports="134" halting="7" stopped="0" meanWaitingTime="1764.10" meanTravelTime="347.39" meanSpeed="16.58" meanSpeedRelative="0.52" duration="9"/>
    <step time="60900.00" loaded="75500" inserted="66314" running="722" waiting="9186" ended="65592" arrived="65592" collisions="135" teleports="135" halting="6" stopped="0" meanWaitingTime="1778.81" meanTravelTime="347.94" meanSpeed="16.45" meanSpeedRelative="0.51" duration="9"/>
    <step time="61200.00" loaded="76089" inserted="66798" running="722" waiting="9291" ended="66076" arrived="66076" collisions="139" teleports="139" halting="3" stopped="0" meanWaitingTime="1793.71" meanTravelTime="348.51" meanSpeed="16.74" meanSpeedRelative="0.52" duration="85"/>
    <step time="61500.00" loaded="76157" inserted="67126" running="606" waiting="9031" ended="66520" arrived="66520" collisions="145" teleports="145" halting="4" stopped="0" meanWaitingTime="1815.12" meanTravelTime="349.36" meanSpeed="17.84" meanSpeedRelative="0.56" duration="7"/>
    <step time="61800.00" loaded="76234" inserted="67475" running="534" waiting="8759" ended="66941" arrived="66941" collisions="150" teleports="150" halting="5" stopped="0" meanWaitingTime="1838.56" meanTravelTime="350.19" meanSpeed="16.92" meanSpeedRelative="0.53" duration="5"/>
    <step time="62100.00" loaded="76313" inserted="67852" running="512" waiting="8461" ended="67340" arrived="67340" collisions="150" teleports="150" halting="6" stopped="0" meanWaitingTime="1864.34" meanTravelTime="350.89" meanSpeed="17.67" meanSpeedRelative="0.55" duration="6"/>
    <step time="62400.00" loaded="76388" inserted="68189" running="461" waiting="8199" ended="67728" arrived="67728" collisions="150" teleports="150" halting="1" stopped="0" meanWaitingTime="1886.46" meanTravelTime="351.33" meanSpeed="18.77" meanSpeedRelative="0.59" duration="4"/>
    <step time="62700.00" loaded="76466" inserted="68492" running="401" waiting="7974" ended="68091" arrived="68091" collisions="150" teleports="150" halting="2" stopped="0" meanWaitingTime="1908.03" meanTravelTime="351.81" meanSpeed="20.27" meanSpeedRelative="0.63" duration="5"/>
    <step time="63000.00" loaded="76531" inserted="68778" running="364" waiting="7753" ended="68414" arrived="68414" collisions="151" teleports="151" halting="4" stopped="0" meanWaitingTime="1929.92" meanTravelTime="351.98" meanSpeed="20.82" meanSpeedRelative="0.65" duration="4"/>
    <step time="63300.00" loaded="76602" inserted="69041" running="336" waiting="7561" ended="68705" arrived="68705" collisions="152" teleports="152" halting="6" stopped="0" meanWaitingTime="1946.43" meanTravelTime="352.19" meanSpeed="21.49" meanSpeedRelative="0.67" duration="3"/>
    <step time="63600.00" loaded="76679" inserted="69298" running="305" waiting="7381" ended="68993" arrived="68993" collisions="152" teleports="152" halting="4" stopped="0" meanWaitingTime="1963.50" meanTravelTime="352.35" meanSpeed="22.18" meanSpeedRelative="0.69" duration="3"/>
    <step time="63900.00" loaded="76751" inserted="69501" running="232" waiting="7250" ended="69269" arrived="69269" collisions="152" teleports="152" halting="5" stopped="0" meanWaitingTime="1980.84" meanTravelTime="352.39" meanSpeed="21.67" meanSpeedRelative="0.68" duration="2"/>
    <step time="64200.00" loaded="76828" inserted="69711" running="205" waiting="7117" ended="69506" arrived="69506" collisions="152" teleports="152" halting="5" stopped="0" meanWaitingTime="2000.34" meanTravelTime="352.36" meanSpeed="21.43" meanSpeedRelative="0.67" duration="2"/>
    <step time="64500.00" loaded="76907" inserted="69920" running="213" waiting="6987" ended="69707" arrived="69707" collisions="152" teleports="152" halting="1" stopped="0" meanWaitingTime="2016.64" meanTravelTime="352.23" meanSpeed="22.02" meanSpeedRelative="0.69" duration="4"/>
    <step time="64800.00" loaded="76975" inserted="70124" running="210" waiting="6851" ended="69914" arrived="69914" collisions="152" teleports="152" halting="3" stopped="0" meanWaitingTime="2036.49" meanTravelTime="352.04" meanSpeed="21.08" meanSpeedRelative="0.66" duration="98"/>
    <step time="65100.00" loaded="77033" inserted="70320" running="217" waiting="6713" ended="70103" arrived="70103" collisions="152" teleports="152" halting="8" stopped="0" meanWaitingTime="2055.43" meanTravelTime="351.89" meanSpeed="20.15" meanSpeedRelative="0.63" duration="2"/>
    <step time="65400.00" loaded="77087" inserted="70551" running="235" waiting="6536" ended="70316" arrived="70316" collisions="152" teleports="152" halting="4" stopped="0" meanWaitingTime="2078.93" meanTravelTime="351.76" meanSpeed="21.63" meanSpeedRelative="0.68" duration="2"/>
    <step time="65700.00" loaded="77150" inserted="70771" running="229" waiting="6379" ended="70542" arrived="70542" collisions="152" teleports="152" halting="3" stopped="0" meanWaitingTime="2099.46" meanTravelTime="351.60" meanSpeed="21.90" meanSpeedRelative="0.68" duration="3"/>
    <step time="66000.00" loaded="77206" inserted="70994" running="223" waiting="6212" ended="70771" arrived="70771" collisions="152" teleports="152" halting="6" stopped="0" meanWaitingTime="2120.85" meanTravelTime="351.49" meanSpeed="21.79" meanSpeedRelative="0.68" duration="2"/>
    <step time="66300.00" loaded="77254" inserted="71238" running="228" waiting="6016" ended="71010" arrived="71010" collisions="152" teleports="152" halting="5" stopped="0" meanWaitingTime="2146.46" meanTravelTime="351.24" meanSpeed="21.79" meanSpeedRelative="0.68" duration="3"/>
    <step time="66600.00" loaded="77310" inserted="71479" running="230" waiting="5831" ended="71249" arrived="71249" collisions="152" teleports="152" halting="4" stopped="0" meanWaitingTime="2169.02" meanTravelTime="351.08" meanSpeed="20.72" meanSpeedRelative="0.65" duration="3"/>
    <step time="66900.00" loaded="77373" inserted="71625" running="156" waiting="5748" ended="71469" arrived="71469" collisions="152" teleports="152" halting="4" stopped="0" meanWaitingTime="2184.85" meanTravelTime="350.96" meanSpeed="21.60" meanSpeedRelative="0.68" duration="2"/>
    <step time="67200.00" loaded="77413" inserted="71767" running="128" waiting="5646" ended="71639" arrived="71639" collisions="152" teleports="152" halting="6" stopped="0" meanWaitingTime="2202.99" meanTravelTime="350.78" meanSpeed="19.34" meanSpeedRelative="0.60" duration="2"/>
    <step time="67500.00" loaded="77468" inserted="71916" running="141" waiting="5552" ended="71775" arrived="71775" collisions="152" teleports="152" halting="0" stopped="0" meanWaitingTime="2221.33" meanTravelTime="350.64" meanSpeed="22.07" meanSpeedRelative="0.69" duration="2"/>
    <step time="67800.00" loaded="77507" inserted="72068" running="134" waiting="5439" ended="71934" arrived="71934" collisions="152" teleports="152" halting="3" stopped="0" meanWaitingTime="2242.10" meanTravelTime="350.47" meanSpeed="21.32" meanSpeedRelative="0.67" duration="2"/>
    <step time="68100.00" loaded="77559" inserted="72208" running="115" waiting="5351" ended="72093" arrived="72093" collisions="152" teleports="152" halting="4" stopped="0" meanWaitingTime="2260.05" meanTravelTime="350.31" meanSpeed="19.02" meanSpeedRelative="0.59" duration="1"/>
    <step time="68400.00" loaded="77595" inserted="72331" running="104" waiting="5264" ended="72227" arrived="72227" collisions="153" teleports="153" halting="0" stopped="0" meanWaitingTime="2275.76" meanTravelTime="350.17" meanSpeed="19.75" meanSpeedRelative="0.62" duration="92"/>
    <step time="68700.00" loaded="77754" inserted="72541" running="166" waiting="5213" ended="72375" arrived="72375" collisions="153" teleports="153" halting="1" stopped="0" meanWaitingTime="2291.49" meanTravelTime="349.93" meanSpeed="22.17" meanSpeedRelative="0.69" duration="2"/>
    <step time="69000.00" loaded="77889" inserted="72742" running="177" waiting="5147" ended="72565" arrived="72565" collisions="153" teleports="153" halting="4" stopped="0" meanWaitingTime="2307.70" meanTravelTime="349.74" meanSpeed="22.30" meanSpeedRelative="0.70" duration="2"/>
    <step time="69300.00" loaded="78033" inserted="72944" running="182" waiting="5089" ended="72762" arrived="72762" collisions="153" teleports="153" halting="6" stopped="0" meanWaitingTime="2321.34" meanTravelTime="349.45" meanSpeed="22.49" meanSpeedRelative="0.70" duration="2"/>
    <step time="69600.00" loaded="78184" inserted="73146" running="180" waiting="5038" ended="72966" arrived="72966" collisions="153" teleports="153" halting="2" stopped="0" meanWaitingTime="2335.48" meanTravelTime="349.22" meanSpeed="22.06" meanSpeedRelative="0.69" duration="2"/>
    <step time="69900.00" loaded="78367" inserted="73375" running="209" waiting="4992" ended="73166" arrived="73166" collisions="153" teleports="153" halting="2" stopped="0" meanWaitingTime="2349.82" meanTravelTime="348.96" meanSpeed="22.26" meanSpeedRelative="0.70" duration="2"/>
    <step time="70200.00" loaded="78530" inserted="73591" running="207" waiting="4939" ended="73384" arrived="73384" collisions="154" teleports="154" halting="6" stopped="0" meanWaitingTime="2364.16" meanTravelTime="348.75" meanSpeed="22.15" meanSpeedRelative="0.69" duration="2"/>
    <step time="70500.00" loaded="78674" inserted="73789" running="195" waiting="4885" ended="73594" arrived="73594" collisions="155" teleports="155" halting="9" stopped="0" meanWaitingTime="2379.33" meanTravelTime="348.58" meanSpeed="21.96" meanSpeedRelative="0.69" duration="2"/>
    <step time="70800.00" loaded="78843" inserted="73988" running="177" waiting="4855" ended="73811" arrived="73811" collisions="155" teleports="155" halting="4" stopped="0" meanWaitingTime="2394.96" meanTravelTime="348.45" meanSpeed="21.71" meanSpeedRelative="0.68" duration="3"/>
    <step time="71100.00" loaded="79015" inserted="74204" running="192" waiting="4811" ended="74012" arrived="74012" collisions="155" teleports="155" halting="0" stopped="0" meanWaitingTime="2410.08" meanTravelTime="348.20" meanSpeed="22.67" meanSpeedRelative="0.71" duration="2"/>
    <step time="71400.00" loaded="79178" inserted="74421" running="195" waiting="4757" ended="74226" arrived="74226" collisions="155" teleports="155" halting="5" stopped="0" meanWaitingTime="2424.72" meanTravelTime="347.97" meanSpeed="22.20" meanSpeedRelative="0.69" duration="2"/>
    <step time="71700.00" loaded="79332" inserted="74634" running="187" waiting="4698" ended="74447" arrived="74447" collisions="155" teleports="155" halting="9" stopped="0" meanWaitingTime="2441.86" meanTravelTime="347.74" meanSpeed="21.85" meanSpeedRelative="0.68" duration="2"/>
    <step time="72000.00" loaded="79486" inserted="74831" running="177" waiting="4655" ended="74654" arrived="74654" collisions="155" teleports="155" halting="5" stopped="0" meanWaitingTime="2456.39" meanTravelTime="347.53" meanSpeed="22.50" meanSpeedRelative="0.70" duration="88"/>
    <step time="72300.00" loaded="79631" inserted="75019" running="168" waiting="4612" ended="74851" arrived="74851" collisions="155" teleports="155" halting="3" stopped="0" meanWaitingTime="2472.22" meanTravelTime="347.27" meanSpeed="21.11" meanSpeedRelative="0.66" duration="2"/>
    <step time="72600.00" loaded="79770" inserted="75227" running="165" waiting="4543" ended="75062" arrived="75062" collisions="156" teleports="156" halting="10" stopped="0" meanWaitingTime="2489.21" meanTravelTime="347.05" meanSpeed="21.40" meanSpeedRelative="0.67" duration="2"/>
    <step time="72900.00" loaded="79914" inserted="75417" running="176" waiting="4497" ended="75241" arrived="75241" collisions="156" teleports="156" halting="2" stopped="0" meanWaitingTime="2503.96" meanTravelTime="346.86" meanSpeed="22.34" meanSpeedRelative="0.70" duration="1"/>
    <step time="73200.00" loaded="80047" inserted="75608" running="176" waiting="4439" ended="75432" arrived="75432" collisions="156" teleports="156" halting="3" stopped="0" meanWaitingTime="2520.57" meanTravelTime="346.64" meanSpeed="22.20" meanSpeedRelative="0.69" duration="1"/>
    <step time="73500.00" loaded="80183" inserted="75815" running="186" waiting="4368" ended="75629" arrived="75629" collisions="156" teleports="156" halting="7" stopped="0" meanWaitingTime="2536.38" meanTravelTime="346.43" meanSpeed="21.42" meanSpeedRelative="0.67" duration="2"/>
    <step time="73800.00" loaded="80311" inserted="76002" running="170" waiting="4309" ended="75832" arrived="75832" collisions="157" teleports="157" halting="4" stopped="0" meanWaitingTime="2554.33" meanTravelTime="346.23" meanSpeed="21.08" meanSpeedRelative="0.66" duration="2"/>
    <step time="74100.00" loaded="80440" inserted="76186" running="167" waiting="4254" ended="76019" arrived="76019" collisions="157" teleports="157" halting="3" stopped="0" meanWaitingTime="2569.96" meanTravelTime="346.07" meanSpeed="22.35" meanSpeedRelative="0.70" duration="2"/>
    <step time="74400.00" loaded="80583" inserted="76382" running="159" waiting="4201" ended="76223" arrived="76223" collisions="157" teleports="157" halting="8" stopped="0" meanWaitingTime="2587.55" meanTravelTime="345.80" meanSpeed="22.12" meanSpeedRelative="0.69" duration="2"/>
    <step time="74700.00" loaded="80712" inserted="76574" running="168" waiting="4138" ended="76406" arrived="76406" collisions="157" teleports="157" halting="8" stopped="0" meanWaitingTime="2603.10" meanTravelTime="345.59" meanSpeed="21.37" meanSpeedRelative="0.67" duration="1"/>
    <step time="75000.00" loaded="80835" inserted="76759" running="162" waiting="4076" ended="76597" arrived="76597" collisions="157" teleports="157" halting="2" stopped="0" meanWaitingTime="2618.94" meanTravelTime="345.39" meanSpeed="21.80" meanSpeedRelative="0.68" duration="2"/>
    <step time="75300.00" loaded="80986" inserted="76943" running="167" waiting="4043" ended="76776" arrived="76776" collisions="157" teleports="157" halting="6" stopped="0" meanWaitingTime="2634.32" meanTravelTime="345.21" meanSpeed="21.35" meanSpeedRelative="0.67" duration="2"/>
    <step time="75600.00" loaded="81112" inserted="77129" running="178" waiting="3983" ended="76951" arrived="76951" collisions="157" teleports="157" halting="5" stopped="0" meanWaitingTime="2650.32" meanTravelTime="345.06" meanSpeed="22.08" meanSpeedRelative="0.69" duration="84"/>
    <step time="75900.00" loaded="81313" inserted="77372" running="207" waiting="3941" ended="77165" arrived="77165" collisions="158" teleports="158" halting="3" stopped="0" meanWaitingTime="2666.42" meanTravelTime="344.82" meanSpeed="22.06" meanSpeedRelative="0.69" duration="2"/>
    <step time="76200.00" loaded="81530" inserted="77626" running="226" waiting="3904" ended="77400" arrived="77400" collisions="159" teleports="159" halting="6" stopped="0" meanWaitingTime="2682.80" meanTravelTime="344.63" meanSpeed="21.66" meanSpeedRelative="0.68" duration="4"/>
    <step time="76500.00" loaded="81728" inserted="77858" running="223" waiting="3870" ended="77635" arrived="77635" collisions="161" teleports="161" halting="8" stopped="0" meanWaitingTime="2699.71" meanTravelTime="344.42" meanSpeed="22.18" meanSpeedRelative="0.69" duration="2"/>
    <step time="76800.00" loaded="81911" inserted="78091" running="212" waiting="3820" ended="77879" arrived="77879" collisions="161" teleports="161" halting="1" stopped="0" meanWaitingTime="2714.50" meanTravelTime="344.18" meanSpeed="22.45" meanSpeedRelative="0.70" duration="3"/>
    <step time="77100.00" loaded="82112" inserted="78334" running="209" waiting="3778" ended="78125" arrived="78125" collisions="161" teleports="161" halting="5" stopped="0" meanWaitingTime="2730.73" meanTravelTime="343.94" meanSpeed="22.30" meanSpeedRelative="0.70" duration="2"/>
    <step time="77400.00" loaded="82293" inserted="78562" running="198" waiting="3731" ended="78364" arrived="78364" collisions="161" teleports="161" halting="9" stopped="0" meanWaitingTime="2746.84" meanTravelTime="343.65" meanSpeed="21.70" meanSpeedRelative="0.68" duration="2"/>
    <step time="77700.00" loaded="82491" inserted="78807" running="226" waiting="3684" ended="78581" arrived="78581" collisions="161" teleports="161" halting="1" stopped="0" meanWaitingTime="2760.78" meanTravelTime="343.46" meanSpeed="21.85" meanSpeedRelative="0.68" duration="2"/>
    <step time="78000.00" loaded="82677" inserted="79039" running="226" waiting="3638" ended="78813" arrived="78813" collisions="161" teleports="161" halting="3" stopped="0" meanWaitingTime="2776.13" meanTravelTime="343.24" meanSpeed="22.61" meanSpeedRelative="0.71" duration="2"/>
    <step time="78300.00" loaded="82868" inserted="79272" running="223" waiting="3596" ended="79049" arrived="79049" collisions="161" teleports="161" halting="5" stopped="0" meanWaitingTime="2790.95" meanTravelTime="343.10" meanSpeed="21.85" meanSpeedRelative="0.68" duration="3"/>
    <step time="78600.00" loaded="83066" inserted="79500" running="193" waiting="3566" ended="79307" arrived="79307" collisions="161" teleports="161" halting="3" stopped="0" meanWaitingTime="2804.78" meanTravelTime="342.90" meanSpeed="20.90" meanSpeedRelative="0.65" duration="2"/>
    <step time="78900.00" loaded="83270" inserted="79721" running="197" waiting="3549" ended="79524" arrived="79524" collisions="161" teleports="161" halting="3" stopped="0" meanWaitingTime="2818.67" meanTravelTime="342.71" meanSpeed="22.37" meanSpeedRelative="0.70" duration="2"/>
    <step time="79200.00" loaded="83500" inserted="79992" running="245" waiting="3508" ended="79747" arrived="79747" collisions="162" teleports="162" halting="6" stopped="0" meanWaitingTime="2829.79" meanTravelTime="342.51" meanSpeed="22.29" meanSpeedRelative="0.70" duration="84"/>
    <step time="79500.00" loaded="83671" inserted="80226" running="213" waiting="3445" ended="80013" arrived="80013" collisions="162" teleports="162" halting="6" stopped="0" meanWaitingTime="2840.73" meanTravelTime="342.29" meanSpeed="22.27" meanSpeedRelative="0.70" duration="2"/>
    <step time="79800.00" loaded="83834" inserted="80439" running="189" waiting="3395" ended="80250" arrived="80250" collisions="162" teleports="162" halting="5" stopped="0" meanWaitingTime="2852.09" meanTravelTime="342.07" meanSpeed="22.18" meanSpeedRelative="0.69" duration="1"/>
    <step time="80100.00" loaded="83997" inserted="80659" running="186" waiting="3338" ended="80473" arrived="80473" collisions="163" teleports="163" halting="12" stopped="0" meanWaitingTime="2864.41" meanTravelTime="341.93" meanSpeed="20.55" meanSpeedRelative="0.64" duration="1"/>
    <step time="80400.00" loaded="84178" inserted="80875" running="202" waiting="3303" ended="80673" arrived="80673" collisions="163" teleports="163" halting="3" stopped="0" meanWaitingTime="2873.73" meanTravelTime="341.72" meanSpeed="22.29" meanSpeedRelative="0.70" duration="2"/>
    <step time="80700.00" loaded="84338" inserted="81078" running="181" waiting="3260" ended="80897" arrived="80897" collisions="163" teleports="163" halting="2" stopped="0" meanWaitingTime="2884.74" meanTravelTime="341.48" meanSpeed="22.35" meanSpeedRelative="0.70" duration="2"/>
    <step time="81000.00" loaded="84501" inserted="81289" running="173" waiting="3212" ended="81116" arrived="81116" collisions="163" teleports="163" halting="5" stopped="0" meanWaitingTime="2895.18" meanTravelTime="341.29" meanSpeed="21.66" meanSpeedRelative="0.68" duration="2"/>
    <step time="81300.00" loaded="84676" inserted="81513" running="198" waiting="3163" ended="81315" arrived="81315" collisions="163" teleports="163" halting="6" stopped="0" meanWaitingTime="2904.18" meanTravelTime="341.18" meanSpeed="21.08" meanSpeedRelative="0.66" duration="2"/>
    <step time="81600.00" loaded="84830" inserted="81723" running="184" waiting="3107" ended="81539" arrived="81539" collisions="164" teleports="164" halting="4" stopped="0" meanWaitingTime="2913.06" meanTravelTime="340.95" meanSpeed="21.69" meanSpeedRelative="0.68" duration="1"/>
    <step time="81900.00" loaded="85020" inserted="81965" running="216" waiting="3055" ended="81749" arrived="81749" collisions="164" teleports="164" halting="4" stopped="0" meanWaitingTime="2922.00" meanTravelTime="340.73" meanSpeed="22.48" meanSpeedRelative="0.70" duration="2"/>
    <step time="82200.00" loaded="85196" inserted="82191" running="216" waiting="3005" ended="81975" arrived="81975" collisions="164" teleports="164" halting="2" stopped="0" meanWaitingTime="2931.02" meanTravelTime="340.51" meanSpeed="22.15" meanSpeedRelative="0.69" duration="2"/>
    <step time="82500.00" loaded="85351" inserted="82398" running="188" waiting="2953" ended="82210" arrived="82210" collisions="164" teleports="164" halting="6" stopped="0" meanWaitingTime="2938.07" meanTravelTime="340.37" meanSpeed="22.07" meanSpeedRelative="0.69" duration="1"/>
</summary>
