<?xml version="1.0" encoding="UTF-8"?>

<!-- generated on 2025-08-08 11:07:50 by Eclipse SUMO sumo Version 1.23.1
<sumoConfiguration xmlns:xsi="http://www.w3.org/2001/XMLSchema-instance" xsi:noNamespaceSchemaLocation="http://sumo.dlr.de/xsd/sumoConfiguration.xsd">

    <input>
        <net-file value="Desktop\Master Thesis\Network_fin.net.xml"/>
        <route-files value="Desktop\Master Thesis\demand_model_amsterdam.rou.xml"/>
        <additional-files value="Desktop\Master Thesis\Additionnal.add.xml"/>
    </input>

    <output>
        <summary-output value="outputf/summary_coor_alinea_3neigh_method2_K80_target5_56618.xml"/>
        <summary-output.period value="300"/>
        <tripinfo-output value="outputf/tripinfo_coor_alinea_3neigh_method2_K80_target5_56618.xml"/>
    </output>

    <time>
        <begin value="0"/>
        <end value="82800"/>
        <step-length value="1"/>
    </time>

    <processing>
        <time-to-teleport value="-1"/>
    </processing>

    <report>
        <verbose value="true"/>
        <no-step-log value="true"/>
    </report>

    <emissions>
        <device.emissions.period value="10"/>
    </emissions>

    <traci_server>
        <remote-port value="51296"/>
    </traci_server>

    <random_number>
        <seed value="56618"/>
    </random_number>

</sumoConfiguration>
-->

<summary xmlns:xsi="http://www.w3.org/2001/XMLSchema-instance" xsi:noNamespaceSchemaLocation="http://sumo.dlr.de/xsd/summary_file.xsd">
    <step time="0.00" loaded="0" inserted="0" running="0" waiting="0" ended="0" arrived="0" collisions="0" teleports="0" halting="0" stopped="0" meanWaitingTime="-1.00" meanTravelTime="-1.00" meanSpeed="-1.00" meanSpeedRelative="-1.00" duration="1"/>
    <step time="300.00" loaded="174" inserted="174" running="105" waiting="0" ended="69" arrived="69" collisions="0" teleports="0" halting="1" stopped="0" meanWaitingTime="0.36" meanTravelTime="97.19" meanSpeed="26.25" meanSpeedRelative="0.82" duration="1"/>
    <step time="600.00" loaded="365" inserted="364" running="134" waiting="1" ended="230" arrived="230" collisions="0" teleports="0" halting="0" stopped="0" meanWaitingTime="0.50" meanTravelTime="151.33" meanSpeed="24.35" meanSpeedRelative="0.76" duration="2"/>
    <step time="900.00" loaded="541" inserted="541" running="149" waiting="0" ended="392" arrived="392" collisions="0" teleports="0" halting="1" stopped="0" meanWaitingTime="0.43" meanTravelTime="185.07" meanSpeed="25.61" meanSpeedRelative="0.80" duration="1"/>
    <step time="1200.00" loaded="715" inserted="715" running="146" waiting="0" ended="569" arrived="569" collisions="0" teleports="0" halting="0" stopped="0" meanWaitingTime="0.43" meanTravelTime="206.73" meanSpeed="25.52" meanSpeedRelative="0.80" duration="1"/>
    <step time="1500.00" loaded="889" inserted="889" running="141" waiting="0" ended="748" arrived="748" collisions="0" teleports="0" halting="0" stopped="0" meanWaitingTime="0.44" meanTravelTime="215.64" meanSpeed="25.48" meanSpeedRelative="0.80" duration="1"/>
    <step time="1800.00" loaded="1072" inserted="1071" running="154" waiting="1" ended="917" arrived="917" collisions="0" teleports="0" halting="2" stopped="0" meanWaitingTime="0.42" meanTravelTime="222.46" meanSpeed="25.94" meanSpeedRelative="0.81" duration="1"/>
    <step time="2100.00" loaded="1257" inserted="1257" running="170" waiting="0" ended="1087" arrived="1087" collisions="0" teleports="0" halting="0" stopped="0" meanWaitingTime="0.42" meanTravelTime="224.61" meanSpeed="24.71" meanSpeedRelative="0.77" duration="1"/>
    <step time="2400.00" loaded="1446" inserted="1446" running="175" waiting="0" ended="1271" arrived="1271" collisions="1" teleports="1" halting="2" stopped="0" meanWaitingTime="0.42" meanTravelTime="230.43" meanSpeed="25.33" meanSpeedRelative="0.79" duration="1"/>
    <step time="2700.00" loaded="1617" inserted="1616" running="159" waiting="1" ended="1457" arrived="1457" collisions="1" teleports="1" halting="1" stopped="0" meanWaitingTime="0.44" meanTravelTime="234.98" meanSpeed="25.30" meanSpeedRelative="0.79" duration="1"/>
    <step time="3000.00" loaded="1787" inserted="1787" running="138" waiting="0" ended="1649" arrived="1649" collisions="1" teleports="1" halting="2" stopped="0" meanWaitingTime="0.42" meanTravelTime="239.64" meanSpeed="25.43" meanSpeedRelative="0.79" duration="1"/>
    <step time="3300.00" loaded="1952" inserted="1950" running="161" waiting="2" ended="1789" arrived="1789" collisions="1" teleports="1" halting="2" stopped="0" meanWaitingTime="0.42" meanTravelTime="239.58" meanSpeed="24.87" meanSpeedRelative="0.78" duration="2"/>
    <step time="3600.00" loaded="2145" inserted="2145" running="172" waiting="0" ended="1973" arrived="1973" collisions="1" teleports="1" halting="1" stopped="0" meanWaitingTime="0.42" meanTravelTime="243.91" meanSpeed="25.73" meanSpeedRelative="0.80" duration="85"/>
    <step time="3900.00" loaded="2262" inserted="2262" running="109" waiting="0" ended="2153" arrived="2153" collisions="1" teleports="1" halting="1" stopped="0" meanWaitingTime="0.41" meanTravelTime="248.96" meanSpeed="24.78" meanSpeedRelative="0.77" duration="1"/>
    <step time="4200.00" loaded="2367" inserted="2362" running="99" waiting="5" ended="2263" arrived="2263" collisions="2" teleports="2" halting="1" stopped="0" meanWaitingTime="0.82" meanTravelTime="251.56" meanSpeed="25.35" meanSpeedRelative="0.79" duration="0"/>
    <step time="4500.00" loaded="2479" inserted="2479" running="96" waiting="0" ended="2383" arrived="2383" collisions="2" teleports="2" halting="1" stopped="0" meanWaitingTime="0.98" meanTravelTime="251.63" meanSpeed="24.26" meanSpeedRelative="0.76" duration="1"/>
    <step time="4800.00" loaded="2576" inserted="2576" running="90" waiting="0" ended="2486" arrived="2486" collisions="2" teleports="2" halting="3" stopped="0" meanWaitingTime="0.95" meanTravelTime="252.56" meanSpeed="24.38" meanSpeedRelative="0.76" duration="1"/>
    <step time="5100.00" loaded="2689" inserted="2681" running="90" waiting="8" ended="2591" arrived="2591" collisions="2" teleports="2" halting="1" stopped="0" meanWaitingTime="1.22" meanTravelTime="253.01" meanSpeed="24.04" meanSpeedRelative="0.75" duration="1"/>
    <step time="5400.00" loaded="2789" inserted="2776" running="84" waiting="13" ended="2692" arrived="2692" collisions="2" teleports="2" halting="5" stopped="0" meanWaitingTime="1.99" meanTravelTime="254.10" meanSpeed="24.39" meanSpeedRelative="0.76" duration="0"/>
    <step time="5700.00" loaded="2898" inserted="2898" running="104" waiting="0" ended="2794" arrived="2794" collisions="3" teleports="3" halting="7" stopped="0" meanWaitingTime="2.83" meanTravelTime="253.78" meanSpeed="24.74" meanSpeedRelative="0.77" duration="1"/>
    <step time="6000.00" loaded="2981" inserted="2981" running="73" waiting="0" ended="2908" arrived="2908" collisions="3" teleports="3" halting="0" stopped="0" meanWaitingTime="2.76" meanTravelTime="253.96" meanSpeed="26.52" meanSpeedRelative="0.83" duration="0"/>
    <step time="6300.00" loaded="3098" inserted="3098" running="88" waiting="0" ended="3010" arrived="3010" collisions="3" teleports="3" halting="1" stopped="0" meanWaitingTime="2.67" meanTravelTime="254.13" meanSpeed="25.49" meanSpeedRelative="0.80" duration="1"/>
    <step time="6600.00" loaded="3225" inserted="3225" running="108" waiting="0" ended="3117" arrived="3117" collisions="3" teleports="3" halting="0" stopped="0" meanWaitingTime="2.58" meanTravelTime="253.66" meanSpeed="24.43" meanSpeedRelative="0.76" duration="1"/>
    <step time="6900.00" loaded="3322" inserted="3322" running="98" waiting="0" ended="3224" arrived="3224" collisions="3" teleports="3" halting="0" stopped="0" meanWaitingTime="2.51" meanTravelTime="254.43" meanSpeed="25.83" meanSpeedRelative="0.81" duration="1"/>
    <step time="7200.00" loaded="3433" inserted="3433" running="82" waiting="0" ended="3351" arrived="3351" collisions="3" teleports="3" halting="1" stopped="0" meanWaitingTime="2.44" meanTravelTime="254.84" meanSpeed="24.58" meanSpeedRelative="0.77" duration="86"/>
    <step time="7500.00" loaded="3588" inserted="3582" running="106" waiting="6" ended="3476" arrived="3476" collisions="4" teleports="4" halting="3" stopped="0" meanWaitingTime="2.38" meanTravelTime="253.68" meanSpeed="24.04" meanSpeedRelative="0.75" duration="1"/>
    <step time="7800.00" loaded="3725" inserted="3716" running="119" waiting="9" ended="3597" arrived="3597" collisions="4" teleports="4" halting="0" stopped="0" meanWaitingTime="2.76" meanTravelTime="253.33" meanSpeed="23.67" meanSpeedRelative="0.74" duration="0"/>
    <step time="8100.00" loaded="3890" inserted="3877" running="138" waiting="13" ended="3739" arrived="3739" collisions="4" teleports="4" halting="1" stopped="0" meanWaitingTime="3.40" meanTravelTime="252.96" meanSpeed="24.40" meanSpeedRelative="0.76" duration="1"/>
    <step time="8400.00" loaded="4039" inserted="4018" running="136" waiting="21" ended="3882" arrived="3882" collisions="4" teleports="4" halting="4" stopped="0" meanWaitingTime="4.34" meanTravelTime="253.90" meanSpeed="24.56" meanSpeedRelative="0.77" duration="0"/>
    <step time="8700.00" loaded="4186" inserted="4161" running="129" waiting="25" ended="4032" arrived="4032" collisions="4" teleports="4" halting="0" stopped="0" meanWaitingTime="5.58" meanTravelTime="254.37" meanSpeed="25.39" meanSpeedRelative="0.79" duration="1"/>
    <step time="9000.00" loaded="4339" inserted="4323" running="139" waiting="16" ended="4184" arrived="4184" collisions="4" teleports="4" halting="1" stopped="0" meanWaitingTime="7.26" meanTravelTime="254.34" meanSpeed="24.81" meanSpeedRelative="0.78" duration="1"/>
    <step time="9300.00" loaded="4499" inserted="4471" running="137" waiting="28" ended="4334" arrived="4334" collisions="5" teleports="5" halting="3" stopped="0" meanWaitingTime="8.40" meanTravelTime="255.11" meanSpeed="24.50" meanSpeedRelative="0.77" duration="1"/>
    <step time="9600.00" loaded="4644" inserted="4609" running="121" waiting="35" ended="4488" arrived="4488" collisions="5" teleports="5" halting="6" stopped="0" meanWaitingTime="9.65" meanTravelTime="256.26" meanSpeed="24.24" meanSpeedRelative="0.76" duration="1"/>
    <step time="9900.00" loaded="4807" inserted="4758" running="121" waiting="49" ended="4637" arrived="4637" collisions="5" teleports="5" halting="1" stopped="0" meanWaitingTime="11.33" meanTravelTime="256.52" meanSpeed="25.03" meanSpeedRelative="0.78" duration="1"/>
    <step time="10200.00" loaded="4963" inserted="4913" running="141" waiting="50" ended="4772" arrived="4772" collisions="5" teleports="5" halting="3" stopped="0" meanWaitingTime="13.34" meanTravelTime="256.73" meanSpeed="24.10" meanSpeedRelative="0.75" duration="1"/>
    <step time="10500.00" loaded="5119" inserted="5062" running="131" waiting="57" ended="4931" arrived="4931" collisions="5" teleports="5" halting="6" stopped="0" meanWaitingTime="15.67" meanTravelTime="256.32" meanSpeed="24.27" meanSpeedRelative="0.76" duration="0"/>
    <step time="10800.00" loaded="5275" inserted="5218" running="131" waiting="57" ended="5087" arrived="5087" collisions="5" teleports="5" halting="0" stopped="0" meanWaitingTime="17.86" meanTravelTime="256.73" meanSpeed="25.16" meanSpeedRelative="0.79" duration="87"/>
    <step time="11100.00" loaded="5432" inserted="5368" running="119" waiting="64" ended="5249" arrived="5249" collisions="5" teleports="5" halting="3" stopped="0" meanWaitingTime="20.57" meanTravelTime="256.71" meanSpeed="23.37" meanSpeedRelative="0.73" duration="1"/>
    <step time="11400.00" loaded="5578" inserted="5513" running="119" waiting="65" ended="5394" arrived="5394" collisions="5" teleports="5" halting="2" stopped="0" meanWaitingTime="22.88" meanTravelTime="255.57" meanSpeed="23.83" meanSpeedRelative="0.74" duration="1"/>
    <step time="11700.00" loaded="5735" inserted="5659" running="111" waiting="76" ended="5548" arrived="5548" collisions="5" teleports="5" halting="0" stopped="0" meanWaitingTime="25.15" meanTravelTime="255.69" meanSpeed="25.12" meanSpeedRelative="0.79" duration="1"/>
    <step time="12000.00" loaded="5905" inserted="5814" running="111" waiting="91" ended="5703" arrived="5703" collisions="6" teleports="6" halting="2" stopped="0" meanWaitingTime="28.23" meanTravelTime="254.67" meanSpeed="23.74" meanSpeedRelative="0.74" duration="1"/>
    <step time="12300.00" loaded="6058" inserted="5961" running="120" waiting="97" ended="5841" arrived="5841" collisions="6" teleports="6" halting="3" stopped="0" meanWaitingTime="30.67" meanTravelTime="253.56" meanSpeed="24.72" meanSpeedRelative="0.77" duration="0"/>
    <step time="12600.00" loaded="6216" inserted="6109" running="113" waiting="107" ended="5996" arrived="5996" collisions="6" teleports="6" halting="3" stopped="0" meanWaitingTime="33.65" meanTravelTime="253.34" meanSpeed="24.26" meanSpeedRelative="0.76" duration="1"/>
    <step time="12900.00" loaded="6378" inserted="6268" running="135" waiting="110" ended="6133" arrived="6133" collisions="6" teleports="6" halting="3" stopped="0" meanWaitingTime="36.84" meanTravelTime="253.16" meanSpeed="24.76" meanSpeedRelative="0.77" duration="1"/>
    <step time="13200.00" loaded="6546" inserted="6428" running="135" waiting="118" ended="6293" arrived="6293" collisions="6" teleports="6" halting="3" stopped="0" meanWaitingTime="39.98" meanTravelTime="252.96" meanSpeed="25.04" meanSpeedRelative="0.78" duration="1"/>
    <step time="13500.00" loaded="6695" inserted="6568" running="111" waiting="127" ended="6457" arrived="6457" collisions="6" teleports="6" halting="2" stopped="0" meanWaitingTime="43.67" meanTravelTime="252.82" meanSpeed="24.94" meanSpeedRelative="0.78" duration="0"/>
    <step time="13800.00" loaded="6864" inserted="6733" running="140" waiting="131" ended="6593" arrived="6593" collisions="6" teleports="6" halting="3" stopped="0" meanWaitingTime="47.17" meanTravelTime="253.07" meanSpeed="23.78" meanSpeedRelative="0.74" duration="1"/>
    <step time="14100.00" loaded="7008" inserted="6862" running="116" waiting="146" ended="6746" arrived="6746" collisions="6" teleports="6" halting="5" stopped="0" meanWaitingTime="51.25" meanTravelTime="252.74" meanSpeed="23.07" meanSpeedRelative="0.72" duration="0"/>
    <step time="14400.00" loaded="7158" inserted="7008" running="122" waiting="150" ended="6886" arrived="6886" collisions="6" teleports="6" halting="2" stopped="0" meanWaitingTime="55.03" meanTravelTime="253.26" meanSpeed="24.82" meanSpeedRelative="0.78" duration="86"/>
    <step time="14700.00" loaded="7259" inserted="7107" running="96" waiting="152" ended="7011" arrived="7011" collisions="6" teleports="6" halting="3" stopped="0" meanWaitingTime="58.35" meanTravelTime="253.02" meanSpeed="23.62" meanSpeedRelative="0.74" duration="0"/>
    <step time="15000.00" loaded="7343" inserted="7198" running="81" waiting="145" ended="7117" arrived="7117" collisions="6" teleports="6" halting="6" stopped="0" meanWaitingTime="62.41" meanTravelTime="253.64" meanSpeed="23.60" meanSpeedRelative="0.74" duration="0"/>
    <step time="15300.00" loaded="7445" inserted="7292" running="71" waiting="153" ended="7221" arrived="7221" collisions="6" teleports="6" halting="1" stopped="0" meanWaitingTime="66.26" meanTravelTime="254.05" meanSpeed="22.89" meanSpeedRelative="0.72" duration="0"/>
    <step time="15600.00" loaded="7550" inserted="7402" running="84" waiting="148" ended="7318" arrived="7318" collisions="7" teleports="7" halting="0" stopped="0" meanWaitingTime="70.95" meanTravelTime="253.84" meanSpeed="24.37" meanSpeedRelative="0.76" duration="0"/>
    <step time="15900.00" loaded="7640" inserted="7497" running="67" waiting="143" ended="7430" arrived="7430" collisions="7" teleports="7" halting="4" stopped="0" meanWaitingTime="75.99" meanTravelTime="253.28" meanSpeed="24.11" meanSpeedRelative="0.75" duration="1"/>
    <step time="16200.00" loaded="7752" inserted="7609" running="87" waiting="143" ended="7522" arrived="7522" collisions="7" teleports="7" halting="3" stopped="0" meanWaitingTime="80.18" meanTravelTime="252.80" meanSpeed="25.02" meanSpeedRelative="0.78" duration="1"/>
    <step time="16500.00" loaded="7852" inserted="7715" running="75" waiting="137" ended="7640" arrived="7640" collisions="7" teleports="7" halting="1" stopped="0" meanWaitingTime="85.56" meanTravelTime="252.46" meanSpeed="25.81" meanSpeedRelative="0.81" duration="1"/>
    <step time="16800.00" loaded="7946" inserted="7812" running="69" waiting="134" ended="7743" arrived="7743" collisions="7" teleports="7" halting="1" stopped="0" meanWaitingTime="90.71" meanTravelTime="252.24" meanSpeed="24.99" meanSpeedRelative="0.78" duration="0"/>
    <step time="17100.00" loaded="8037" inserted="7906" running="83" waiting="131" ended="7823" arrived="7823" collisions="7" teleports="7" halting="3" stopped="0" meanWaitingTime="95.33" meanTravelTime="251.80" meanSpeed="24.75" meanSpeedRelative="0.77" duration="0"/>
    <step time="17400.00" loaded="8143" inserted="8014" running="78" waiting="129" ended="7936" arrived="7936" collisions="7" teleports="7" halting="4" stopped="0" meanWaitingTime="99.84" meanTravelTime="251.36" meanSpeed="23.80" meanSpeedRelative="0.74" duration="0"/>
    <step time="17700.00" loaded="8246" inserted="8121" running="85" waiting="125" ended="8036" arrived="8036" collisions="7" teleports="7" halting="2" stopped="0" meanWaitingTime="103.36" meanTravelTime="250.95" meanSpeed="23.82" meanSpeedRelative="0.74" duration="0"/>
    <step time="18000.00" loaded="8349" inserted="8223" running="76" waiting="126" ended="8147" arrived="8147" collisions="7" teleports="7" halting="3" stopped="0" meanWaitingTime="106.87" meanTravelTime="250.65" meanSpeed="24.28" meanSpeedRelative="0.76" duration="80"/>
    <step time="18300.00" loaded="8554" inserted="8408" running="138" waiting="146" ended="8270" arrived="8270" collisions="7" teleports="7" halting="4" stopped="0" meanWaitingTime="109.71" meanTravelTime="250.00" meanSpeed="24.56" meanSpeedRelative="0.77" duration="1"/>
    <step time="18600.00" loaded="8754" inserted="8588" running="152" waiting="166" ended="8436" arrived="8436" collisions="7" teleports="7" halting="0" stopped="0" meanWaitingTime="112.20" meanTravelTime="249.34" meanSpeed="24.46" meanSpeedRelative="0.76" duration="1"/>
    <step time="18900.00" loaded="8935" inserted="8759" running="145" waiting="176" ended="8614" arrived="8614" collisions="7" teleports="7" halting="2" stopped="0" meanWaitingTime="115.32" meanTravelTime="249.25" meanSpeed="23.58" meanSpeedRelative="0.74" duration="0"/>
    <step time="19200.00" loaded="9113" inserted="8931" running="139" waiting="182" ended="8792" arrived="8792" collisions="7" teleports="7" halting="3" stopped="0" meanWaitingTime="117.79" meanTravelTime="249.43" meanSpeed="24.90" meanSpeedRelative="0.78" duration="1"/>
    <step time="19500.00" loaded="9297" inserted="9103" running="139" waiting="194" ended="8964" arrived="8964" collisions="7" teleports="7" halting="1" stopped="0" meanWaitingTime="120.12" meanTravelTime="249.50" meanSpeed="24.44" meanSpeedRelative="0.76" duration="1"/>
    <step time="19800.00" loaded="9498" inserted="9294" running="142" waiting="204" ended="9152" arrived="9152" collisions="7" teleports="7" halting="2" stopped="0" meanWaitingTime="122.24" meanTravelTime="249.34" meanSpeed="24.63" meanSpeedRelative="0.77" duration="1"/>
    <step time="20100.00" loaded="9687" inserted="9469" running="147" waiting="218" ended="9322" arrived="9322" collisions="7" teleports="7" halting="4" stopped="0" meanWaitingTime="124.39" meanTravelTime="248.91" meanSpeed="23.94" meanSpeedRelative="0.75" duration="1"/>
    <step time="20400.00" loaded="9881" inserted="9645" running="143" waiting="236" ended="9502" arrived="9502" collisions="7" teleports="7" halting="2" stopped="0" meanWaitingTime="126.61" meanTravelTime="249.15" meanSpeed="23.73" meanSpeedRelative="0.74" duration="1"/>
    <step time="20700.00" loaded="10075" inserted="9836" running="143" waiting="239" ended="9693" arrived="9693" collisions="8" teleports="8" halting="1" stopped="0" meanWaitingTime="129.78" meanTravelTime="248.61" meanSpeed="24.49" meanSpeedRelative="0.77" duration="0"/>
    <step time="21000.00" loaded="10266" inserted="10010" running="157" waiting="256" ended="9853" arrived="9853" collisions="8" teleports="8" halting="1" stopped="0" meanWaitingTime="133.30" meanTravelTime="248.41" meanSpeed="25.46" meanSpeedRelative="0.80" duration="1"/>
    <step time="21300.00" loaded="10462" inserted="10199" running="150" waiting="263" ended="10049" arrived="10049" collisions="8" teleports="8" halting="4" stopped="0" meanWaitingTime="136.52" meanTravelTime="248.54" meanSpeed="24.19" meanSpeedRelative="0.76" duration="1"/>
    <step time="21600.00" loaded="10654" inserted="10377" running="130" waiting="277" ended="10247" arrived="10247" collisions="9" teleports="9" halting="1" stopped="0" meanWaitingTime="139.46" meanTravelTime="248.34" meanSpeed="24.27" meanSpeedRelative="0.76" duration="79"/>
    <step time="21900.00" loaded="11136" inserted="10768" running="306" waiting="368" ended="10462" arrived="10462" collisions="10" teleports="10" halting="3" stopped="0" meanWaitingTime="142.90" meanTravelTime="247.73" meanSpeed="22.29" meanSpeedRelative="0.70" duration="2"/>
    <step time="22200.00" loaded="11637" inserted="11159" running="372" waiting="478" ended="10787" arrived="10787" collisions="10" teleports="10" halting="4" stopped="0" meanWaitingTime="148.11" meanTravelTime="247.28" meanSpeed="21.98" meanSpeedRelative="0.69" duration="2"/>
    <step time="22500.00" loaded="12109" inserted="11543" running="407" waiting="566" ended="11136" arrived="11136" collisions="12" teleports="12" halting="3" stopped="0" meanWaitingTime="152.93" meanTravelTime="248.75" meanSpeed="20.75" meanSpeedRelative="0.65" duration="2"/>
    <step time="22800.00" loaded="12575" inserted="11921" running="416" waiting="654" ended="11505" arrived="11505" collisions="12" teleports="12" halting="6" stopped="0" meanWaitingTime="158.33" meanTravelTime="250.68" meanSpeed="21.74" meanSpeedRelative="0.68" duration="3"/>
    <step time="23100.00" loaded="13083" inserted="12338" running="440" waiting="745" ended="11898" arrived="11898" collisions="12" teleports="12" halting="3" stopped="0" meanWaitingTime="164.30" meanTravelTime="252.80" meanSpeed="22.00" meanSpeedRelative="0.69" duration="3"/>
    <step time="23400.00" loaded="13537" inserted="12698" running="428" waiting="839" ended="12270" arrived="12270" collisions="13" teleports="13" halting="5" stopped="0" meanWaitingTime="170.01" meanTravelTime="254.96" meanSpeed="21.27" meanSpeedRelative="0.66" duration="2"/>
    <step time="23700.00" loaded="14025" inserted="13095" running="426" waiting="930" ended="12669" arrived="12669" collisions="13" teleports="13" halting="4" stopped="0" meanWaitingTime="175.98" meanTravelTime="258.04" meanSpeed="20.51" meanSpeedRelative="0.64" duration="2"/>
    <step time="24000.00" loaded="14454" inserted="13473" running="411" waiting="981" ended="13062" arrived="13062" collisions="14" teleports="14" halting="5" stopped="0" meanWaitingTime="182.78" meanTravelTime="260.08" meanSpeed="21.42" meanSpeedRelative="0.67" duration="2"/>
    <step time="24300.00" loaded="14935" inserted="13887" running="443" waiting="1048" ended="13444" arrived="13444" collisions="15" teleports="15" halting="2" stopped="0" meanWaitingTime="189.97" meanTravelTime="261.70" meanSpeed="21.21" meanSpeedRelative="0.66" duration="3"/>
    <step time="24600.00" loaded="15396" inserted="14275" running="436" waiting="1121" ended="13839" arrived="13839" collisions="15" teleports="15" halting="2" stopped="0" meanWaitingTime="197.02" meanTravelTime="263.08" meanSpeed="20.56" meanSpeedRelative="0.64" duration="4"/>
    <step time="24900.00" loaded="15861" inserted="14665" running="406" waiting="1196" ended="14259" arrived="14259" collisions="15" teleports="15" halting="5" stopped="0" meanWaitingTime="206.17" meanTravelTime="265.57" meanSpeed="21.13" meanSpeedRelative="0.66" duration="2"/>
    <step time="25200.00" loaded="16270" inserted="15024" running="406" waiting="1246" ended="14618" arrived="14618" collisions="15" teleports="15" halting="8" stopped="0" meanWaitingTime="215.52" meanTravelTime="266.81" meanSpeed="20.87" meanSpeedRelative="0.65" duration="88"/>
    <step time="25500.00" loaded="16809" inserted="15438" running="437" waiting="1371" ended="15001" arrived="15001" collisions="15" teleports="15" halting="2" stopped="0" meanWaitingTime="224.23" meanTravelTime="268.36" meanSpeed="21.00" meanSpeedRelative="0.66" duration="3"/>
    <step time="25800.00" loaded="17339" inserted="15854" running="469" waiting="1485" ended="15385" arrived="15385" collisions="16" teleports="16" halting="3" stopped="0" meanWaitingTime="233.29" meanTravelTime="269.56" meanSpeed="20.36" meanSpeedRelative="0.64" duration="4"/>
    <step time="26100.00" loaded="17899" inserted="16288" running="457" waiting="1611" ended="15831" arrived="15831" collisions="17" teleports="17" halting="8" stopped="0" meanWaitingTime="244.31" meanTravelTime="271.21" meanSpeed="20.56" meanSpeedRelative="0.64" duration="3"/>
    <step time="26400.00" loaded="18464" inserted="16749" running="501" waiting="1715" ended="16248" arrived="16248" collisions="18" teleports="18" halting="7" stopped="0" meanWaitingTime="254.92" meanTravelTime="272.66" meanSpeed="19.49" meanSpeedRelative="0.61" duration="3"/>
    <step time="26700.00" loaded="19018" inserted="17191" running="511" waiting="1827" ended="16680" arrived="16680" collisions="18" teleports="18" halting="2" stopped="0" meanWaitingTime="267.73" meanTravelTime="274.21" meanSpeed="19.32" meanSpeedRelative="0.60" duration="3"/>
    <step time="27000.00" loaded="19590" inserted="17638" running="509" waiting="1952" ended="17129" arrived="17129" collisions="19" teleports="19" halting="2" stopped="0" meanWaitingTime="281.05" meanTravelTime="275.89" meanSpeed="19.37" meanSpeedRelative="0.61" duration="4"/>
    <step time="27300.00" loaded="20177" inserted="18111" running="513" waiting="2066" ended="17598" arrived="17598" collisions="21" teleports="21" halting="2" stopped="0" meanWaitingTime="295.42" meanTravelTime="277.43" meanSpeed="19.23" meanSpeedRelative="0.60" duration="3"/>
    <step time="27600.00" loaded="20714" inserted="18552" running="494" waiting="2162" ended="18058" arrived="18058" collisions="21" teleports="21" halting="6" stopped="0" meanWaitingTime="310.01" meanTravelTime="278.77" meanSpeed="19.40" meanSpeedRelative="0.61" duration="2"/>
    <step time="27900.00" loaded="21273" inserted="19009" running="494" waiting="2264" ended="18515" arrived="18515" collisions="21" teleports="21" halting="5" stopped="0" meanWaitingTime="323.26" meanTravelTime="279.79" meanSpeed="19.61" meanSpeedRelative="0.61" duration="3"/>
    <step time="28200.00" loaded="21894" inserted="19468" running="509" waiting="2426" ended="18959" arrived="18959" collisions="22" teleports="22" halting="2" stopped="0" meanWaitingTime="337.59" meanTravelTime="281.41" meanSpeed="19.15" meanSpeedRelative="0.60" duration="4"/>
    <step time="28500.00" loaded="22444" inserted="19923" running="513" waiting="2521" ended="19410" arrived="19410" collisions="25" teleports="25" halting="4" stopped="0" meanWaitingTime="351.47" meanTravelTime="282.48" meanSpeed="19.70" meanSpeedRelative="0.62" duration="4"/>
    <step time="28800.00" loaded="23007" inserted="20376" running="508" waiting="2631" ended="19868" arrived="19868" collisions="26" teleports="26" halting="5" stopped="0" meanWaitingTime="365.68" meanTravelTime="283.79" meanSpeed="19.41" meanSpeedRelative="0.61" duration="89"/>
    <step time="29100.00" loaded="23376" inserted="20764" running="458" waiting="2612" ended="20306" arrived="20306" collisions="28" teleports="28" halting="4" stopped="0" meanWaitingTime="380.69" meanTravelTime="285.18" meanSpeed="19.89" meanSpeedRelative="0.62" duration="4"/>
    <step time="29400.00" loaded="23726" inserted="21168" running="450" waiting="2558" ended="20718" arrived="20718" collisions="29" teleports="29" halting="3" stopped="0" meanWaitingTime="397.52" meanTravelTime="286.18" meanSpeed="20.76" meanSpeedRelative="0.65" duration="3"/>
    <step time="29700.00" loaded="24102" inserted="21557" running="436" waiting="2545" ended="21121" arrived="21121" collisions="29" teleports="29" halting="4" stopped="0" meanWaitingTime="414.14" meanTravelTime="286.89" meanSpeed="20.43" meanSpeedRelative="0.64" duration="4"/>
    <step time="30000.00" loaded="24454" inserted="21913" running="400" waiting="2541" ended="21513" arrived="21513" collisions="31" teleports="31" halting="3" stopped="0" meanWaitingTime="425.95" meanTravelTime="288.20" meanSpeed="21.75" meanSpeedRelative="0.68" duration="4"/>
    <step time="30300.00" loaded="24837" inserted="22287" running="388" waiting="2550" ended="21899" arrived="21899" collisions="32" teleports="32" halting="5" stopped="0" meanWaitingTime="438.29" meanTravelTime="289.03" meanSpeed="21.94" meanSpeedRelative="0.69" duration="2"/>
    <step time="30600.00" loaded="25179" inserted="22672" running="398" waiting="2507" ended="22274" arrived="22274" collisions="32" teleports="32" halting="2" stopped="0" meanWaitingTime="450.96" meanTravelTime="289.16" meanSpeed="21.51" meanSpeedRelative="0.67" duration="3"/>
    <step time="30900.00" loaded="25550" inserted="23042" running="372" waiting="2508" ended="22670" arrived="22670" collisions="32" teleports="32" halting="5" stopped="0" meanWaitingTime="462.05" meanTravelTime="289.89" meanSpeed="22.01" meanSpeedRelative="0.69" duration="2"/>
    <step time="31200.00" loaded="25897" inserted="23414" running="369" waiting="2483" ended="23045" arrived="23045" collisions="32" teleports="32" halting="7" stopped="0" meanWaitingTime="473.58" meanTravelTime="289.75" meanSpeed="21.75" meanSpeedRelative="0.68" duration="3"/>
    <step time="31500.00" loaded="26223" inserted="23779" running="353" waiting="2444" ended="23426" arrived="23426" collisions="33" teleports="33" halting="1" stopped="0" meanWaitingTime="484.79" meanTravelTime="290.04" meanSpeed="22.84" meanSpeedRelative="0.71" duration="3"/>
    <step time="31800.00" loaded="26549" inserted="24146" running="361" waiting="2403" ended="23785" arrived="23785" collisions="33" teleports="33" halting="3" stopped="0" meanWaitingTime="495.47" meanTravelTime="289.92" meanSpeed="22.36" meanSpeedRelative="0.70" duration="3"/>
    <step time="32100.00" loaded="26877" inserted="24493" running="363" waiting="2384" ended="24130" arrived="24130" collisions="33" teleports="33" halting="4" stopped="0" meanWaitingTime="505.35" meanTravelTime="290.37" meanSpeed="22.26" meanSpeedRelative="0.70" duration="2"/>
    <step time="32400.00" loaded="27250" inserted="24858" running="354" waiting="2392" ended="24504" arrived="24504" collisions="33" teleports="33" halting="1" stopped="0" meanWaitingTime="514.34" meanTravelTime="290.50" meanSpeed="22.04" meanSpeedRelative="0.69" duration="86"/>
    <step time="32700.00" loaded="27511" inserted="25128" running="242" waiting="2383" ended="24886" arrived="24886" collisions="33" teleports="33" halting="2" stopped="0" meanWaitingTime="526.24" meanTravelTime="290.38" meanSpeed="22.90" meanSpeedRelative="0.72" duration="2"/>
    <step time="33000.00" loaded="27793" inserted="25405" running="219" waiting="2388" ended="25186" arrived="25186" collisions="33" teleports="33" halting="1" stopped="0" meanWaitingTime="537.39" meanTravelTime="290.05" meanSpeed="23.24" meanSpeedRelative="0.73" duration="2"/>
    <step time="33300.00" loaded="28044" inserted="25663" running="225" waiting="2381" ended="25438" arrived="25438" collisions="34" teleports="34" halting="5" stopped="0" meanWaitingTime="549.99" meanTravelTime="289.77" meanSpeed="23.67" meanSpeedRelative="0.74" duration="2"/>
    <step time="33600.00" loaded="28294" inserted="25920" running="222" waiting="2374" ended="25698" arrived="25698" collisions="35" teleports="35" halting="2" stopped="0" meanWaitingTime="563.82" meanTravelTime="289.43" meanSpeed="23.56" meanSpeedRelative="0.74" duration="2"/>
    <step time="33900.00" loaded="28556" inserted="26181" running="223" waiting="2375" ended="25958" arrived="25958" collisions="35" teleports="35" halting="3" stopped="0" meanWaitingTime="576.05" meanTravelTime="288.98" meanSpeed="22.96" meanSpeedRelative="0.72" duration="2"/>
    <step time="34200.00" loaded="28830" inserted="26450" running="223" waiting="2380" ended="26227" arrived="26227" collisions="36" teleports="36" halting="2" stopped="0" meanWaitingTime="588.96" meanTravelTime="288.61" meanSpeed="23.89" meanSpeedRelative="0.75" duration="2"/>
    <step time="34500.00" loaded="29076" inserted="26713" running="231" waiting="2363" ended="26482" arrived="26482" collisions="37" teleports="37" halting="3" stopped="0" meanWaitingTime="603.91" meanTravelTime="288.41" meanSpeed="23.77" meanSpeedRelative="0.74" duration="2"/>
    <step time="34800.00" loaded="29351" inserted="26989" running="241" waiting="2362" ended="26748" arrived="26748" collisions="38" teleports="38" halting="3" stopped="0" meanWaitingTime="617.15" meanTravelTime="288.05" meanSpeed="23.09" meanSpeedRelative="0.72" duration="2"/>
    <step time="35100.00" loaded="29591" inserted="27249" running="221" waiting="2342" ended="27028" arrived="27028" collisions="38" teleports="38" halting="3" stopped="0" meanWaitingTime="630.99" meanTravelTime="287.78" meanSpeed="23.50" meanSpeedRelative="0.73" duration="2"/>
    <step time="35400.00" loaded="29881" inserted="27552" running="270" waiting="2329" ended="27282" arrived="27282" collisions="38" teleports="38" halting="6" stopped="0" meanWaitingTime="644.84" meanTravelTime="287.66" meanSpeed="22.59" meanSpeedRelative="0.71" duration="2"/>
    <step time="35700.00" loaded="30155" inserted="27845" running="286" waiting="2310" ended="27559" arrived="27559" collisions="39" teleports="39" halting="2" stopped="0" meanWaitingTime="658.23" meanTravelTime="287.38" meanSpeed="22.84" meanSpeedRelative="0.71" duration="2"/>
    <step time="36000.00" loaded="30420" inserted="28113" running="260" waiting="2307" ended="27853" arrived="27853" collisions="40" teleports="40" halting="1" stopped="0" meanWaitingTime="672.77" meanTravelTime="287.44" meanSpeed="23.39" meanSpeedRelative="0.73" duration="83"/>
    <step time="36300.00" loaded="30907" inserted="28528" running="378" waiting="2379" ended="28150" arrived="28150" collisions="40" teleports="40" halting="2" stopped="0" meanWaitingTime="684.61" meanTravelTime="287.42" meanSpeed="21.77" meanSpeedRelative="0.68" duration="3"/>
    <step time="36600.00" loaded="31331" inserted="28926" running="403" waiting="2405" ended="28523" arrived="28523" collisions="41" teleports="41" halting="5" stopped="0" meanWaitingTime="698.23" meanTravelTime="287.33" meanSpeed="21.40" meanSpeedRelative="0.67" duration="2"/>
    <step time="36900.00" loaded="31823" inserted="29333" running="423" waiting="2490" ended="28910" arrived="28910" collisions="42" teleports="42" halting="6" stopped="0" meanWaitingTime="710.63" meanTravelTime="287.37" meanSpeed="20.47" meanSpeedRelative="0.64" duration="2"/>
    <step time="37200.00" loaded="32257" inserted="29722" running="412" waiting="2535" ended="29310" arrived="29310" collisions="44" teleports="44" halting="4" stopped="0" meanWaitingTime="721.97" meanTravelTime="287.82" meanSpeed="20.84" meanSpeedRelative="0.65" duration="2"/>
    <step time="37500.00" loaded="32724" inserted="30134" running="424" waiting="2590" ended="29710" arrived="29710" collisions="44" teleports="44" halting="3" stopped="0" meanWaitingTime="735.27" meanTravelTime="288.05" meanSpeed="21.34" meanSpeedRelative="0.67" duration="3"/>
    <step time="37800.00" loaded="33177" inserted="30544" running="424" waiting="2633" ended="30120" arrived="30120" collisions="46" teleports="46" halting="9" stopped="0" meanWaitingTime="746.79" meanTravelTime="288.36" meanSpeed="20.30" meanSpeedRelative="0.63" duration="5"/>
    <step time="38100.00" loaded="33653" inserted="30948" running="429" waiting="2705" ended="30519" arrived="30519" collisions="47" teleports="47" halting="4" stopped="0" meanWaitingTime="759.79" meanTravelTime="288.73" meanSpeed="20.73" meanSpeedRelative="0.65" duration="3"/>
    <step time="38400.00" loaded="34110" inserted="31358" running="439" waiting="2752" ended="30919" arrived="30919" collisions="47" teleports="47" halting="7" stopped="0" meanWaitingTime="772.34" meanTravelTime="289.07" meanSpeed="21.38" meanSpeedRelative="0.67" duration="3"/>
    <step time="38700.00" loaded="34618" inserted="31794" running="444" waiting="2824" ended="31350" arrived="31350" collisions="48" teleports="48" halting="8" stopped="0" meanWaitingTime="786.84" meanTravelTime="289.37" meanSpeed="20.61" meanSpeedRelative="0.64" duration="3"/>
    <step time="39000.00" loaded="35119" inserted="32221" running="477" waiting="2898" ended="31744" arrived="31744" collisions="49" teleports="49" halting="7" stopped="0" meanWaitingTime="798.48" meanTravelTime="289.52" meanSpeed="20.17" meanSpeedRelative="0.63" duration="4"/>
    <step time="39300.00" loaded="35554" inserted="32607" running="429" waiting="2947" ended="32178" arrived="32178" collisions="50" teleports="50" halting="9" stopped="0" meanWaitingTime="810.13" meanTravelTime="290.25" meanSpeed="20.24" meanSpeedRelative="0.63" duration="4"/>
    <step time="39600.00" loaded="36029" inserted="33005" running="418" waiting="3024" ended="32587" arrived="32587" collisions="51" teleports="51" halting="4" stopped="0" meanWaitingTime="822.89" meanTravelTime="290.79" meanSpeed="21.29" meanSpeedRelative="0.67" duration="89"/>
    <step time="39900.00" loaded="36524" inserted="33438" running="443" waiting="3086" ended="32995" arrived="32995" collisions="51" teleports="51" halting="2" stopped="0" meanWaitingTime="835.50" meanTravelTime="291.37" meanSpeed="20.55" meanSpeedRelative="0.64" duration="4"/>
    <step time="40200.00" loaded="37045" inserted="33866" running="443" waiting="3179" ended="33423" arrived="33423" collisions="53" teleports="53" halting="3" stopped="0" meanWaitingTime="846.93" meanTravelTime="291.66" meanSpeed="21.43" meanSpeedRelative="0.67" duration="4"/>
    <step time="40500.00" loaded="37551" inserted="34303" running="478" waiting="3248" ended="33825" arrived="33825" collisions="53" teleports="53" halting="7" stopped="0" meanWaitingTime="858.25" meanTravelTime="291.92" meanSpeed="20.22" meanSpeedRelative="0.63" duration="5"/>
    <step time="40800.00" loaded="38062" inserted="34721" running="467" waiting="3341" ended="34254" arrived="34254" collisions="57" teleports="57" halting="9" stopped="0" meanWaitingTime="869.42" meanTravelTime="292.40" meanSpeed="19.88" meanSpeedRelative="0.62" duration="3"/>
    <step time="41100.00" loaded="38589" inserted="35152" running="479" waiting="3437" ended="34673" arrived="34673" collisions="60" teleports="60" halting="3" stopped="0" meanWaitingTime="880.62" meanTravelTime="292.69" meanSpeed="20.45" meanSpeedRelative="0.64" duration="3"/>
    <step time="41400.00" loaded="39125" inserted="35596" running="497" waiting="3529" ended="35099" arrived="35099" collisions="61" teleports="61" halting="1" stopped="0" meanWaitingTime="891.74" meanTravelTime="293.24" meanSpeed="20.57" meanSpeedRelative="0.64" duration="5"/>
    <step time="41700.00" loaded="39623" inserted="36023" running="497" waiting="3600" ended="35526" arrived="35526" collisions="63" teleports="63" halting="2" stopped="0" meanWaitingTime="903.93" meanTravelTime="293.69" meanSpeed="20.02" meanSpeedRelative="0.63" duration="4"/>
    <step time="42000.00" loaded="40175" inserted="36476" running="487" waiting="3699" ended="35989" arrived="35989" collisions="65" teleports="65" halting="4" stopped="0" meanWaitingTime="915.38" meanTravelTime="294.37" meanSpeed="20.47" meanSpeedRelative="0.64" duration="3"/>
    <step time="42300.00" loaded="40724" inserted="36954" running="540" waiting="3770" ended="36414" arrived="36414" collisions="65" teleports="65" halting="7" stopped="0" meanWaitingTime="927.02" meanTravelTime="294.84" meanSpeed="19.53" meanSpeedRelative="0.61" duration="3"/>
    <step time="42600.00" loaded="41242" inserted="37362" running="517" waiting="3880" ended="36845" arrived="36845" collisions="68" teleports="68" halting="3" stopped="0" meanWaitingTime="936.77" meanTravelTime="295.54" meanSpeed="20.14" meanSpeedRelative="0.63" duration="3"/>
    <step time="42900.00" loaded="41765" inserted="37781" running="497" waiting="3984" ended="37284" arrived="37284" collisions="69" teleports="69" halting="4" stopped="0" meanWaitingTime="947.36" meanTravelTime="296.33" meanSpeed="18.67" meanSpeedRelative="0.58" duration="4"/>
    <step time="43200.00" loaded="42258" inserted="38210" running="489" waiting="4048" ended="37721" arrived="37721" collisions="70" teleports="70" halting="9" stopped="0" meanWaitingTime="957.28" meanTravelTime="296.93" meanSpeed="20.67" meanSpeedRelative="0.65" duration="91"/>
    <step time="43500.00" loaded="42803" inserted="38682" running="526" waiting="4121" ended="38156" arrived="38156" collisions="73" teleports="73" halting="7" stopped="0" meanWaitingTime="968.07" meanTravelTime="297.43" meanSpeed="20.10" meanSpeedRelative="0.63" duration="4"/>
    <step time="43800.00" loaded="43329" inserted="39098" running="489" waiting="4231" ended="38609" arrived="38609" collisions="73" teleports="73" halting="6" stopped="0" meanWaitingTime="978.99" meanTravelTime="298.04" meanSpeed="20.56" meanSpeedRelative="0.64" duration="3"/>
    <step time="44100.00" loaded="43857" inserted="39541" running="515" waiting="4316" ended="39026" arrived="39026" collisions="73" teleports="73" halting="1" stopped="0" meanWaitingTime="988.72" meanTravelTime="298.60" meanSpeed="19.67" meanSpeedRelative="0.61" duration="4"/>
    <step time="44400.00" loaded="44423" inserted="40028" running="549" waiting="4395" ended="39479" arrived="39479" collisions="73" teleports="73" halting="1" stopped="0" meanWaitingTime="1001.72" meanTravelTime="299.00" meanSpeed="18.68" meanSpeedRelative="0.58" duration="5"/>
    <step time="44700.00" loaded="44964" inserted="40516" running="582" waiting="4448" ended="39934" arrived="39934" collisions="73" teleports="73" halting="7" stopped="0" meanWaitingTime="1016.25" meanTravelTime="299.40" meanSpeed="19.67" meanSpeedRelative="0.61" duration="4"/>
    <step time="45000.00" loaded="45493" inserted="40974" running="565" waiting="4519" ended="40409" arrived="40409" collisions="73" teleports="73" halting="3" stopped="0" meanWaitingTime="1029.29" meanTravelTime="300.04" meanSpeed="18.52" meanSpeedRelative="0.58" duration="4"/>
    <step time="45300.00" loaded="46031" inserted="41437" running="550" waiting="4594" ended="40887" arrived="40887" collisions="73" teleports="73" halting="3" stopped="0" meanWaitingTime="1041.74" meanTravelTime="300.90" meanSpeed="18.38" meanSpeedRelative="0.57" duration="5"/>
    <step time="45600.00" loaded="46549" inserted="41878" running="540" waiting="4671" ended="41338" arrived="41338" collisions="79" teleports="79" halting="8" stopped="0" meanWaitingTime="1054.53" meanTravelTime="301.60" meanSpeed="19.14" meanSpeedRelative="0.60" duration="5"/>
    <step time="45900.00" loaded="47109" inserted="42355" running="571" waiting="4754" ended="41784" arrived="41784" collisions="79" teleports="79" halting="9" stopped="0" meanWaitingTime="1066.91" meanTravelTime="302.16" meanSpeed="19.42" meanSpeedRelative="0.61" duration="5"/>
    <step time="46200.00" loaded="47658" inserted="42813" running="579" waiting="4845" ended="42234" arrived="42234" collisions="79" teleports="79" halting="3" stopped="0" meanWaitingTime="1079.52" meanTravelTime="302.66" meanSpeed="19.68" meanSpeedRelative="0.61" duration="4"/>
    <step time="46500.00" loaded="48165" inserted="43273" running="554" waiting="4892" ended="42719" arrived="42719" collisions="79" teleports="79" halting="5" stopped="0" meanWaitingTime="1092.25" meanTravelTime="303.43" meanSpeed="19.30" meanSpeedRelative="0.60" duration="6"/>
    <step time="46800.00" loaded="48678" inserted="43727" running="559" waiting="4951" ended="43168" arrived="43168" collisions="79" teleports="79" halting="6" stopped="0" meanWaitingTime="1104.71" meanTravelTime="304.21" meanSpeed="18.83" meanSpeedRelative="0.59" duration="93"/>
    <step time="47100.00" loaded="49193" inserted="44215" running="576" waiting="4978" ended="43639" arrived="43639" collisions="81" teleports="81" halting="5" stopped="0" meanWaitingTime="1118.40" meanTravelTime="305.12" meanSpeed="18.05" meanSpeedRelative="0.56" duration="4"/>
    <step time="47400.00" loaded="49718" inserted="44670" running="600" waiting="5048" ended="44070" arrived="44070" collisions="81" teleports="81" halting="4" stopped="0" meanWaitingTime="1130.04" meanTravelTime="305.79" meanSpeed="17.71" meanSpeedRelative="0.55" duration="4"/>
    <step time="47700.00" loaded="50246" inserted="45110" running="597" waiting="5136" ended="44513" arrived="44513" collisions="84" teleports="84" halting="7" stopped="0" meanWaitingTime="1140.69" meanTravelTime="306.65" meanSpeed="18.13" meanSpeedRelative="0.57" duration="4"/>
    <step time="48000.00" loaded="50788" inserted="45570" running="596" waiting="5218" ended="44974" arrived="44974" collisions="85" teleports="85" halting="3" stopped="0" meanWaitingTime="1152.18" meanTravelTime="307.66" meanSpeed="18.90" meanSpeedRelative="0.59" duration="4"/>
    <step time="48300.00" loaded="51329" inserted="46001" running="566" waiting="5328" ended="45435" arrived="45435" collisions="88" teleports="88" halting="4" stopped="0" meanWaitingTime="1163.68" meanTravelTime="308.45" meanSpeed="18.84" meanSpeedRelative="0.59" duration="5"/>
    <step time="48600.00" loaded="51856" inserted="46457" running="573" waiting="5399" ended="45884" arrived="45884" collisions="90" teleports="90" halting="9" stopped="0" meanWaitingTime="1176.87" meanTravelTime="309.07" meanSpeed="18.15" meanSpeedRelative="0.57" duration="5"/>
    <step time="48900.00" loaded="52413" inserted="46910" running="586" waiting="5503" ended="46324" arrived="46324" collisions="92" teleports="92" halting="11" stopped="0" meanWaitingTime="1189.20" meanTravelTime="309.77" meanSpeed="18.63" meanSpeedRelative="0.58" duration="6"/>
    <step time="49200.00" loaded="52952" inserted="47375" running="615" waiting="5577" ended="46760" arrived="46760" collisions="93" teleports="93" halting="2" stopped="0" meanWaitingTime="1202.70" meanTravelTime="310.48" meanSpeed="18.39" meanSpeedRelative="0.57" duration="5"/>
    <step time="49500.00" loaded="53465" inserted="47826" running="589" waiting="5639" ended="47237" arrived="47237" collisions="94" teleports="94" halting="6" stopped="0" meanWaitingTime="1216.33" meanTravelTime="311.29" meanSpeed="18.15" meanSpeedRelative="0.57" duration="5"/>
    <step time="49800.00" loaded="54015" inserted="48293" running="572" waiting="5722" ended="47721" arrived="47721" collisions="94" teleports="94" halting="9" stopped="0" meanWaitingTime="1228.98" meanTravelTime="312.04" meanSpeed="18.70" meanSpeedRelative="0.58" duration="4"/>
    <step time="50100.00" loaded="54625" inserted="48776" running="595" waiting="5849" ended="48181" arrived="48181" collisions="95" teleports="95" halting="3" stopped="0" meanWaitingTime="1240.47" meanTravelTime="312.78" meanSpeed="17.93" meanSpeedRelative="0.56" duration="6"/>
    <step time="50400.00" loaded="55142" inserted="49232" running="581" waiting="5910" ended="48651" arrived="48651" collisions="98" teleports="98" halting="3" stopped="0" meanWaitingTime="1254.12" meanTravelTime="313.30" meanSpeed="19.26" meanSpeedRelative="0.60" duration="96"/>
    <step time="50700.00" loaded="55856" inserted="49744" running="632" waiting="6112" ended="49112" arrived="49112" collisions="98" teleports="98" halting="4" stopped="0" meanWaitingTime="1265.93" meanTravelTime="313.78" meanSpeed="18.65" meanSpeedRelative="0.58" duration="7"/>
    <step time="51000.00" loaded="56573" inserted="50280" running="659" waiting="6293" ended="49621" arrived="49621" collisions="99" teleports="99" halting="7" stopped="0" meanWaitingTime="1280.09" meanTravelTime="314.40" meanSpeed="17.61" meanSpeedRelative="0.55" duration="5"/>
    <step time="51300.00" loaded="57315" inserted="50797" running="695" waiting="6518" ended="50102" arrived="50102" collisions="101" teleports="101" halting="15" stopped="0" meanWaitingTime="1292.28" meanTravelTime="314.95" meanSpeed="15.67" meanSpeedRelative="0.49" duration="7"/>
    <step time="51600.00" loaded="58030" inserted="51314" running="728" waiting="6716" ended="50586" arrived="50586" collisions="104" teleports="104" halting="3" stopped="0" meanWaitingTime="1301.84" meanTravelTime="316.01" meanSpeed="15.85" meanSpeedRelative="0.50" duration="6"/>
    <step time="51900.00" loaded="58751" inserted="51825" running="759" waiting="6926" ended="51066" arrived="51066" collisions="105" teleports="105" halting="7" stopped="0" meanWaitingTime="1312.64" meanTravelTime="317.04" meanSpeed="15.13" meanSpeedRelative="0.47" duration="7"/>
    <step time="52200.00" loaded="59439" inserted="52343" running="808" waiting="7096" ended="51535" arrived="51535" collisions="107" teleports="107" halting="12" stopped="0" meanWaitingTime="1323.82" meanTravelTime="318.12" meanSpeed="15.48" meanSpeedRelative="0.48" duration="8"/>
    <step time="52500.00" loaded="60159" inserted="52853" running="808" waiting="7306" ended="52045" arrived="52045" collisions="110" teleports="110" halting="15" stopped="0" meanWaitingTime="1336.35" meanTravelTime="319.46" meanSpeed="14.68" meanSpeedRelative="0.46" duration="10"/>
    <step time="52800.00" loaded="60842" inserted="53370" running="797" waiting="7472" ended="52573" arrived="52573" collisions="114" teleports="114" halting="4" stopped="0" meanWaitingTime="1347.96" meanTravelTime="321.14" meanSpeed="14.62" meanSpeedRelative="0.46" duration="8"/>
    <step time="53100.00" loaded="61574" inserted="53897" running="829" waiting="7677" ended="53068" arrived="53068" collisions="115" teleports="115" halting="8" stopped="0" meanWaitingTime="1359.95" meanTravelTime="322.54" meanSpeed="14.34" meanSpeedRelative="0.45" duration="9"/>
    <step time="53400.00" loaded="62327" inserted="54414" running="894" waiting="7913" ended="53520" arrived="53520" collisions="116" teleports="116" halting="9" stopped="0" meanWaitingTime="1373.61" meanTravelTime="323.82" meanSpeed="12.97" meanSpeedRelative="0.41" duration="10"/>
    <step time="53700.00" loaded="63030" inserted="54924" running="940" waiting="8106" ended="53984" arrived="53984" collisions="117" teleports="117" halting="14" stopped="0" meanWaitingTime="1386.94" meanTravelTime="325.33" meanSpeed="12.41" meanSpeedRelative="0.39" duration="8"/>
    <step time="54000.00" loaded="63724" inserted="55441" running="911" waiting="8283" ended="54530" arrived="54530" collisions="119" teleports="119" halting="6" stopped="0" meanWaitingTime="1402.12" meanTravelTime="327.39" meanSpeed="13.54" meanSpeedRelative="0.42" duration="97"/>
    <step time="54300.00" loaded="64167" inserted="55876" running="794" waiting="8291" ended="55082" arrived="55082" collisions="122" teleports="122" halting="9" stopped="0" meanWaitingTime="1416.35" meanTravelTime="329.56" meanSpeed="14.69" meanSpeedRelative="0.46" duration="6"/>
    <step time="54600.00" loaded="64634" inserted="56325" running="741" waiting="8309" ended="55584" arrived="55584" collisions="125" teleports="125" halting="6" stopped="0" meanWaitingTime="1431.35" meanTravelTime="331.11" meanSpeed="15.61" meanSpeedRelative="0.49" duration="6"/>
    <step time="54900.00" loaded="65059" inserted="56765" running="683" waiting="8294" ended="56082" arrived="56082" collisions="128" teleports="128" halting="6" stopped="0" meanWaitingTime="1448.23" meanTravelTime="332.66" meanSpeed="15.38" meanSpeedRelative="0.48" duration="8"/>
    <step time="55200.00" loaded="65514" inserted="57203" running="649" waiting="8311" ended="56554" arrived="56554" collisions="128" teleports="128" halting="8" stopped="0" meanWaitingTime="1466.51" meanTravelTime="333.62" meanSpeed="16.62" meanSpeedRelative="0.52" duration="8"/>
    <step time="55500.00" loaded="65977" inserted="57681" running="621" waiting="8296" ended="57060" arrived="57060" collisions="131" teleports="131" halting="6" stopped="0" meanWaitingTime="1486.39" meanTravelTime="334.49" meanSpeed="17.36" meanSpeedRelative="0.54" duration="6"/>
    <step time="55800.00" loaded="66426" inserted="58118" running="602" waiting="8308" ended="57516" arrived="57516" collisions="133" teleports="133" halting="3" stopped="0" meanWaitingTime="1505.18" meanTravelTime="335.20" meanSpeed="17.88" meanSpeedRelative="0.56" duration="8"/>
    <step time="56100.00" loaded="66881" inserted="58569" running="619" waiting="8312" ended="57950" arrived="57950" collisions="133" teleports="133" halting="4" stopped="0" meanWaitingTime="1523.75" meanTravelTime="335.64" meanSpeed="17.64" meanSpeedRelative="0.55" duration="8"/>
    <step time="56400.00" loaded="67320" inserted="59020" running="585" waiting="8300" ended="58435" arrived="58435" collisions="134" teleports="134" halting="9" stopped="0" meanWaitingTime="1541.35" meanTravelTime="336.20" meanSpeed="18.09" meanSpeedRelative="0.57" duration="5"/>
    <step time="56700.00" loaded="67789" inserted="59467" running="599" waiting="8322" ended="58868" arrived="58868" collisions="134" teleports="134" halting="7" stopped="0" meanWaitingTime="1558.07" meanTravelTime="336.57" meanSpeed="18.22" meanSpeedRelative="0.57" duration="8"/>
    <step time="57000.00" loaded="68282" inserted="59921" running="589" waiting="8361" ended="59332" arrived="59332" collisions="138" teleports="138" halting="4" stopped="0" meanWaitingTime="1576.30" meanTravelTime="337.22" meanSpeed="18.33" meanSpeedRelative="0.57" duration="8"/>
    <step time="57300.00" loaded="68719" inserted="60362" running="563" waiting="8357" ended="59799" arrived="59799" collisions="139" teleports="139" halting="5" stopped="0" meanWaitingTime="1594.78" meanTravelTime="337.59" meanSpeed="18.34" meanSpeedRelative="0.57" duration="6"/>
    <step time="57600.00" loaded="69142" inserted="60797" running="553" waiting="8345" ended="60244" arrived="60244" collisions="141" teleports="141" halting="4" stopped="0" meanWaitingTime="1614.04" meanTravelTime="337.90" meanSpeed="18.77" meanSpeedRelative="0.59" duration="88"/>
    <step time="57900.00" loaded="69691" inserted="61281" running="595" waiting="8410" ended="60686" arrived="60686" collisions="143" teleports="143" halting="3" stopped="0" meanWaitingTime="1631.69" meanTravelTime="338.20" meanSpeed="18.24" meanSpeedRelative="0.57" duration="7"/>
    <step time="58200.00" loaded="70260" inserted="61751" running="614" waiting="8509" ended="61137" arrived="61137" collisions="146" teleports="146" halting="6" stopped="0" meanWaitingTime="1650.21" meanTravelTime="338.54" meanSpeed="17.66" meanSpeedRelative="0.55" duration="5"/>
    <step time="58500.00" loaded="70837" inserted="62257" running="638" waiting="8580" ended="61619" arrived="61619" collisions="148" teleports="148" halting="9" stopped="0" meanWaitingTime="1668.24" meanTravelTime="338.75" meanSpeed="18.77" meanSpeedRelative="0.59" duration="8"/>
    <step time="58800.00" loaded="71403" inserted="62754" running="664" waiting="8649" ended="62090" arrived="62090" collisions="150" teleports="150" halting="1" stopped="0" meanWaitingTime="1684.91" meanTravelTime="339.25" meanSpeed="17.83" meanSpeedRelative="0.56" duration="9"/>
    <step time="59100.00" loaded="71949" inserted="63221" running="640" waiting="8728" ended="62581" arrived="62581" collisions="152" teleports="152" halting="3" stopped="0" meanWaitingTime="1700.07" meanTravelTime="339.69" meanSpeed="17.98" meanSpeedRelative="0.56" duration="10"/>
    <step time="59400.00" loaded="72506" inserted="63698" running="611" waiting="8808" ended="63087" arrived="63087" collisions="154" teleports="154" halting="5" stopped="0" meanWaitingTime="1716.83" meanTravelTime="340.32" meanSpeed="17.58" meanSpeedRelative="0.55" duration="9"/>
    <step time="59700.00" loaded="73080" inserted="64194" running="653" waiting="8886" ended="63541" arrived="63541" collisions="156" teleports="156" halting="10" stopped="0" meanWaitingTime="1734.00" meanTravelTime="340.72" meanSpeed="17.60" meanSpeedRelative="0.55" duration="9"/>
    <step time="60000.00" loaded="73645" inserted="64678" running="665" waiting="8967" ended="64013" arrived="64013" collisions="160" teleports="160" halting="6" stopped="0" meanWaitingTime="1751.46" meanTravelTime="341.09" meanSpeed="17.18" meanSpeedRelative="0.54" duration="9"/>
    <step time="60300.00" loaded="74169" inserted="65139" running="663" waiting="9030" ended="64476" arrived="64476" collisions="163" teleports="163" halting="9" stopped="0" meanWaitingTime="1768.65" meanTravelTime="341.45" meanSpeed="17.37" meanSpeedRelative="0.54" duration="9"/>
    <step time="60600.00" loaded="74709" inserted="65604" running="662" waiting="9105" ended="64942" arrived="64942" collisions="164" teleports="164" halting="4" stopped="0" meanWaitingTime="1784.46" meanTravelTime="341.91" meanSpeed="17.32" meanSpeedRelative="0.54" duration="7"/>
    <step time="60900.00" loaded="75280" inserted="66104" running="698" waiting="9176" ended="65406" arrived="65406" collisions="167" teleports="167" halting="7" stopped="0" meanWaitingTime="1800.83" meanTravelTime="342.33" meanSpeed="16.66" meanSpeedRelative="0.52" duration="10"/>
    <step time="61200.00" loaded="75846" inserted="66611" running="719" waiting="9235" ended="65892" arrived="65892" collisions="170" teleports="170" halting="10" stopped="0" meanWaitingTime="1816.30" meanTravelTime="343.10" meanSpeed="16.65" meanSpeedRelative="0.52" duration="84"/>
    <step time="61500.00" loaded="75923" inserted="66947" running="603" waiting="8976" ended="66344" arrived="66344" collisions="172" teleports="172" halting="5" stopped="0" meanWaitingTime="1837.16" meanTravelTime="343.91" meanSpeed="16.66" meanSpeedRelative="0.52" duration="7"/>
    <step time="61800.00" loaded="75989" inserted="67255" running="505" waiting="8734" ended="66750" arrived="66750" collisions="177" teleports="177" halting="4" stopped="0" meanWaitingTime="1856.23" meanTravelTime="344.93" meanSpeed="18.94" meanSpeedRelative="0.59" duration="9"/>
    <step time="62100.00" loaded="76073" inserted="67605" running="457" waiting="8468" ended="67148" arrived="67148" collisions="178" teleports="178" halting="8" stopped="0" meanWaitingTime="1879.02" meanTravelTime="345.61" meanSpeed="19.20" meanSpeedRelative="0.60" duration="7"/>
    <step time="62400.00" loaded="76148" inserted="67966" running="440" waiting="8182" ended="67526" arrived="67526" collisions="179" teleports="179" halting="5" stopped="0" meanWaitingTime="1903.41" meanTravelTime="345.93" meanSpeed="19.17" meanSpeedRelative="0.60" duration="4"/>
    <step time="62700.00" loaded="76219" inserted="68266" running="401" waiting="7953" ended="67865" arrived="67865" collisions="182" teleports="182" halting="2" stopped="0" meanWaitingTime="1924.28" meanTravelTime="346.23" meanSpeed="19.10" meanSpeedRelative="0.60" duration="4"/>
    <step time="63000.00" loaded="76281" inserted="68533" running="347" waiting="7748" ended="68186" arrived="68186" collisions="183" teleports="183" halting="6" stopped="0" meanWaitingTime="1941.03" meanTravelTime="346.58" meanSpeed="20.55" meanSpeedRelative="0.64" duration="5"/>
    <step time="63300.00" loaded="76362" inserted="68803" running="319" waiting="7559" ended="68484" arrived="68484" collisions="185" teleports="185" halting="10" stopped="0" meanWaitingTime="1957.86" meanTravelTime="346.71" meanSpeed="21.51" meanSpeedRelative="0.67" duration="3"/>
    <step time="63600.00" loaded="76433" inserted="69063" running="286" waiting="7370" ended="68777" arrived="68777" collisions="186" teleports="186" halting="5" stopped="0" meanWaitingTime="1981.21" meanTravelTime="346.76" meanSpeed="20.64" meanSpeedRelative="0.64" duration="3"/>
    <step time="63900.00" loaded="76515" inserted="69277" running="234" waiting="7238" ended="69043" arrived="69043" collisions="186" teleports="186" halting="4" stopped="0" meanWaitingTime="1998.01" meanTravelTime="346.76" meanSpeed="21.86" meanSpeedRelative="0.68" duration="2"/>
    <step time="64200.00" loaded="76594" inserted="69502" running="234" waiting="7092" ended="69268" arrived="69268" collisions="186" teleports="186" halting="4" stopped="0" meanWaitingTime="2017.46" meanTravelTime="346.68" meanSpeed="21.15" meanSpeedRelative="0.66" duration="4"/>
    <step time="64500.00" loaded="76681" inserted="69714" running="221" waiting="6967" ended="69493" arrived="69493" collisions="186" teleports="186" halting="6" stopped="0" meanWaitingTime="2033.74" meanTravelTime="346.57" meanSpeed="21.61" meanSpeedRelative="0.68" duration="2"/>
    <step time="64800.00" loaded="76763" inserted="69936" running="229" waiting="6827" ended="69707" arrived="69707" collisions="186" teleports="186" halting="5" stopped="0" meanWaitingTime="2051.14" meanTravelTime="346.46" meanSpeed="21.61" meanSpeedRelative="0.68" duration="94"/>
    <step time="65100.00" loaded="76821" inserted="70123" running="211" waiting="6698" ended="69912" arrived="69912" collisions="186" teleports="186" halting="4" stopped="0" meanWaitingTime="2067.22" meanTravelTime="346.38" meanSpeed="21.65" meanSpeedRelative="0.68" duration="3"/>
    <step time="65400.00" loaded="76872" inserted="70348" running="214" waiting="6524" ended="70134" arrived="70134" collisions="186" teleports="186" halting="7" stopped="0" meanWaitingTime="2090.90" meanTravelTime="346.21" meanSpeed="22.39" meanSpeedRelative="0.70" duration="3"/>
    <step time="65700.00" loaded="76916" inserted="70554" running="203" waiting="6362" ended="70351" arrived="70351" collisions="186" teleports="186" halting="10" stopped="0" meanWaitingTime="2112.63" meanTravelTime="346.08" meanSpeed="20.01" meanSpeedRelative="0.63" duration="2"/>
    <step time="66000.00" loaded="76968" inserted="70772" running="221" waiting="6196" ended="70551" arrived="70551" collisions="186" teleports="186" halting="4" stopped="0" meanWaitingTime="2132.10" meanTravelTime="345.95" meanSpeed="21.19" meanSpeedRelative="0.66" duration="3"/>
    <step time="66300.00" loaded="77042" inserted="70915" running="146" waiting="6127" ended="70769" arrived="70769" collisions="186" teleports="186" halting="3" stopped="0" meanWaitingTime="2146.20" meanTravelTime="345.89" meanSpeed="21.28" meanSpeedRelative="0.66" duration="2"/>
    <step time="66600.00" loaded="77082" inserted="71068" running="123" waiting="6014" ended="70945" arrived="70945" collisions="186" teleports="186" halting="4" stopped="0" meanWaitingTime="2167.09" meanTravelTime="345.70" meanSpeed="21.28" meanSpeedRelative="0.66" duration="2"/>
    <step time="66900.00" loaded="77130" inserted="71240" running="122" waiting="5890" ended="71118" arrived="71118" collisions="187" teleports="187" halting="1" stopped="0" meanWaitingTime="2191.17" meanTravelTime="345.43" meanSpeed="22.20" meanSpeedRelative="0.69" duration="2"/>
    <step time="67200.00" loaded="77181" inserted="71393" running="115" waiting="5788" ended="71278" arrived="71278" collisions="187" teleports="187" halting="2" stopped="0" meanWaitingTime="2211.65" meanTravelTime="345.19" meanSpeed="21.07" meanSpeedRelative="0.66" duration="2"/>
    <step time="67500.00" loaded="77236" inserted="71532" running="111" waiting="5704" ended="71421" arrived="71421" collisions="187" teleports="187" halting="3" stopped="0" meanWaitingTime="2229.68" meanTravelTime="345.00" meanSpeed="21.05" meanSpeedRelative="0.66" duration="2"/>
    <step time="67800.00" loaded="77289" inserted="71693" running="124" waiting="5596" ended="71569" arrived="71569" collisions="187" teleports="187" halting="3" stopped="0" meanWaitingTime="2250.44" meanTravelTime="344.73" meanSpeed="20.21" meanSpeedRelative="0.63" duration="3"/>
    <step time="68100.00" loaded="77329" inserted="71841" running="116" waiting="5488" ended="71725" arrived="71725" collisions="187" teleports="187" halting="1" stopped="0" meanWaitingTime="2271.30" meanTravelTime="344.50" meanSpeed="19.83" meanSpeedRelative="0.62" duration="1"/>
    <step time="68400.00" loaded="77392" inserted="72018" running="128" waiting="5374" ended="71890" arrived="71890" collisions="187" teleports="187" halting="7" stopped="0" meanWaitingTime="2294.28" meanTravelTime="344.22" meanSpeed="20.58" meanSpeedRelative="0.64" duration="90"/>
    <step time="68700.00" loaded="77573" inserted="72244" running="186" waiting="5329" ended="72058" arrived="72058" collisions="187" teleports="187" halting="7" stopped="0" meanWaitingTime="2307.89" meanTravelTime="343.97" meanSpeed="22.63" meanSpeedRelative="0.71" duration="2"/>
    <step time="69000.00" loaded="77723" inserted="72441" running="184" waiting="5282" ended="72257" arrived="72257" collisions="188" teleports="188" halting="7" stopped="0" meanWaitingTime="2323.44" meanTravelTime="343.74" meanSpeed="21.78" meanSpeedRelative="0.68" duration="2"/>
    <step time="69300.00" loaded="77895" inserted="72669" running="209" waiting="5226" ended="72460" arrived="72460" collisions="188" teleports="188" halting="2" stopped="0" meanWaitingTime="2339.53" meanTravelTime="343.51" meanSpeed="22.81" meanSpeedRelative="0.71" duration="2"/>
    <step time="69600.00" loaded="78053" inserted="72872" running="203" waiting="5181" ended="72669" arrived="72669" collisions="189" teleports="189" halting="4" stopped="0" meanWaitingTime="2353.74" meanTravelTime="343.37" meanSpeed="21.33" meanSpeedRelative="0.67" duration="2"/>
    <step time="69900.00" loaded="78215" inserted="73086" running="191" waiting="5129" ended="72895" arrived="72895" collisions="189" teleports="189" halting="6" stopped="0" meanWaitingTime="2368.86" meanTravelTime="343.15" meanSpeed="21.06" meanSpeedRelative="0.66" duration="3"/>
    <step time="70200.00" loaded="78384" inserted="73310" running="193" waiting="5074" ended="73117" arrived="73117" collisions="190" teleports="190" halting="5" stopped="0" meanWaitingTime="2384.14" meanTravelTime="342.96" meanSpeed="22.61" meanSpeedRelative="0.71" duration="2"/>
    <step time="70500.00" loaded="78544" inserted="73510" running="188" waiting="5034" ended="73322" arrived="73322" collisions="191" teleports="191" halting="2" stopped="0" meanWaitingTime="2398.82" meanTravelTime="342.76" meanSpeed="22.39" meanSpeedRelative="0.70" duration="2"/>
    <step time="70800.00" loaded="78697" inserted="73727" running="195" waiting="4970" ended="73532" arrived="73532" collisions="192" teleports="192" halting="2" stopped="0" meanWaitingTime="2414.47" meanTravelTime="342.60" meanSpeed="22.72" meanSpeedRelative="0.71" duration="2"/>
    <step time="71100.00" loaded="78849" inserted="73938" running="186" waiting="4911" ended="73752" arrived="73752" collisions="193" teleports="193" halting="5" stopped="0" meanWaitingTime="2429.92" meanTravelTime="342.35" meanSpeed="21.46" meanSpeedRelative="0.67" duration="2"/>
    <step time="71400.00" loaded="79008" inserted="74140" running="186" waiting="4868" ended="73954" arrived="73954" collisions="193" teleports="193" halting="7" stopped="0" meanWaitingTime="2445.03" meanTravelTime="342.17" meanSpeed="21.63" meanSpeedRelative="0.68" duration="2"/>
    <step time="71700.00" loaded="79145" inserted="74334" running="176" waiting="4811" ended="74158" arrived="74158" collisions="193" teleports="193" halting="1" stopped="0" meanWaitingTime="2460.60" meanTravelTime="341.97" meanSpeed="21.63" meanSpeedRelative="0.68" duration="2"/>
    <step time="72000.00" loaded="79296" inserted="74521" running="176" waiting="4775" ended="74345" arrived="74345" collisions="193" teleports="193" halting="4" stopped="0" meanWaitingTime="2472.96" meanTravelTime="341.81" meanSpeed="21.92" meanSpeedRelative="0.68" duration="86"/>
    <step time="72300.00" loaded="79413" inserted="74696" running="153" waiting="4717" ended="74543" arrived="74543" collisions="193" teleports="193" halting="8" stopped="0" meanWaitingTime="2489.95" meanTravelTime="341.62" meanSpeed="20.58" meanSpeedRelative="0.64" duration="1"/>
    <step time="72600.00" loaded="79562" inserted="74901" running="169" waiting="4661" ended="74732" arrived="74732" collisions="193" teleports="193" halting="4" stopped="0" meanWaitingTime="2506.49" meanTravelTime="341.42" meanSpeed="21.43" meanSpeedRelative="0.67" duration="2"/>
    <step time="72900.00" loaded="79697" inserted="75082" running="165" waiting="4615" ended="74917" arrived="74917" collisions="193" teleports="193" halting="6" stopped="0" meanWaitingTime="2521.47" meanTravelTime="341.23" meanSpeed="20.43" meanSpeedRelative="0.64" duration="2"/>
    <step time="73200.00" loaded="79843" inserted="75276" running="175" waiting="4567" ended="75101" arrived="75101" collisions="193" teleports="193" halting="4" stopped="0" meanWaitingTime="2538.33" meanTravelTime="340.98" meanSpeed="20.74" meanSpeedRelative="0.65" duration="3"/>
    <step time="73500.00" loaded="79981" inserted="75461" running="172" waiting="4520" ended="75289" arrived="75289" collisions="193" teleports="193" halting="5" stopped="0" meanWaitingTime="2556.34" meanTravelTime="340.77" meanSpeed="21.12" meanSpeedRelative="0.66" duration="2"/>
    <step time="73800.00" loaded="80141" inserted="75668" running="193" waiting="4473" ended="75475" arrived="75475" collisions="194" teleports="194" halting="3" stopped="0" meanWaitingTime="2571.78" meanTravelTime="340.64" meanSpeed="21.52" meanSpeedRelative="0.67" duration="2"/>
    <step time="74100.00" loaded="80273" inserted="75860" running="188" waiting="4413" ended="75672" arrived="75672" collisions="194" teleports="194" halting="4" stopped="0" meanWaitingTime="2587.77" meanTravelTime="340.46" meanSpeed="22.48" meanSpeedRelative="0.70" duration="2"/>
    <step time="74400.00" loaded="80387" inserted="76038" running="163" waiting="4349" ended="75875" arrived="75875" collisions="194" teleports="194" halting="3" stopped="0" meanWaitingTime="2605.31" meanTravelTime="340.34" meanSpeed="21.12" meanSpeedRelative="0.66" duration="2"/>
    <step time="74700.00" loaded="80516" inserted="76230" running="155" waiting="4286" ended="76075" arrived="76075" collisions="194" teleports="194" halting="10" stopped="0" meanWaitingTime="2622.05" meanTravelTime="340.18" meanSpeed="21.38" meanSpeedRelative="0.67" duration="2"/>
    <step time="75000.00" loaded="80633" inserted="76403" running="157" waiting="4230" ended="76246" arrived="76246" collisions="194" teleports="194" halting="3" stopped="0" meanWaitingTime="2640.19" meanTravelTime="339.96" meanSpeed="21.62" meanSpeedRelative="0.68" duration="1"/>
    <step time="75300.00" loaded="80768" inserted="76608" running="180" waiting="4160" ended="76428" arrived="76428" collisions="194" teleports="194" halting="2" stopped="0" meanWaitingTime="2659.29" meanTravelTime="339.78" meanSpeed="22.33" meanSpeedRelative="0.70" duration="1"/>
    <step time="75600.00" loaded="80898" inserted="76793" running="175" waiting="4105" ended="76618" arrived="76618" collisions="194" teleports="194" halting="8" stopped="0" meanWaitingTime="2676.07" meanTravelTime="339.56" meanSpeed="21.74" meanSpeedRelative="0.68" duration="85"/>
    <step time="75900.00" loaded="81098" inserted="77043" running="196" waiting="4055" ended="76847" arrived="76847" collisions="194" teleports="194" halting="3" stopped="0" meanWaitingTime="2691.71" meanTravelTime="339.34" meanSpeed="22.50" meanSpeedRelative="0.70" duration="2"/>
    <step time="76200.00" loaded="81320" inserted="77304" running="231" waiting="4016" ended="77073" arrived="77073" collisions="195" teleports="195" halting="3" stopped="0" meanWaitingTime="2709.23" meanTravelTime="339.08" meanSpeed="22.02" meanSpeedRelative="0.69" duration="3"/>
    <step time="76500.00" loaded="81512" inserted="77546" running="238" waiting="3966" ended="77308" arrived="77308" collisions="195" teleports="195" halting="6" stopped="0" meanWaitingTime="2725.01" meanTravelTime="338.91" meanSpeed="21.64" meanSpeedRelative="0.68" duration="2"/>
    <step time="76800.00" loaded="81706" inserted="77782" running="235" waiting="3924" ended="77547" arrived="77547" collisions="195" teleports="195" halting="4" stopped="0" meanWaitingTime="2740.89" meanTravelTime="338.70" meanSpeed="22.47" meanSpeedRelative="0.70" duration="2"/>
    <step time="77100.00" loaded="81891" inserted="78009" running="216" waiting="3882" ended="77793" arrived="77793" collisions="195" teleports="195" halting="5" stopped="0" meanWaitingTime="2757.44" meanTravelTime="338.60" meanSpeed="22.99" meanSpeedRelative="0.72" duration="2"/>
    <step time="77400.00" loaded="82107" inserted="78247" running="232" waiting="3860" ended="78015" arrived="78015" collisions="196" teleports="196" halting="4" stopped="0" meanWaitingTime="2773.55" meanTravelTime="338.47" meanSpeed="22.28" meanSpeedRelative="0.70" duration="2"/>
    <step time="77700.00" loaded="82310" inserted="78475" running="231" waiting="3835" ended="78244" arrived="78244" collisions="196" teleports="196" halting="6" stopped="0" meanWaitingTime="2789.16" meanTravelTime="338.35" meanSpeed="21.87" meanSpeedRelative="0.68" duration="2"/>
    <step time="78000.00" loaded="82508" inserted="78709" running="224" waiting="3799" ended="78485" arrived="78485" collisions="196" teleports="196" halting="9" stopped="0" meanWaitingTime="2805.04" meanTravelTime="338.16" meanSpeed="20.89" meanSpeedRelative="0.65" duration="2"/>
    <step time="78300.00" loaded="82686" inserted="78931" running="215" waiting="3755" ended="78716" arrived="78716" collisions="197" teleports="197" halting="5" stopped="0" meanWaitingTime="2820.90" meanTravelTime="338.08" meanSpeed="22.16" meanSpeedRelative="0.69" duration="2"/>
    <step time="78600.00" loaded="82868" inserted="79143" running="199" waiting="3725" ended="78944" arrived="78944" collisions="197" teleports="197" halting="3" stopped="0" meanWaitingTime="2834.82" meanTravelTime="337.91" meanSpeed="21.88" meanSpeedRelative="0.68" duration="1"/>
    <step time="78900.00" loaded="83026" inserted="79359" running="209" waiting="3667" ended="79150" arrived="79150" collisions="197" teleports="197" halting="10" stopped="0" meanWaitingTime="2848.33" meanTravelTime="337.74" meanSpeed="21.63" meanSpeedRelative="0.68" duration="1"/>
    <step time="79200.00" loaded="83234" inserted="79617" running="230" waiting="3617" ended="79387" arrived="79387" collisions="198" teleports="198" halting="2" stopped="0" meanWaitingTime="2860.51" meanTravelTime="337.53" meanSpeed="23.04" meanSpeedRelative="0.72" duration="84"/>
    <step time="79500.00" loaded="83433" inserted="79849" running="210" waiting="3584" ended="79639" arrived="79639" collisions="198" teleports="198" halting="3" stopped="0" meanWaitingTime="2871.09" meanTravelTime="337.35" meanSpeed="22.51" meanSpeedRelative="0.70" duration="2"/>
    <step time="79800.00" loaded="83592" inserted="80062" running="198" waiting="3530" ended="79864" arrived="79864" collisions="199" teleports="199" halting="5" stopped="0" meanWaitingTime="2883.95" meanTravelTime="337.18" meanSpeed="21.86" meanSpeedRelative="0.68" duration="2"/>
    <step time="80100.00" loaded="83782" inserted="80292" running="219" waiting="3490" ended="80073" arrived="80073" collisions="199" teleports="199" halting="6" stopped="0" meanWaitingTime="2894.62" meanTravelTime="337.03" meanSpeed="22.09" meanSpeedRelative="0.69" duration="2"/>
    <step time="80400.00" loaded="83957" inserted="80507" running="194" waiting="3450" ended="80313" arrived="80313" collisions="199" teleports="199" halting="4" stopped="0" meanWaitingTime="2904.23" meanTravelTime="336.84" meanSpeed="22.22" meanSpeedRelative="0.69" duration="2"/>
    <step time="80700.00" loaded="84139" inserted="80742" running="201" waiting="3397" ended="80541" arrived="80541" collisions="200" teleports="200" halting="4" stopped="0" meanWaitingTime="2914.68" meanTravelTime="336.69" meanSpeed="21.92" meanSpeedRelative="0.68" duration="1"/>
    <step time="81000.00" loaded="84296" inserted="80951" running="194" waiting="3345" ended="80757" arrived="80757" collisions="200" teleports="200" halting="6" stopped="0" meanWaitingTime="2925.26" meanTravelTime="336.48" meanSpeed="21.13" meanSpeedRelative="0.66" duration="2"/>
    <step time="81300.00" loaded="84466" inserted="81182" running="217" waiting="3284" ended="80965" arrived="80965" collisions="200" teleports="200" halting="9" stopped="0" meanWaitingTime="2933.92" meanTravelTime="336.32" meanSpeed="21.99" meanSpeedRelative="0.69" duration="2"/>
    <step time="81600.00" loaded="84618" inserted="81397" running="187" waiting="3221" ended="81210" arrived="81210" collisions="200" teleports="200" halting="5" stopped="0" meanWaitingTime="2944.51" meanTravelTime="336.16" meanSpeed="21.30" meanSpeedRelative="0.67" duration="2"/>
    <step time="81900.00" loaded="84816" inserted="81637" running="210" waiting="3179" ended="81427" arrived="81427" collisions="200" teleports="200" halting="1" stopped="0" meanWaitingTime="2952.36" meanTravelTime="336.05" meanSpeed="22.30" meanSpeedRelative="0.70" duration="2"/>
    <step time="82200.00" loaded="84999" inserted="81868" running="203" waiting="3131" ended="81665" arrived="81665" collisions="200" teleports="200" halting="4" stopped="0" meanWaitingTime="2961.92" meanTravelTime="335.83" meanSpeed="21.73" meanSpeedRelative="0.68" duration="1"/>
    <step time="82500.00" loaded="85184" inserted="82099" running="205" waiting="3085" ended="81894" arrived="81894" collisions="200" teleports="200" halting="4" stopped="0" meanWaitingTime="2970.82" meanTravelTime="335.66" meanSpeed="22.18" meanSpeedRelative="0.69" duration="2"/>
</summary>
